timestamp,open,high,low,close,volume
2026-03-06 04:45:00+00:00,88.05,88.12,88.02,88.09,437.947
2026-03-06 04:46:00+00:00,88.08,88.08,87.91,87.97,778.058
2026-03-06 04:47:00+00:00,87.98,88.05,87.98,88.03,365.491
2026-03-06 04:48:00+00:00,88.03,88.03,87.95,87.97,815.869
2026-03-06 04:49:00+00:00,87.97,88.06,87.97,88.06,260.23
2026-03-06 04:50:00+00:00,88.07,88.12,88.06,88.12,920.305
2026-03-06 04:51:00+00:00,88.11,88.21,88.11,88.2,1308.017
2026-03-06 04:52:00+00:00,88.2,88.2,88.14,88.2,687.964
2026-03-06 04:53:00+00:00,88.2,88.2,88.06,88.07,208.359
2026-03-06 04:54:00+00:00,88.06,88.09,88.01,88.01,214.281
2026-03-06 04:55:00+00:00,88.01,88.04,88.0,88.03,781.544
2026-03-06 04:56:00+00:00,88.03,88.08,88.0,88.07,519.783
2026-03-06 04:57:00+00:00,88.06,88.07,88.01,88.06,499.871
2026-03-06 04:58:00+00:00,88.06,88.14,88.05,88.14,363.048
2026-03-06 04:59:00+00:00,88.14,88.19,88.12,88.15,1150.283
2026-03-06 05:00:00+00:00,88.16,88.16,88.09,88.09,415.537
2026-03-06 05:01:00+00:00,88.1,88.18,88.07,88.08,573.003
2026-03-06 05:02:00+00:00,88.08,88.14,88.08,88.08,189.892
2026-03-06 05:03:00+00:00,88.07,88.1,88.02,88.05,1275.727
2026-03-06 05:04:00+00:00,88.05,88.17,88.05,88.1,780.271
2026-03-06 05:05:00+00:00,88.1,88.11,88.04,88.11,538.18
2026-03-06 05:06:00+00:00,88.11,88.12,88.08,88.09,291.087
2026-03-06 05:07:00+00:00,88.09,88.1,87.97,87.97,950.351
2026-03-06 05:08:00+00:00,87.97,88.01,87.93,87.94,2103.469
2026-03-06 05:09:00+00:00,87.94,88.05,87.93,88.03,1664.587
2026-03-06 05:10:00+00:00,88.03,88.1,88.02,88.04,351.019
2026-03-06 05:11:00+00:00,88.03,88.03,87.93,87.93,2155.887
2026-03-06 05:12:00+00:00,87.92,87.97,87.84,87.95,2873.631
2026-03-06 05:13:00+00:00,87.95,87.98,87.92,87.93,1035.463
2026-03-06 05:14:00+00:00,87.93,88.06,87.9,88.06,3118.178
2026-03-06 05:15:00+00:00,88.06,88.24,88.05,88.2,5927.354
2026-03-06 05:16:00+00:00,88.19,88.26,88.17,88.26,1422.932
2026-03-06 05:17:00+00:00,88.25,88.25,88.19,88.21,661.012
2026-03-06 05:18:00+00:00,88.21,88.21,88.11,88.14,443.537
2026-03-06 05:19:00+00:00,88.15,88.15,88.09,88.09,1258.231
2026-03-06 05:20:00+00:00,88.08,88.09,88.01,88.02,292.6
2026-03-06 05:21:00+00:00,88.01,88.07,88.0,88.04,231.041
2026-03-06 05:22:00+00:00,88.03,88.03,87.99,87.99,754.23
2026-03-06 05:23:00+00:00,87.98,87.98,87.87,87.9,1116.143
2026-03-06 05:24:00+00:00,87.9,87.91,87.75,87.88,1688.415
2026-03-06 05:25:00+00:00,87.88,87.91,87.81,87.84,528.728
2026-03-06 05:26:00+00:00,87.84,87.89,87.83,87.86,504.088
2026-03-06 05:27:00+00:00,87.86,87.9,87.84,87.9,602.303
2026-03-06 05:28:00+00:00,87.9,87.93,87.88,87.93,923.687
2026-03-06 05:29:00+00:00,87.93,87.98,87.91,87.91,1532.279
2026-03-06 05:30:00+00:00,87.91,87.91,87.82,87.88,1454.651
2026-03-06 05:31:00+00:00,87.87,87.89,87.83,87.88,749.359
2026-03-06 05:32:00+00:00,87.89,87.95,87.86,87.94,3224.346
2026-03-06 05:33:00+00:00,87.94,87.95,87.9,87.91,346.948
2026-03-06 05:34:00+00:00,87.9,87.91,87.67,87.7,4045.741
2026-03-06 05:35:00+00:00,87.7,87.8,87.62,87.8,3285.577
2026-03-06 05:36:00+00:00,87.8,87.82,87.69,87.78,1254.504
2026-03-06 05:37:00+00:00,87.78,87.88,87.77,87.85,977.387
2026-03-06 05:38:00+00:00,87.85,87.9,87.78,87.78,971.705
2026-03-06 05:39:00+00:00,87.78,87.79,87.54,87.56,2220.483
2026-03-06 05:40:00+00:00,87.56,87.65,87.55,87.56,2545.304
2026-03-06 05:41:00+00:00,87.57,87.59,87.52,87.58,2155.512
2026-03-06 05:42:00+00:00,87.59,87.6,87.51,87.54,2445.631
2026-03-06 05:43:00+00:00,87.54,87.6,87.54,87.58,831.321
2026-03-06 05:44:00+00:00,87.59,87.65,87.57,87.57,1853.28
2026-03-06 05:45:00+00:00,87.58,87.63,87.52,87.61,498.702
2026-03-06 05:46:00+00:00,87.6,87.67,87.57,87.65,1607.384
2026-03-06 05:47:00+00:00,87.65,87.66,87.59,87.62,404.276
2026-03-06 05:48:00+00:00,87.62,87.65,87.55,87.62,1012.817
2026-03-06 05:49:00+00:00,87.63,87.63,87.52,87.57,1004.233
2026-03-06 05:50:00+00:00,87.57,87.62,87.55,87.62,812.504
2026-03-06 05:51:00+00:00,87.62,87.62,87.57,87.59,593.242
2026-03-06 05:52:00+00:00,87.59,87.75,87.58,87.69,1933.135
2026-03-06 05:53:00+00:00,87.69,87.84,87.61,87.84,3078.25
2026-03-06 05:54:00+00:00,87.83,87.91,87.79,87.8,3637.345
2026-03-06 05:55:00+00:00,87.8,87.83,87.76,87.77,819.273
2026-03-06 05:56:00+00:00,87.77,87.95,87.75,87.9,4726.156
2026-03-06 05:57:00+00:00,87.9,88.04,87.85,87.91,2905.03
2026-03-06 05:58:00+00:00,87.91,87.98,87.9,87.97,838.238
2026-03-06 05:59:00+00:00,87.98,87.98,87.9,87.9,871.692
2026-03-06 06:00:00+00:00,87.89,87.93,87.86,87.89,1287.927
2026-03-06 06:01:00+00:00,87.89,87.92,87.87,87.9,538.651
2026-03-06 06:02:00+00:00,87.9,87.9,87.85,87.88,357.62
2026-03-06 06:03:00+00:00,87.88,87.89,87.82,87.82,542.736
2026-03-06 06:04:00+00:00,87.83,87.93,87.79,87.92,2183.908
2026-03-06 06:05:00+00:00,87.92,87.92,87.8,87.81,527.577
2026-03-06 06:06:00+00:00,87.8,87.81,87.73,87.79,939.537
2026-03-06 06:07:00+00:00,87.79,87.92,87.78,87.91,1383.066
2026-03-06 06:08:00+00:00,87.92,87.92,87.86,87.86,797.957
2026-03-06 06:09:00+00:00,87.86,87.86,87.71,87.79,1189.763
2026-03-06 06:10:00+00:00,87.79,87.79,87.75,87.78,208.604
2026-03-06 06:11:00+00:00,87.78,87.78,87.69,87.72,377.399
2026-03-06 06:12:00+00:00,87.72,87.72,87.69,87.72,425.847
2026-03-06 06:13:00+00:00,87.71,87.75,87.71,87.74,259.847
2026-03-06 06:14:00+00:00,87.74,87.75,87.73,87.75,116.046
2026-03-06 06:15:00+00:00,87.75,87.77,87.7,87.75,2789.078
2026-03-06 06:16:00+00:00,87.75,87.82,87.73,87.75,2953.309
2026-03-06 06:17:00+00:00,87.76,87.76,87.7,87.71,217.07
2026-03-06 06:18:00+00:00,87.7,87.77,87.67,87.75,1802.093
2026-03-06 06:19:00+00:00,87.76,87.8,87.71,87.8,722.554
2026-03-06 06:20:00+00:00,87.8,87.95,87.79,87.95,2160.578
2026-03-06 06:21:00+00:00,87.95,87.96,87.89,87.89,397.28
2026-03-06 06:22:00+00:00,87.89,87.94,87.87,87.89,1004.584
2026-03-06 06:23:00+00:00,87.89,87.92,87.84,87.9,943.256
2026-03-06 06:24:00+00:00,87.9,87.97,87.9,87.96,462.737
2026-03-06 06:25:00+00:00,87.96,87.96,87.9,87.93,459.449
2026-03-06 06:26:00+00:00,87.92,87.94,87.88,87.89,374.337
2026-03-06 06:27:00+00:00,87.89,87.92,87.87,87.87,768.79
2026-03-06 06:28:00+00:00,87.87,87.87,87.84,87.84,164.172
2026-03-06 06:29:00+00:00,87.84,87.85,87.83,87.84,269.186
2026-03-06 06:30:00+00:00,87.84,87.89,87.83,87.88,485.51
2026-03-06 06:31:00+00:00,87.87,88.0,87.87,87.97,5575.303
2026-03-06 06:32:00+00:00,87.96,87.98,87.87,87.96,1208.335
2026-03-06 06:33:00+00:00,87.96,88.02,87.92,88.01,2880.869
2026-03-06 06:34:00+00:00,88.02,88.04,87.98,87.98,1412.043
2026-03-06 06:35:00+00:00,87.98,87.98,87.9,87.91,187.018
2026-03-06 06:36:00+00:00,87.9,87.97,87.9,87.94,958.644
2026-03-06 06:37:00+00:00,87.94,87.98,87.92,87.95,1089.667
2026-03-06 06:38:00+00:00,87.96,88.07,87.95,88.06,586.245
2026-03-06 06:39:00+00:00,88.05,88.09,88.01,88.02,2046.771
2026-03-06 06:40:00+00:00,88.02,88.04,87.98,88.03,720.735
2026-03-06 06:41:00+00:00,88.03,88.11,88.02,88.1,1190.028
2026-03-06 06:42:00+00:00,88.1,88.15,88.1,88.13,1900.225
2026-03-06 06:43:00+00:00,88.13,88.23,88.1,88.19,1734.766
2026-03-06 06:44:00+00:00,88.2,88.22,88.19,88.22,659.364
2026-03-06 06:45:00+00:00,88.22,88.25,88.18,88.19,1209.438
2026-03-06 06:46:00+00:00,88.18,88.25,88.17,88.25,985.534
2026-03-06 06:47:00+00:00,88.25,88.33,88.2,88.33,2531.3
2026-03-06 06:48:00+00:00,88.32,88.44,88.32,88.41,1470.673
2026-03-06 06:49:00+00:00,88.42,88.42,88.3,88.3,1132.721
2026-03-06 06:50:00+00:00,88.29,88.29,88.23,88.24,471.935
2026-03-06 06:51:00+00:00,88.24,88.24,88.15,88.18,752.343
2026-03-06 06:52:00+00:00,88.18,88.18,88.1,88.11,991.383
2026-03-06 06:53:00+00:00,88.11,88.11,88.05,88.05,1015.636
2026-03-06 06:54:00+00:00,88.06,88.1,88.06,88.08,518.709
2026-03-06 06:55:00+00:00,88.08,88.12,88.07,88.09,484.94
2026-03-06 06:56:00+00:00,88.09,88.16,88.09,88.15,747.276
2026-03-06 06:57:00+00:00,88.15,88.16,88.11,88.13,309.064
2026-03-06 06:58:00+00:00,88.13,88.13,88.11,88.12,376.754
2026-03-06 06:59:00+00:00,88.12,88.13,88.08,88.09,1432.879
2026-03-06 07:00:00+00:00,88.09,88.16,88.09,88.13,831.769
2026-03-06 07:01:00+00:00,88.13,88.14,88.1,88.13,256.272
2026-03-06 07:02:00+00:00,88.13,88.26,88.13,88.19,2609.146
2026-03-06 07:03:00+00:00,88.19,88.25,88.14,88.24,640.301
2026-03-06 07:04:00+00:00,88.24,88.25,88.17,88.21,564.7
2026-03-06 07:05:00+00:00,88.22,88.26,88.21,88.21,1653.452
2026-03-06 07:06:00+00:00,88.21,88.25,88.19,88.2,969.487
2026-03-06 07:07:00+00:00,88.2,88.21,88.15,88.19,727.98
2026-03-06 07:08:00+00:00,88.2,88.2,88.15,88.16,1414.931
2026-03-06 07:09:00+00:00,88.15,88.15,88.06,88.06,210.94
2026-03-06 07:10:00+00:00,88.07,88.07,88.0,88.01,379.888
2026-03-06 07:11:00+00:00,88.01,88.02,87.86,87.87,2400.175
2026-03-06 07:12:00+00:00,87.86,87.87,87.8,87.87,2547.247
2026-03-06 07:13:00+00:00,87.87,87.98,87.84,87.98,800.907
2026-03-06 07:14:00+00:00,87.98,88.03,87.97,88.01,221.797
2026-03-06 07:15:00+00:00,88.02,88.08,87.99,88.03,354.713
2026-03-06 07:16:00+00:00,88.02,88.05,87.98,88.05,418.658
2026-03-06 07:17:00+00:00,88.05,88.15,88.05,88.09,552.025
2026-03-06 07:18:00+00:00,88.1,88.11,88.06,88.06,1503.762
2026-03-06 07:19:00+00:00,88.06,88.13,88.06,88.13,292.098
2026-03-06 07:20:00+00:00,88.13,88.32,88.13,88.29,1263.568
2026-03-06 07:21:00+00:00,88.28,88.29,88.22,88.26,1114.705
2026-03-06 07:22:00+00:00,88.25,88.33,88.24,88.33,301.831
2026-03-06 07:23:00+00:00,88.32,88.38,88.32,88.38,344.396
2026-03-06 07:24:00+00:00,88.37,88.39,88.36,88.37,925.25
2026-03-06 07:25:00+00:00,88.37,88.42,88.36,88.41,934.963
2026-03-06 07:26:00+00:00,88.41,88.78,88.39,88.75,16591.963
2026-03-06 07:27:00+00:00,88.74,88.75,88.62,88.73,1901.138
2026-03-06 07:28:00+00:00,88.73,88.74,88.6,88.72,3018.946
2026-03-06 07:29:00+00:00,88.73,88.73,88.67,88.68,824.814
2026-03-06 07:30:00+00:00,88.68,88.68,88.63,88.67,1336.81
2026-03-06 07:31:00+00:00,88.66,88.73,88.66,88.67,1667.164
2026-03-06 07:32:00+00:00,88.67,88.67,88.59,88.62,704.713
2026-03-06 07:33:00+00:00,88.62,88.64,88.56,88.61,854.513
2026-03-06 07:34:00+00:00,88.61,88.66,88.55,88.59,1116.312
2026-03-06 07:35:00+00:00,88.58,88.6,88.51,88.53,1163.141
2026-03-06 07:36:00+00:00,88.53,88.64,88.53,88.63,792.151
2026-03-06 07:37:00+00:00,88.62,88.63,88.58,88.58,396.645
2026-03-06 07:38:00+00:00,88.58,88.61,88.57,88.58,921.089
2026-03-06 07:39:00+00:00,88.58,88.59,88.54,88.56,397.472
2026-03-06 07:40:00+00:00,88.56,88.64,88.53,88.63,2316.844
2026-03-06 07:41:00+00:00,88.63,88.69,88.63,88.68,926.135
2026-03-06 07:42:00+00:00,88.68,88.73,88.64,88.68,1606.484
2026-03-06 07:43:00+00:00,88.68,88.71,88.66,88.66,837.479
2026-03-06 07:44:00+00:00,88.65,88.74,88.62,88.73,4253.384
2026-03-06 07:45:00+00:00,88.72,88.74,88.67,88.71,976.828
2026-03-06 07:46:00+00:00,88.7,88.92,88.7,88.85,1803.188
2026-03-06 07:47:00+00:00,88.85,88.85,88.77,88.81,1011.131
2026-03-06 07:48:00+00:00,88.81,88.81,88.72,88.73,1048.708
2026-03-06 07:49:00+00:00,88.73,88.79,88.72,88.78,840.76
2026-03-06 07:50:00+00:00,88.78,88.79,88.75,88.75,436.239
2026-03-06 07:51:00+00:00,88.75,88.76,88.7,88.71,558.007
2026-03-06 07:52:00+00:00,88.7,88.76,88.7,88.75,412.018
2026-03-06 07:53:00+00:00,88.75,88.76,88.69,88.71,807.19
2026-03-06 07:54:00+00:00,88.71,88.75,88.7,88.73,2286.688
2026-03-06 07:55:00+00:00,88.72,88.73,88.7,88.7,366.044
2026-03-06 07:56:00+00:00,88.7,88.75,88.64,88.71,990.316
2026-03-06 07:57:00+00:00,88.72,88.73,88.71,88.71,708.532
2026-03-06 07:58:00+00:00,88.71,88.73,88.65,88.69,1429.152
2026-03-06 07:59:00+00:00,88.7,88.71,88.69,88.7,433.018
2026-03-06 08:00:00+00:00,88.7,88.7,88.62,88.62,768.657
2026-03-06 08:01:00+00:00,88.62,88.63,88.5,88.53,10398.738
2026-03-06 08:02:00+00:00,88.54,88.56,88.5,88.51,631.03
2026-03-06 08:03:00+00:00,88.52,88.53,88.42,88.43,1006.536
2026-03-06 08:04:00+00:00,88.43,88.5,88.37,88.44,1682.996
2026-03-06 08:05:00+00:00,88.44,88.49,88.42,88.44,517.179
2026-03-06 08:06:00+00:00,88.44,88.49,88.42,88.47,554.413
2026-03-06 08:07:00+00:00,88.46,88.54,88.46,88.5,664.467
2026-03-06 08:08:00+00:00,88.51,88.51,88.39,88.42,1183.23
2026-03-06 08:09:00+00:00,88.42,88.44,88.4,88.43,740.313
2026-03-06 08:10:00+00:00,88.42,88.46,88.35,88.44,2298.086
2026-03-06 08:11:00+00:00,88.44,88.44,88.35,88.39,1370.315
2026-03-06 08:12:00+00:00,88.39,88.44,88.38,88.41,633.797
2026-03-06 08:13:00+00:00,88.42,88.42,88.38,88.39,500.191
2026-03-06 08:14:00+00:00,88.39,88.45,88.39,88.41,522.766
2026-03-06 08:15:00+00:00,88.4,88.42,88.37,88.4,1405.284
2026-03-06 08:16:00+00:00,88.4,88.44,88.39,88.42,262.518
2026-03-06 08:17:00+00:00,88.42,88.45,88.4,88.41,689.251
2026-03-06 08:18:00+00:00,88.42,88.42,88.33,88.38,1363.553
2026-03-06 08:19:00+00:00,88.39,88.53,88.37,88.52,1032.305
2026-03-06 08:20:00+00:00,88.52,88.53,88.44,88.49,353.567
2026-03-06 08:21:00+00:00,88.48,88.5,88.45,88.45,1146.161
2026-03-06 08:22:00+00:00,88.45,88.48,88.42,88.47,379.828
2026-03-06 08:23:00+00:00,88.47,88.47,88.4,88.45,1150.889
2026-03-06 08:24:00+00:00,88.45,88.49,88.44,88.48,290.961
2026-03-06 08:25:00+00:00,88.48,88.48,88.37,88.38,778.36
2026-03-06 08:26:00+00:00,88.39,88.42,88.38,88.4,279.858
2026-03-06 08:27:00+00:00,88.4,88.4,88.37,88.38,201.32
2026-03-06 08:28:00+00:00,88.39,88.42,88.37,88.39,206.513
2026-03-06 08:29:00+00:00,88.39,88.47,88.38,88.41,1085.874
2026-03-06 08:30:00+00:00,88.42,88.42,88.31,88.38,1037.835
2026-03-06 08:31:00+00:00,88.38,88.47,88.38,88.45,1048.535
2026-03-06 08:32:00+00:00,88.44,88.58,88.44,88.55,1021.234
2026-03-06 08:33:00+00:00,88.56,88.56,88.49,88.5,2842.695
2026-03-06 08:34:00+00:00,88.51,88.51,88.42,88.45,1119.641
2026-03-06 08:35:00+00:00,88.44,88.52,88.44,88.52,428.809
2026-03-06 08:36:00+00:00,88.51,88.53,88.47,88.47,219.937
2026-03-06 08:37:00+00:00,88.47,88.49,88.43,88.43,244.65
2026-03-06 08:38:00+00:00,88.43,88.43,88.32,88.35,646.094
2026-03-06 08:39:00+00:00,88.35,88.4,88.35,88.4,911.584
2026-03-06 08:40:00+00:00,88.4,88.58,88.4,88.55,891.51
2026-03-06 08:41:00+00:00,88.55,88.56,88.46,88.48,276.431
2026-03-06 08:42:00+00:00,88.47,88.47,88.37,88.39,515.713
2026-03-06 08:43:00+00:00,88.39,88.42,88.38,88.4,480.11
2026-03-06 08:44:00+00:00,88.4,88.45,88.4,88.44,362.05
2026-03-06 08:45:00+00:00,88.44,88.45,88.39,88.45,616.524
2026-03-06 08:46:00+00:00,88.45,88.5,88.45,88.48,242.307
2026-03-06 08:47:00+00:00,88.48,88.57,88.48,88.57,447.618
2026-03-06 08:48:00+00:00,88.57,88.59,88.5,88.5,360.829
2026-03-06 08:49:00+00:00,88.5,88.5,88.44,88.47,510.425
2026-03-06 08:50:00+00:00,88.47,88.47,88.39,88.43,929.628
2026-03-06 08:51:00+00:00,88.43,88.43,88.31,88.31,2130.935
2026-03-06 08:52:00+00:00,88.32,88.38,88.32,88.33,552.397
2026-03-06 08:53:00+00:00,88.33,88.35,88.31,88.35,603.972
2026-03-06 08:54:00+00:00,88.34,88.38,88.27,88.27,2256.476
2026-03-06 08:55:00+00:00,88.27,88.31,88.22,88.25,3790.962
2026-03-06 08:56:00+00:00,88.25,88.3,88.2,88.3,1294.512
2026-03-06 08:57:00+00:00,88.3,88.33,88.27,88.29,1272.794
2026-03-06 08:58:00+00:00,88.28,88.31,88.26,88.28,1292.095
2026-03-06 08:59:00+00:00,88.28,88.36,88.27,88.35,577.728
2026-03-06 09:00:00+00:00,88.36,88.41,88.36,88.41,677.907
2026-03-06 09:01:00+00:00,88.4,88.41,88.36,88.36,453.78
2026-03-06 09:02:00+00:00,88.37,88.43,88.37,88.4,443.975
2026-03-06 09:03:00+00:00,88.4,88.49,88.39,88.45,721.476
2026-03-06 09:04:00+00:00,88.45,88.47,88.43,88.46,1449.881
2026-03-06 09:05:00+00:00,88.45,88.47,88.29,88.3,7180.026
2026-03-06 09:06:00+00:00,88.3,88.36,88.27,88.33,817.537
2026-03-06 09:07:00+00:00,88.32,88.35,88.3,88.3,579.372
2026-03-06 09:08:00+00:00,88.31,88.33,88.16,88.18,1143.101
2026-03-06 09:09:00+00:00,88.18,88.18,88.0,88.1,4015.283
2026-03-06 09:10:00+00:00,88.1,88.1,87.89,87.92,4291.221
2026-03-06 09:11:00+00:00,87.92,87.93,87.75,87.78,7356.719
2026-03-06 09:12:00+00:00,87.78,87.87,87.77,87.81,2091.68
2026-03-06 09:13:00+00:00,87.82,87.89,87.64,87.7,8503.675
2026-03-06 09:14:00+00:00,87.71,87.79,87.71,87.79,1675.746
2026-03-06 09:15:00+00:00,87.79,87.83,87.7,87.74,1559.992
2026-03-06 09:16:00+00:00,87.75,87.75,87.64,87.74,3622.509
2026-03-06 09:17:00+00:00,87.74,87.8,87.44,87.65,12535.028
2026-03-06 09:18:00+00:00,87.65,87.75,87.61,87.68,3203.667
2026-03-06 09:19:00+00:00,87.68,87.82,87.68,87.77,3482.577
2026-03-06 09:20:00+00:00,87.78,87.78,87.66,87.69,1510.173
2026-03-06 09:21:00+00:00,87.69,87.7,87.63,87.65,2910.254
2026-03-06 09:22:00+00:00,87.64,87.65,87.54,87.55,1414.581
2026-03-06 09:23:00+00:00,87.54,87.62,87.48,87.62,2812.696
2026-03-06 09:24:00+00:00,87.61,87.64,87.54,87.54,1449.242
2026-03-06 09:25:00+00:00,87.54,87.57,87.34,87.46,4718.658
2026-03-06 09:26:00+00:00,87.46,87.49,87.34,87.34,2989.341
2026-03-06 09:27:00+00:00,87.34,87.44,87.34,87.38,2603.602
2026-03-06 09:28:00+00:00,87.37,87.42,87.34,87.41,2130.411
2026-03-06 09:29:00+00:00,87.41,87.44,87.32,87.33,5767.104
2026-03-06 09:30:00+00:00,87.34,87.43,87.23,87.39,5978.234
2026-03-06 09:31:00+00:00,87.39,87.43,87.31,87.34,1555.202
2026-03-06 09:32:00+00:00,87.34,87.41,87.33,87.34,740.819
2026-03-06 09:33:00+00:00,87.33,87.34,87.25,87.25,2088.944
2026-03-06 09:34:00+00:00,87.25,87.3,87.17,87.19,4414.129
2026-03-06 09:35:00+00:00,87.19,87.3,87.18,87.24,1547.233
2026-03-06 09:36:00+00:00,87.23,87.31,87.2,87.31,1177.7
2026-03-06 09:37:00+00:00,87.32,87.37,87.23,87.32,1104.737
2026-03-06 09:38:00+00:00,87.32,87.37,87.3,87.37,969.707
2026-03-06 09:39:00+00:00,87.38,87.42,87.27,87.27,1950.116
2026-03-06 09:40:00+00:00,87.28,87.3,87.2,87.23,1812.176
2026-03-06 09:41:00+00:00,87.24,87.33,87.23,87.32,2127.204
2026-03-06 09:42:00+00:00,87.33,87.33,87.27,87.29,2023.344
2026-03-06 09:43:00+00:00,87.3,87.39,87.27,87.38,3319.437
2026-03-06 09:44:00+00:00,87.39,87.46,87.34,87.45,1972.24
2026-03-06 09:45:00+00:00,87.45,87.51,87.41,87.5,3767.74
2026-03-06 09:46:00+00:00,87.5,87.52,87.28,87.28,4026.281
2026-03-06 09:47:00+00:00,87.29,87.36,87.25,87.28,2025.965
2026-03-06 09:48:00+00:00,87.27,87.36,87.25,87.31,995.333
2026-03-06 09:49:00+00:00,87.32,87.32,87.26,87.26,1292.018
2026-03-06 09:50:00+00:00,87.26,87.5,87.26,87.4,5064.603
2026-03-06 09:51:00+00:00,87.39,87.45,87.37,87.43,542.39
2026-03-06 09:52:00+00:00,87.44,87.51,87.43,87.48,1133.862
2026-03-06 09:53:00+00:00,87.49,87.56,87.46,87.54,952.378
2026-03-06 09:54:00+00:00,87.54,87.54,87.38,87.4,1318.934
2026-03-06 09:55:00+00:00,87.39,87.46,87.39,87.46,586.876
2026-03-06 09:56:00+00:00,87.46,87.52,87.45,87.51,469.249
2026-03-06 09:57:00+00:00,87.52,87.6,87.47,87.48,1114.826
2026-03-06 09:58:00+00:00,87.48,87.51,87.47,87.51,664.649
2026-03-06 09:59:00+00:00,87.5,87.5,87.48,87.5,739.67
2026-03-06 10:00:00+00:00,87.5,87.56,87.43,87.55,3976.765
2026-03-06 10:01:00+00:00,87.55,87.56,87.43,87.44,3020.907
2026-03-06 10:02:00+00:00,87.44,87.47,87.41,87.42,1460.53
2026-03-06 10:03:00+00:00,87.43,87.57,87.43,87.54,2113.946
2026-03-06 10:04:00+00:00,87.54,87.63,87.52,87.62,1388.585
2026-03-06 10:05:00+00:00,87.62,87.65,87.58,87.62,3496.969
2026-03-06 10:06:00+00:00,87.62,87.63,87.56,87.56,736.767
2026-03-06 10:07:00+00:00,87.55,87.62,87.52,87.59,661.591
2026-03-06 10:08:00+00:00,87.59,87.65,87.58,87.61,728.543
2026-03-06 10:09:00+00:00,87.62,87.69,87.59,87.69,1331.463
2026-03-06 10:10:00+00:00,87.69,87.73,87.65,87.73,995.483
2026-03-06 10:11:00+00:00,87.72,87.73,87.72,87.72,665.683
2026-03-06 10:12:00+00:00,87.73,87.8,87.72,87.74,1789.359
2026-03-06 10:13:00+00:00,87.74,87.75,87.7,87.72,965.255
2026-03-06 10:14:00+00:00,87.72,87.79,87.71,87.79,1346.447
2026-03-06 10:15:00+00:00,87.78,87.8,87.69,87.69,669.063
2026-03-06 10:16:00+00:00,87.69,87.78,87.67,87.77,832.398
2026-03-06 10:17:00+00:00,87.77,87.8,87.75,87.8,1021.502
2026-03-06 10:18:00+00:00,87.81,87.86,87.74,87.78,1853.821
2026-03-06 10:19:00+00:00,87.77,87.77,87.73,87.74,282.63
2026-03-06 10:20:00+00:00,87.74,87.8,87.71,87.71,678.849
2026-03-06 10:21:00+00:00,87.71,87.78,87.7,87.72,693.727
2026-03-06 10:22:00+00:00,87.72,87.78,87.7,87.74,502.355
2026-03-06 10:23:00+00:00,87.74,87.79,87.72,87.79,630.619
2026-03-06 10:24:00+00:00,87.79,87.81,87.75,87.79,1837.445
2026-03-06 10:25:00+00:00,87.8,87.8,87.71,87.77,905.018
2026-03-06 10:26:00+00:00,87.77,87.85,87.77,87.84,736.993
2026-03-06 10:27:00+00:00,87.83,87.83,87.73,87.74,2219.027
2026-03-06 10:28:00+00:00,87.75,87.78,87.72,87.78,1204.376
2026-03-06 10:29:00+00:00,87.78,87.92,87.77,87.9,1616.722
2026-03-06 10:30:00+00:00,87.9,87.92,87.79,87.79,2424.2
2026-03-06 10:31:00+00:00,87.78,87.9,87.78,87.89,1218.999
2026-03-06 10:32:00+00:00,87.89,87.89,87.78,87.81,2094.072
2026-03-06 10:33:00+00:00,87.82,87.82,87.67,87.67,1840.315
2026-03-06 10:34:00+00:00,87.67,87.73,87.66,87.67,403.708
2026-03-06 10:35:00+00:00,87.66,87.67,87.58,87.6,504.274
2026-03-06 10:36:00+00:00,87.6,87.68,87.58,87.68,683.684
2026-03-06 10:37:00+00:00,87.68,87.69,87.66,87.68,520.042
2026-03-06 10:38:00+00:00,87.69,87.7,87.67,87.68,763.656
2026-03-06 10:39:00+00:00,87.68,87.7,87.67,87.67,361.448
2026-03-06 10:40:00+00:00,87.68,87.74,87.68,87.69,623.945
2026-03-06 10:41:00+00:00,87.69,87.71,87.67,87.68,299.636
2026-03-06 10:42:00+00:00,87.69,87.69,87.62,87.62,1433.617
2026-03-06 10:43:00+00:00,87.63,87.66,87.62,87.64,533.137
2026-03-06 10:44:00+00:00,87.65,87.67,87.64,87.66,359.946
2026-03-06 10:45:00+00:00,87.66,87.67,87.64,87.65,221.706
2026-03-06 10:46:00+00:00,87.65,87.7,87.63,87.69,399.407
2026-03-06 10:47:00+00:00,87.69,87.75,87.69,87.75,2164.578
2026-03-06 10:48:00+00:00,87.74,87.78,87.71,87.71,634.863
2026-03-06 10:49:00+00:00,87.72,87.72,87.66,87.66,475.142
2026-03-06 10:50:00+00:00,87.66,87.7,87.53,87.56,5811.399
2026-03-06 10:51:00+00:00,87.56,87.65,87.56,87.63,2132.65
2026-03-06 10:52:00+00:00,87.62,87.81,87.62,87.81,918.596
2026-03-06 10:53:00+00:00,87.82,87.91,87.82,87.89,2993.917
2026-03-06 10:54:00+00:00,87.89,87.96,87.83,87.83,2152.874
2026-03-06 10:55:00+00:00,87.82,87.82,87.78,87.82,419.16
2026-03-06 10:56:00+00:00,87.82,87.82,87.76,87.77,220.439
2026-03-06 10:57:00+00:00,87.77,87.83,87.76,87.77,579.13
2026-03-06 10:58:00+00:00,87.77,87.78,87.67,87.7,885.769
2026-03-06 10:59:00+00:00,87.69,87.73,87.69,87.71,417.733
2026-03-06 11:00:00+00:00,87.7,87.73,87.63,87.69,1118.289
2026-03-06 11:01:00+00:00,87.68,87.71,87.66,87.68,967.5
2026-03-06 11:02:00+00:00,87.68,87.69,87.65,87.67,256.749
2026-03-06 11:03:00+00:00,87.67,87.67,87.62,87.64,490.159
2026-03-06 11:04:00+00:00,87.64,87.64,87.55,87.61,3832.708
2026-03-06 11:05:00+00:00,87.61,87.64,87.54,87.54,812.47
2026-03-06 11:06:00+00:00,87.54,87.61,87.53,87.59,1159.335
2026-03-06 11:07:00+00:00,87.6,87.68,87.6,87.64,957.415
2026-03-06 11:08:00+00:00,87.65,87.67,87.62,87.63,867.356
2026-03-06 11:09:00+00:00,87.63,87.78,87.63,87.68,3276.175
2026-03-06 11:10:00+00:00,87.67,87.7,87.62,87.66,1241.071
2026-03-06 11:11:00+00:00,87.66,87.81,87.64,87.81,982.716
2026-03-06 11:12:00+00:00,87.81,88.0,87.81,87.93,1756.894
2026-03-06 11:13:00+00:00,87.92,87.96,87.89,87.95,1254.773
2026-03-06 11:14:00+00:00,87.95,87.95,87.89,87.89,587.111
2026-03-06 11:15:00+00:00,87.9,87.9,87.8,87.8,283.716
2026-03-06 11:16:00+00:00,87.81,87.85,87.81,87.85,657.531
2026-03-06 11:17:00+00:00,87.84,87.87,87.81,87.84,530.402
2026-03-06 11:18:00+00:00,87.84,87.84,87.78,87.8,725.689
2026-03-06 11:19:00+00:00,87.8,87.83,87.8,87.82,387.205
2026-03-06 11:20:00+00:00,87.81,87.85,87.78,87.85,853.525
2026-03-06 11:21:00+00:00,87.84,87.87,87.82,87.82,606.831
2026-03-06 11:22:00+00:00,87.81,87.82,87.78,87.78,604.306
2026-03-06 11:23:00+00:00,87.78,87.79,87.69,87.71,529.11
2026-03-06 11:24:00+00:00,87.71,87.81,87.71,87.75,887.345
2026-03-06 11:25:00+00:00,87.75,87.76,87.73,87.76,233.984
2026-03-06 11:26:00+00:00,87.76,87.83,87.75,87.79,1171.747
2026-03-06 11:27:00+00:00,87.8,87.84,87.78,87.8,552.07
2026-03-06 11:28:00+00:00,87.79,87.84,87.79,87.84,325.232
2026-03-06 11:29:00+00:00,87.84,87.84,87.83,87.84,59.807
2026-03-06 11:30:00+00:00,87.84,87.85,87.81,87.85,566.744
2026-03-06 11:31:00+00:00,87.85,87.88,87.84,87.86,2019.25
2026-03-06 11:32:00+00:00,87.85,87.85,87.82,87.84,229.927
2026-03-06 11:33:00+00:00,87.84,87.84,87.76,87.77,625.522
2026-03-06 11:34:00+00:00,87.76,87.76,87.68,87.72,364.413
2026-03-06 11:35:00+00:00,87.73,87.79,87.7,87.79,883.564
2026-03-06 11:36:00+00:00,87.78,87.83,87.75,87.78,496.421
2026-03-06 11:37:00+00:00,87.78,87.79,87.76,87.77,188.383
2026-03-06 11:38:00+00:00,87.76,87.85,87.76,87.84,320.522
2026-03-06 11:39:00+00:00,87.84,87.85,87.81,87.81,338.24
2026-03-06 11:40:00+00:00,87.82,87.84,87.81,87.83,1012.852
2026-03-06 11:41:00+00:00,87.82,87.82,87.66,87.68,559.911
2026-03-06 11:42:00+00:00,87.68,87.68,87.47,87.47,1978.51
2026-03-06 11:43:00+00:00,87.46,87.56,87.45,87.49,971.78
2026-03-06 11:44:00+00:00,87.48,87.57,87.48,87.52,735.016
2026-03-06 11:45:00+00:00,87.52,87.55,87.3,87.34,10502.876
2026-03-06 11:46:00+00:00,87.33,87.39,87.3,87.32,2518.282
2026-03-06 11:47:00+00:00,87.31,87.31,87.24,87.31,2727.829
2026-03-06 11:48:00+00:00,87.3,87.32,87.26,87.29,698.8
2026-03-06 11:49:00+00:00,87.28,87.31,87.25,87.27,1026.306
2026-03-06 11:50:00+00:00,87.28,87.31,87.25,87.27,1247.389
2026-03-06 11:51:00+00:00,87.26,87.27,87.12,87.15,3495.164
2026-03-06 11:52:00+00:00,87.14,87.22,87.13,87.19,2369.059
2026-03-06 11:53:00+00:00,87.2,87.26,87.2,87.23,1395.384
2026-03-06 11:54:00+00:00,87.24,87.25,87.22,87.24,579.92
2026-03-06 11:55:00+00:00,87.25,87.25,87.17,87.18,1699.404
2026-03-06 11:56:00+00:00,87.18,87.18,87.1,87.13,1701.312
2026-03-06 11:57:00+00:00,87.13,87.2,87.13,87.19,338.653
2026-03-06 11:58:00+00:00,87.19,87.26,87.19,87.25,596.146
2026-03-06 11:59:00+00:00,87.25,87.28,87.22,87.26,2446.6
2026-03-06 12:00:00+00:00,87.25,87.27,87.19,87.23,2093.735
2026-03-06 12:01:00+00:00,87.22,87.25,87.11,87.23,2399.613
2026-03-06 12:02:00+00:00,87.23,87.23,87.12,87.13,1037.044
2026-03-06 12:03:00+00:00,87.12,87.16,87.0,87.08,11007.693
2026-03-06 12:04:00+00:00,87.08,87.12,87.06,87.11,2022.454
2026-03-06 12:05:00+00:00,87.11,87.16,87.1,87.14,1092.268
2026-03-06 12:06:00+00:00,87.14,87.15,87.02,87.05,812.717
2026-03-06 12:07:00+00:00,87.05,87.05,86.79,86.8,10096.761
2026-03-06 12:08:00+00:00,86.8,86.93,86.77,86.78,4288.932
2026-03-06 12:09:00+00:00,86.79,86.8,86.41,86.45,21803.617
2026-03-06 12:10:00+00:00,86.44,86.45,86.29,86.35,10242.995
2026-03-06 12:11:00+00:00,86.35,86.37,86.31,86.33,3586.448
2026-03-06 12:12:00+00:00,86.34,86.52,86.33,86.52,2675.942
2026-03-06 12:13:00+00:00,86.51,86.66,86.51,86.6,2442.982
2026-03-06 12:14:00+00:00,86.6,86.64,86.56,86.62,1585.388
2026-03-06 12:15:00+00:00,86.62,86.77,86.62,86.74,2822.321
2026-03-06 12:16:00+00:00,86.74,86.85,86.71,86.81,3158.859
2026-03-06 12:17:00+00:00,86.8,86.86,86.79,86.82,2388.417
2026-03-06 12:18:00+00:00,86.83,87.02,86.82,87.02,2985.031
2026-03-06 12:19:00+00:00,87.01,87.12,86.97,87.08,2960.778
2026-03-06 12:20:00+00:00,87.08,87.11,87.04,87.07,2843.39
2026-03-06 12:21:00+00:00,87.07,87.07,86.99,87.0,2354.528
2026-03-06 12:22:00+00:00,86.99,87.02,86.97,86.99,5552.003
2026-03-06 12:23:00+00:00,86.99,87.04,86.97,87.01,983.761
2026-03-06 12:24:00+00:00,87.01,87.04,86.99,87.0,1232.059
2026-03-06 12:25:00+00:00,87.0,87.02,86.95,86.97,554.145
2026-03-06 12:26:00+00:00,86.96,87.03,86.94,86.94,2841.771
2026-03-06 12:27:00+00:00,86.94,86.95,86.83,86.85,1911.685
2026-03-06 12:28:00+00:00,86.84,86.98,86.83,86.86,7988.732
2026-03-06 12:29:00+00:00,86.87,86.88,86.79,86.8,2830.671
2026-03-06 12:30:00+00:00,86.81,86.89,86.81,86.84,1131.915
2026-03-06 12:31:00+00:00,86.84,86.84,86.58,86.63,5227.57
2026-03-06 12:32:00+00:00,86.63,86.69,86.56,86.58,2042.864
2026-03-06 12:33:00+00:00,86.59,86.6,86.49,86.49,3247.942
2026-03-06 12:34:00+00:00,86.49,86.56,86.46,86.47,3252.366
2026-03-06 12:35:00+00:00,86.47,86.48,86.28,86.32,5840.308
2026-03-06 12:36:00+00:00,86.33,86.35,86.22,86.35,4202.025
2026-03-06 12:37:00+00:00,86.34,86.37,86.3,86.34,3269.544
2026-03-06 12:38:00+00:00,86.33,86.35,86.17,86.33,12984.081
2026-03-06 12:39:00+00:00,86.33,86.37,86.26,86.32,3770.316
2026-03-06 12:40:00+00:00,86.32,86.32,86.24,86.25,1274.484
2026-03-06 12:41:00+00:00,86.25,86.43,86.2,86.39,3555.288
2026-03-06 12:42:00+00:00,86.39,86.42,86.26,86.27,2496.701
2026-03-06 12:43:00+00:00,86.27,86.34,86.27,86.31,1963.142
2026-03-06 12:44:00+00:00,86.31,86.31,86.22,86.24,2581.144
2026-03-06 12:45:00+00:00,86.23,86.31,86.23,86.24,1146.472
2026-03-06 12:46:00+00:00,86.24,86.3,86.04,86.16,8229.805
2026-03-06 12:47:00+00:00,86.16,86.16,85.9,86.03,12782.368
2026-03-06 12:48:00+00:00,86.03,86.24,86.03,86.14,4027.852
2026-03-06 12:49:00+00:00,86.14,86.27,86.14,86.27,1834.592
2026-03-06 12:50:00+00:00,86.27,86.41,86.26,86.39,2493.857
2026-03-06 12:51:00+00:00,86.38,86.39,86.29,86.31,1854.524
2026-03-06 12:52:00+00:00,86.3,86.5,86.3,86.49,2208.941
2026-03-06 12:53:00+00:00,86.48,86.48,86.35,86.35,879.917
2026-03-06 12:54:00+00:00,86.35,86.39,86.34,86.38,1538.055
2026-03-06 12:55:00+00:00,86.38,86.55,86.37,86.51,2458.06
2026-03-06 12:56:00+00:00,86.52,86.65,86.52,86.62,4391.425
2026-03-06 12:57:00+00:00,86.62,86.64,86.57,86.6,852.981
2026-03-06 12:58:00+00:00,86.6,86.6,86.53,86.55,1528.256
2026-03-06 12:59:00+00:00,86.55,86.55,86.46,86.47,5230.331
2026-03-06 13:00:00+00:00,86.47,86.63,86.47,86.59,5947.857
2026-03-06 13:01:00+00:00,86.59,86.61,86.54,86.59,2965.802
2026-03-06 13:02:00+00:00,86.59,86.59,86.45,86.56,1459.764
2026-03-06 13:03:00+00:00,86.56,86.59,86.52,86.53,264.962
2026-03-06 13:04:00+00:00,86.53,86.66,86.52,86.63,919.336
2026-03-06 13:05:00+00:00,86.63,86.65,86.58,86.59,2089.443
2026-03-06 13:06:00+00:00,86.58,86.66,86.58,86.63,1147.875
2026-03-06 13:07:00+00:00,86.64,86.69,86.6,86.63,1894.495
2026-03-06 13:08:00+00:00,86.64,86.64,86.5,86.53,2685.58
2026-03-06 13:09:00+00:00,86.54,86.6,86.52,86.6,3305.637
2026-03-06 13:10:00+00:00,86.59,86.68,86.59,86.67,1440.098
2026-03-06 13:11:00+00:00,86.66,86.67,86.58,86.65,2162.872
2026-03-06 13:12:00+00:00,86.65,86.7,86.62,86.64,986.372
2026-03-06 13:13:00+00:00,86.64,86.67,86.59,86.66,901.416
2026-03-06 13:14:00+00:00,86.66,86.66,86.54,86.56,2123.163
2026-03-06 13:15:00+00:00,86.57,86.61,86.54,86.61,501.01
2026-03-06 13:16:00+00:00,86.61,86.68,86.58,86.67,1064.188
2026-03-06 13:17:00+00:00,86.68,86.68,86.55,86.55,919.016
2026-03-06 13:18:00+00:00,86.56,86.58,86.47,86.58,2825.051
2026-03-06 13:19:00+00:00,86.58,86.68,86.56,86.62,780.272
2026-03-06 13:20:00+00:00,86.63,86.63,86.42,86.43,2074.841
2026-03-06 13:21:00+00:00,86.42,86.49,86.29,86.47,3275.938
2026-03-06 13:22:00+00:00,86.47,86.53,86.43,86.47,3260.82
2026-03-06 13:23:00+00:00,86.47,86.48,86.35,86.39,2292.823
2026-03-06 13:24:00+00:00,86.4,86.59,86.39,86.55,2140.729
2026-03-06 13:25:00+00:00,86.55,86.86,86.51,86.63,7120.086
2026-03-06 13:26:00+00:00,86.63,86.67,86.55,86.58,3450.323
2026-03-06 13:27:00+00:00,86.58,86.68,86.55,86.68,2520.069
2026-03-06 13:28:00+00:00,86.67,86.74,86.56,86.6,1960.888
2026-03-06 13:29:00+00:00,86.59,86.6,86.48,86.48,2072.337
2026-03-06 13:30:00+00:00,86.47,86.62,85.92,86.46,54779.042
2026-03-06 13:31:00+00:00,86.45,86.58,86.25,86.45,7674.52
2026-03-06 13:32:00+00:00,86.45,86.71,86.35,86.64,3220.762
2026-03-06 13:33:00+00:00,86.65,86.94,86.56,86.69,10102.413
2026-03-06 13:34:00+00:00,86.68,86.88,86.6,86.88,5757.713
2026-03-06 13:35:00+00:00,86.87,87.1,86.78,86.92,14016.18
2026-03-06 13:36:00+00:00,86.91,86.91,86.75,86.79,4984.683
2026-03-06 13:37:00+00:00,86.79,86.85,86.7,86.8,4036.802
2026-03-06 13:38:00+00:00,86.8,86.85,86.77,86.79,4070.837
2026-03-06 13:39:00+00:00,86.79,86.8,86.66,86.72,2264.024
2026-03-06 13:40:00+00:00,86.71,86.71,86.5,86.55,1728.567
2026-03-06 13:41:00+00:00,86.55,86.63,86.55,86.61,1148.752
2026-03-06 13:42:00+00:00,86.6,86.68,86.56,86.65,3079.772
2026-03-06 13:43:00+00:00,86.65,86.75,86.59,86.75,2116.882
2026-03-06 13:44:00+00:00,86.75,86.79,86.68,86.79,1221.991
2026-03-06 13:45:00+00:00,86.78,86.83,86.57,86.57,4753.166
2026-03-06 13:46:00+00:00,86.57,86.69,86.54,86.57,2765.705
2026-03-06 13:47:00+00:00,86.58,86.61,86.5,86.58,1836.066
2026-03-06 13:48:00+00:00,86.58,86.71,86.53,86.71,1713.727
2026-03-06 13:49:00+00:00,86.7,86.75,86.67,86.68,1147.156
2026-03-06 13:50:00+00:00,86.69,86.75,86.51,86.52,3341.574
2026-03-06 13:51:00+00:00,86.53,86.66,86.49,86.52,4263.737
2026-03-06 13:52:00+00:00,86.53,86.68,86.43,86.6,5894.848
2026-03-06 13:53:00+00:00,86.6,86.61,86.53,86.57,1023.101
2026-03-06 13:54:00+00:00,86.58,86.66,86.57,86.65,1616.795
2026-03-06 13:55:00+00:00,86.66,86.66,85.95,85.95,33167.828
2026-03-06 13:56:00+00:00,85.95,85.97,85.73,85.91,15441.003
2026-03-06 13:57:00+00:00,85.9,85.94,85.66,85.69,7924.592
2026-03-06 13:58:00+00:00,85.69,85.8,85.67,85.77,4843.458
2026-03-06 13:59:00+00:00,85.78,85.78,85.5,85.59,35934.33
2026-03-06 14:00:00+00:00,85.59,85.63,85.16,85.24,27525.019
2026-03-06 14:01:00+00:00,85.24,85.59,85.14,85.43,12402.048
2026-03-06 14:02:00+00:00,85.43,85.64,85.38,85.59,6018.056
2026-03-06 14:03:00+00:00,85.58,85.72,85.57,85.69,8863.787
2026-03-06 14:04:00+00:00,85.68,85.75,85.54,85.67,7263.147
2026-03-06 14:05:00+00:00,85.67,85.67,85.48,85.5,3475.813
2026-03-06 14:06:00+00:00,85.49,85.57,85.4,85.56,5639.248
2026-03-06 14:07:00+00:00,85.55,85.56,85.47,85.5,3761.46
2026-03-06 14:08:00+00:00,85.5,85.53,85.33,85.39,4143.44
2026-03-06 14:09:00+00:00,85.39,85.42,85.02,85.08,13402.451
2026-03-06 14:10:00+00:00,85.09,85.15,84.92,85.08,29589.211
2026-03-06 14:11:00+00:00,85.09,85.15,84.88,85.15,7294.741
2026-03-06 14:12:00+00:00,85.14,85.17,84.99,85.07,6673.007
2026-03-06 14:13:00+00:00,85.07,85.11,85.02,85.03,4187.347
2026-03-06 14:14:00+00:00,85.02,85.26,85.01,85.16,2740.419
2026-03-06 14:15:00+00:00,85.15,85.19,84.96,85.09,4276.621
2026-03-06 14:16:00+00:00,85.08,85.11,85.01,85.07,2463.701
2026-03-06 14:17:00+00:00,85.07,85.33,85.01,85.21,3906.887
2026-03-06 14:18:00+00:00,85.21,85.33,85.19,85.33,1904.51
2026-03-06 14:19:00+00:00,85.32,85.36,85.24,85.3,2380.01
2026-03-06 14:20:00+00:00,85.29,85.29,85.18,85.24,1955.957
2026-03-06 14:21:00+00:00,85.25,85.34,85.22,85.27,2150.236
2026-03-06 14:22:00+00:00,85.28,85.31,85.23,85.25,1345.61
2026-03-06 14:23:00+00:00,85.25,85.26,85.11,85.2,2157.851
2026-03-06 14:24:00+00:00,85.2,85.35,85.16,85.28,2363.098
2026-03-06 14:25:00+00:00,85.28,85.3,85.11,85.21,2315.785
2026-03-06 14:26:00+00:00,85.21,85.34,85.19,85.27,3635.288
2026-03-06 14:27:00+00:00,85.27,85.27,85.15,85.22,2606.942
2026-03-06 14:28:00+00:00,85.22,85.33,85.19,85.3,4827.13
2026-03-06 14:29:00+00:00,85.3,85.3,85.18,85.18,1406.922
2026-03-06 14:30:00+00:00,85.18,85.4,85.07,85.23,6459.282
2026-03-06 14:31:00+00:00,85.23,85.24,84.92,84.94,23228.995
2026-03-06 14:32:00+00:00,84.94,85.09,84.8,85.03,19408.936
2026-03-06 14:33:00+00:00,85.04,85.11,84.9,84.95,3519.755
2026-03-06 14:34:00+00:00,84.95,85.0,84.82,84.86,3753.393
2026-03-06 14:35:00+00:00,84.87,84.93,84.55,84.66,17473.953
2026-03-06 14:36:00+00:00,84.65,84.66,84.42,84.44,14072.71
2026-03-06 14:37:00+00:00,84.45,84.62,84.25,84.28,8930.635
2026-03-06 14:38:00+00:00,84.28,84.68,84.26,84.65,6692.504
2026-03-06 14:39:00+00:00,84.64,84.7,84.48,84.57,7649.473
2026-03-06 14:40:00+00:00,84.58,84.79,84.56,84.58,4940.141
2026-03-06 14:41:00+00:00,84.57,84.77,84.52,84.76,14271.748
2026-03-06 14:42:00+00:00,84.75,84.77,84.47,84.57,3951.791
2026-03-06 14:43:00+00:00,84.56,84.8,84.56,84.6,6086.091
2026-03-06 14:44:00+00:00,84.6,84.82,84.6,84.73,4894.551
2026-03-06 14:45:00+00:00,84.73,84.99,84.67,84.77,5755.56
2026-03-06 14:46:00+00:00,84.77,84.77,84.57,84.61,4829.601
2026-03-06 14:47:00+00:00,84.61,84.61,84.34,84.48,6607.176
2026-03-06 14:48:00+00:00,84.48,84.54,84.41,84.51,5798.12
2026-03-06 14:49:00+00:00,84.51,84.57,84.39,84.43,4093.119
2026-03-06 14:50:00+00:00,84.43,84.54,84.3,84.47,11412.731
2026-03-06 14:51:00+00:00,84.47,84.57,84.36,84.39,5719.131
2026-03-06 14:52:00+00:00,84.39,84.43,84.19,84.34,11922.473
2026-03-06 14:53:00+00:00,84.33,84.43,84.3,84.35,3320.967
2026-03-06 14:54:00+00:00,84.35,84.37,84.22,84.24,3831.793
2026-03-06 14:55:00+00:00,84.25,84.38,84.18,84.37,3764.093
2026-03-06 14:56:00+00:00,84.37,84.42,84.28,84.38,3771.719
2026-03-06 14:57:00+00:00,84.39,84.44,84.13,84.13,3119.199
2026-03-06 14:58:00+00:00,84.14,84.2,84.08,84.1,5628.879
2026-03-06 14:59:00+00:00,84.11,84.39,83.96,84.34,30045.83
2026-03-06 15:00:00+00:00,84.34,84.54,84.33,84.41,8375.643
2026-03-06 15:01:00+00:00,84.41,84.51,84.34,84.39,13961.534
2026-03-06 15:02:00+00:00,84.39,84.74,84.39,84.62,5536.26
2026-03-06 15:03:00+00:00,84.62,84.68,84.52,84.58,3887.911
2026-03-06 15:04:00+00:00,84.58,84.61,84.38,84.52,3894.667
2026-03-06 15:05:00+00:00,84.53,84.6,84.39,84.49,2419.842
2026-03-06 15:06:00+00:00,84.5,84.59,84.43,84.47,2042.01
2026-03-06 15:07:00+00:00,84.47,84.48,84.22,84.31,3832.225
2026-03-06 15:08:00+00:00,84.31,84.47,84.24,84.4,3788.878
2026-03-06 15:09:00+00:00,84.41,84.41,84.2,84.21,2813.07
2026-03-06 15:10:00+00:00,84.21,84.41,84.21,84.31,3716.657
2026-03-06 15:11:00+00:00,84.32,84.4,84.28,84.39,2285.54
2026-03-06 15:12:00+00:00,84.39,84.6,84.37,84.55,1978.934
2026-03-06 15:13:00+00:00,84.55,84.65,84.51,84.65,2811.073
2026-03-06 15:14:00+00:00,84.66,84.69,84.51,84.65,2235.851
2026-03-06 15:15:00+00:00,84.65,84.8,84.63,84.73,2585.489
2026-03-06 15:16:00+00:00,84.73,84.75,84.65,84.73,4085.474
2026-03-06 15:17:00+00:00,84.73,84.94,84.72,84.93,4261.977
2026-03-06 15:18:00+00:00,84.92,84.99,84.87,84.97,9382.205
2026-03-06 15:19:00+00:00,84.98,85.07,84.95,85.04,5299.666
2026-03-06 15:20:00+00:00,85.04,85.1,84.97,84.97,5797.685
2026-03-06 15:21:00+00:00,84.97,85.16,84.93,85.14,4153.522
2026-03-06 15:22:00+00:00,85.13,85.15,85.01,85.13,3922.458
2026-03-06 15:23:00+00:00,85.13,85.24,85.12,85.18,6343.141
2026-03-06 15:24:00+00:00,85.17,85.33,85.17,85.25,4700.428
2026-03-06 15:25:00+00:00,85.25,85.26,85.12,85.17,1740.289
2026-03-06 15:26:00+00:00,85.16,85.16,85.02,85.02,2547.24
2026-03-06 15:27:00+00:00,85.03,85.06,84.93,84.98,6020.624
2026-03-06 15:28:00+00:00,84.99,85.0,84.88,84.91,2942.049
2026-03-06 15:29:00+00:00,84.9,84.96,84.82,84.95,4393.552
2026-03-06 15:30:00+00:00,84.95,85.17,84.94,85.01,3906.085
2026-03-06 15:31:00+00:00,85.01,85.25,85.0,85.18,8163.679
2026-03-06 15:32:00+00:00,85.18,85.2,85.02,85.08,2318.123
2026-03-06 15:33:00+00:00,85.08,85.08,84.93,85.02,1953.891
2026-03-06 15:34:00+00:00,85.01,85.02,84.9,85.0,1661.449
2026-03-06 15:35:00+00:00,85.01,85.09,84.97,85.08,1302.26
2026-03-06 15:36:00+00:00,85.08,85.2,85.07,85.14,1738.367
2026-03-06 15:37:00+00:00,85.13,85.23,85.03,85.23,2163.274
2026-03-06 15:38:00+00:00,85.23,85.3,85.13,85.17,3028.698
2026-03-06 15:39:00+00:00,85.17,85.18,85.01,85.07,3843.67
2026-03-06 15:40:00+00:00,85.07,85.07,84.96,84.99,2342.254
2026-03-06 15:41:00+00:00,85.0,85.0,84.88,84.95,2559.145
2026-03-06 15:42:00+00:00,84.94,84.99,84.91,84.96,1746.02
2026-03-06 15:43:00+00:00,84.95,84.99,84.78,84.79,3284.55
2026-03-06 15:44:00+00:00,84.79,84.84,84.77,84.81,2259.362
2026-03-06 15:45:00+00:00,84.81,84.83,84.67,84.69,3632.621
2026-03-06 15:46:00+00:00,84.69,84.76,84.68,84.74,3543.886
2026-03-06 15:47:00+00:00,84.74,84.83,84.74,84.8,1077.796
2026-03-06 15:48:00+00:00,84.79,84.8,84.71,84.74,1302.358
2026-03-06 15:49:00+00:00,84.75,84.76,84.67,84.7,1817.098
2026-03-06 15:50:00+00:00,84.7,84.71,84.45,84.47,13421.375
2026-03-06 15:51:00+00:00,84.46,84.46,84.23,84.23,11046.358
2026-03-06 15:52:00+00:00,84.23,84.32,84.22,84.28,4009.321
2026-03-06 15:53:00+00:00,84.28,84.39,84.26,84.35,5680.379
2026-03-06 15:54:00+00:00,84.35,84.43,84.34,84.4,1242.436
2026-03-06 15:55:00+00:00,84.41,84.59,84.39,84.58,5479.808
2026-03-06 15:56:00+00:00,84.58,84.68,84.55,84.67,1858.083
2026-03-06 15:57:00+00:00,84.66,84.74,84.63,84.64,4440.879
2026-03-06 15:58:00+00:00,84.63,84.66,84.55,84.66,5075.826
2026-03-06 15:59:00+00:00,84.66,84.69,84.59,84.65,1787.077
2026-03-06 16:00:00+00:00,84.65,84.65,84.53,84.59,1868.47
2026-03-06 16:01:00+00:00,84.6,84.66,84.54,84.57,2591.274
2026-03-06 16:02:00+00:00,84.58,84.62,84.49,84.6,1749.369
2026-03-06 16:03:00+00:00,84.6,84.79,84.59,84.79,2064.352
2026-03-06 16:04:00+00:00,84.79,84.99,84.79,84.97,4275.274
2026-03-06 16:05:00+00:00,84.96,85.01,84.9,84.91,7516.984
2026-03-06 16:06:00+00:00,84.9,85.02,84.77,84.77,2445.389
2026-03-06 16:07:00+00:00,84.78,84.86,84.64,84.74,2597.447
2026-03-06 16:08:00+00:00,84.74,84.75,84.61,84.61,1488.654
2026-03-06 16:09:00+00:00,84.61,84.61,84.45,84.45,1450.129
2026-03-06 16:10:00+00:00,84.46,84.54,84.39,84.41,4089.262
2026-03-06 16:11:00+00:00,84.4,84.41,84.27,84.33,3531.942
2026-03-06 16:12:00+00:00,84.33,84.4,84.29,84.4,1208.858
2026-03-06 16:13:00+00:00,84.39,84.5,84.36,84.47,1358.932
2026-03-06 16:14:00+00:00,84.47,84.48,84.41,84.42,1991.597
2026-03-06 16:15:00+00:00,84.42,84.51,84.4,84.43,1298.898
2026-03-06 16:16:00+00:00,84.44,84.63,84.41,84.45,1073.166
2026-03-06 16:17:00+00:00,84.45,84.54,84.42,84.42,1117.985
2026-03-06 16:18:00+00:00,84.42,84.52,84.42,84.5,1052.234
2026-03-06 16:19:00+00:00,84.5,84.65,84.49,84.59,2767.529
2026-03-06 16:20:00+00:00,84.6,84.61,84.47,84.53,1023.35
2026-03-06 16:21:00+00:00,84.53,84.6,84.41,84.53,2358.991
2026-03-06 16:22:00+00:00,84.53,84.57,84.42,84.54,1522.529
2026-03-06 16:23:00+00:00,84.54,84.56,84.47,84.48,818.18
2026-03-06 16:24:00+00:00,84.48,84.7,84.48,84.65,2123.288
2026-03-06 16:25:00+00:00,84.66,84.7,84.58,84.62,2332.466
2026-03-06 16:26:00+00:00,84.62,84.65,84.58,84.62,1106.135
2026-03-06 16:27:00+00:00,84.62,84.72,84.59,84.66,2176.324
2026-03-06 16:28:00+00:00,84.66,84.69,84.59,84.64,1215.017
2026-03-06 16:29:00+00:00,84.64,84.65,84.62,84.64,1208.657
2026-03-06 16:30:00+00:00,84.65,84.71,84.6,84.62,2226.664
2026-03-06 16:31:00+00:00,84.62,84.77,84.61,84.73,3317.135
2026-03-06 16:32:00+00:00,84.72,84.78,84.68,84.76,1378.127
2026-03-06 16:33:00+00:00,84.76,84.76,84.59,84.68,2055.986
2026-03-06 16:34:00+00:00,84.68,84.68,84.46,84.53,2608.275
2026-03-06 16:35:00+00:00,84.53,84.63,84.51,84.58,1698.16
2026-03-06 16:36:00+00:00,84.58,84.71,84.58,84.7,853.946
2026-03-06 16:37:00+00:00,84.71,84.85,84.71,84.78,1435.179
2026-03-06 16:38:00+00:00,84.78,84.98,84.78,84.91,3018.83
2026-03-06 16:39:00+00:00,84.91,84.96,84.87,84.93,2507.491
2026-03-06 16:40:00+00:00,84.93,84.94,84.82,84.84,1969.617
2026-03-06 16:41:00+00:00,84.85,84.87,84.67,84.72,4362.523
2026-03-06 16:42:00+00:00,84.72,84.72,84.66,84.7,3028.25
2026-03-06 16:43:00+00:00,84.71,84.77,84.7,84.75,1471.465
2026-03-06 16:44:00+00:00,84.76,84.76,84.63,84.68,3486.32
2026-03-06 16:45:00+00:00,84.67,84.73,84.64,84.69,1323.224
2026-03-06 16:46:00+00:00,84.68,84.77,84.65,84.7,1894.198
2026-03-06 16:47:00+00:00,84.69,84.72,84.6,84.61,1787.045
2026-03-06 16:48:00+00:00,84.61,84.66,84.53,84.65,2770.145
2026-03-06 16:49:00+00:00,84.64,84.72,84.64,84.66,675.739
2026-03-06 16:50:00+00:00,84.66,84.72,84.65,84.67,1342.186
2026-03-06 16:51:00+00:00,84.66,84.73,84.66,84.7,346.809
2026-03-06 16:52:00+00:00,84.7,84.72,84.53,84.54,3440.939
2026-03-06 16:53:00+00:00,84.53,84.55,84.41,84.46,3045.405
2026-03-06 16:54:00+00:00,84.47,84.47,84.17,84.19,6847.038
2026-03-06 16:55:00+00:00,84.2,84.31,84.14,84.3,2767.483
2026-03-06 16:56:00+00:00,84.3,84.3,84.1,84.2,2385.664
2026-03-06 16:57:00+00:00,84.19,84.4,84.18,84.34,1709.988
2026-03-06 16:58:00+00:00,84.34,84.42,84.29,84.36,1582.501
2026-03-06 16:59:00+00:00,84.37,84.42,84.34,84.36,5041.04
2026-03-06 17:00:00+00:00,84.36,84.44,84.34,84.42,4443.991
2026-03-06 17:01:00+00:00,84.42,84.46,84.4,84.45,1560.919
2026-03-06 17:02:00+00:00,84.45,84.45,84.26,84.31,3579.523
2026-03-06 17:03:00+00:00,84.31,84.46,84.25,84.44,2761.533
2026-03-06 17:04:00+00:00,84.45,84.6,84.43,84.49,4417.249
2026-03-06 17:05:00+00:00,84.48,84.5,84.37,84.37,2819.246
2026-03-06 17:06:00+00:00,84.36,84.39,84.29,84.29,2245.033
2026-03-06 17:07:00+00:00,84.29,84.31,84.22,84.28,1258.56
2026-03-06 17:08:00+00:00,84.27,84.33,84.27,84.29,962.498
2026-03-06 17:09:00+00:00,84.29,84.44,84.28,84.4,1224.882
2026-03-06 17:10:00+00:00,84.4,84.44,84.38,84.4,728.469
2026-03-06 17:11:00+00:00,84.4,84.46,84.36,84.44,6059.57
2026-03-06 17:12:00+00:00,84.45,84.47,84.4,84.42,2309.553
2026-03-06 17:13:00+00:00,84.41,84.54,84.41,84.46,2094.87
2026-03-06 17:14:00+00:00,84.47,84.47,84.4,84.4,993.2
2026-03-06 17:15:00+00:00,84.4,84.43,84.4,84.4,21227.878
2026-03-06 17:16:00+00:00,84.4,84.41,84.16,84.32,20270.167
2026-03-06 17:17:00+00:00,84.32,84.45,84.32,84.44,3172.554
2026-03-06 17:18:00+00:00,84.44,84.51,84.33,84.34,2135.799
2026-03-06 17:19:00+00:00,84.34,84.49,84.33,84.49,1960.499
2026-03-06 17:20:00+00:00,84.48,84.58,84.44,84.46,2384.253
2026-03-06 17:21:00+00:00,84.47,84.49,84.41,84.43,3041.768
2026-03-06 17:22:00+00:00,84.43,84.69,84.43,84.63,1935.39
2026-03-06 17:23:00+00:00,84.63,84.67,84.53,84.55,1089.115
2026-03-06 17:24:00+00:00,84.55,84.55,84.37,84.39,2281.746
2026-03-06 17:25:00+00:00,84.39,84.4,84.2,84.23,3248.909
2026-03-06 17:26:00+00:00,84.22,84.26,84.15,84.18,3584.885
2026-03-06 17:27:00+00:00,84.19,84.29,84.14,84.27,4487.836
2026-03-06 17:28:00+00:00,84.28,84.42,84.28,84.37,1261.36
2026-03-06 17:29:00+00:00,84.37,84.4,84.29,84.31,2367.204
2026-03-06 17:30:00+00:00,84.32,84.37,84.31,84.35,934.06
2026-03-06 17:31:00+00:00,84.35,84.35,84.25,84.31,1161.861
2026-03-06 17:32:00+00:00,84.3,84.31,84.18,84.3,3106.375
2026-03-06 17:33:00+00:00,84.31,84.36,84.22,84.25,1859.874
2026-03-06 17:34:00+00:00,84.24,84.25,84.12,84.13,2494.874
2026-03-06 17:35:00+00:00,84.12,84.14,84.04,84.09,3739.019
2026-03-06 17:36:00+00:00,84.09,84.14,83.91,83.92,15349.546
2026-03-06 17:37:00+00:00,83.92,83.97,83.8,83.83,22906.709
2026-03-06 17:38:00+00:00,83.82,83.83,83.64,83.71,12952.731
2026-03-06 17:39:00+00:00,83.72,83.86,83.7,83.83,1573.29
2026-03-06 17:40:00+00:00,83.82,83.88,83.75,83.75,1702.82
2026-03-06 17:41:00+00:00,83.76,83.81,83.74,83.76,2375.288
2026-03-06 17:42:00+00:00,83.76,83.8,83.71,83.75,932.782
2026-03-06 17:43:00+00:00,83.75,83.83,83.73,83.82,1015.77
2026-03-06 17:44:00+00:00,83.83,83.9,83.8,83.87,1284.379
2026-03-06 17:45:00+00:00,83.88,83.93,83.87,83.91,3441.883
2026-03-06 17:46:00+00:00,83.91,83.97,83.87,83.93,1853.646
2026-03-06 17:47:00+00:00,83.94,84.03,83.94,84.01,3818.4
2026-03-06 17:48:00+00:00,84.01,84.07,84.01,84.06,3327.665
2026-03-06 17:49:00+00:00,84.05,84.14,84.05,84.13,1599.677
2026-03-06 17:50:00+00:00,84.14,84.23,84.13,84.19,1576.909
2026-03-06 17:51:00+00:00,84.19,84.19,84.09,84.12,4314.425
2026-03-06 17:52:00+00:00,84.12,84.14,84.06,84.12,1586.646
2026-03-06 17:53:00+00:00,84.12,84.16,84.11,84.13,1260.054
2026-03-06 17:54:00+00:00,84.13,84.19,84.12,84.16,867.626
2026-03-06 17:55:00+00:00,84.15,84.22,84.15,84.2,1283.52
2026-03-06 17:56:00+00:00,84.2,84.29,84.18,84.26,1233.442
2026-03-06 17:57:00+00:00,84.27,84.3,84.24,84.25,881.902
2026-03-06 17:58:00+00:00,84.25,84.25,84.19,84.24,963.743
2026-03-06 17:59:00+00:00,84.24,84.25,84.2,84.21,510.355
2026-03-06 18:00:00+00:00,84.21,84.31,84.18,84.31,1268.966
2026-03-06 18:01:00+00:00,84.32,84.64,84.31,84.62,4200.422
2026-03-06 18:02:00+00:00,84.62,84.65,84.57,84.61,1482.574
2026-03-06 18:03:00+00:00,84.6,84.6,84.52,84.54,1061.483
2026-03-06 18:04:00+00:00,84.54,84.57,84.41,84.47,1921.238
2026-03-06 18:05:00+00:00,84.48,84.61,84.48,84.61,912.569
2026-03-06 18:06:00+00:00,84.61,84.7,84.56,84.57,1535.555
2026-03-06 18:07:00+00:00,84.57,84.64,84.55,84.62,830.756
2026-03-06 18:08:00+00:00,84.62,84.68,84.58,84.64,763.581
2026-03-06 18:09:00+00:00,84.63,84.66,84.58,84.61,1423.866
2026-03-06 18:10:00+00:00,84.6,84.65,84.57,84.58,2035.691
2026-03-06 18:11:00+00:00,84.57,84.69,84.54,84.68,557.965
2026-03-06 18:12:00+00:00,84.68,84.77,84.68,84.71,1383.642
2026-03-06 18:13:00+00:00,84.71,84.85,84.69,84.8,1656.844
2026-03-06 18:14:00+00:00,84.8,84.81,84.76,84.81,2583.431
2026-03-06 18:15:00+00:00,84.8,84.83,84.77,84.8,929.255
2026-03-06 18:16:00+00:00,84.8,84.86,84.71,84.72,2336.132
2026-03-06 18:17:00+00:00,84.72,84.79,84.67,84.78,1388.363
2026-03-06 18:18:00+00:00,84.79,84.83,84.76,84.79,1477.575
2026-03-06 18:19:00+00:00,84.79,84.79,84.73,84.76,2517.69
2026-03-06 18:20:00+00:00,84.76,84.79,84.71,84.75,1416.225
2026-03-06 18:21:00+00:00,84.75,84.78,84.71,84.77,1186.939
2026-03-06 18:22:00+00:00,84.78,84.81,84.68,84.7,1079.43
2026-03-06 18:23:00+00:00,84.71,84.82,84.7,84.76,2638.883
2026-03-06 18:24:00+00:00,84.77,84.79,84.73,84.79,1449.139
2026-03-06 18:25:00+00:00,84.79,84.87,84.76,84.84,2612.39
2026-03-06 18:26:00+00:00,84.83,84.88,84.78,84.84,2494.088
2026-03-06 18:27:00+00:00,84.84,84.84,84.79,84.79,1423.905
2026-03-06 18:28:00+00:00,84.79,84.83,84.79,84.8,1757.231
2026-03-06 18:29:00+00:00,84.79,84.83,84.77,84.82,2352.29
2026-03-06 18:30:00+00:00,84.82,84.9,84.79,84.87,2122.518
2026-03-06 18:31:00+00:00,84.87,85.04,84.87,85.0,5885.09
2026-03-06 18:32:00+00:00,85.0,85.07,84.98,85.07,3430.242
2026-03-06 18:33:00+00:00,85.06,85.1,85.02,85.1,3559.002
2026-03-06 18:34:00+00:00,85.09,85.19,85.09,85.17,2915.409
2026-03-06 18:35:00+00:00,85.16,85.16,85.07,85.14,1404.949
2026-03-06 18:36:00+00:00,85.13,85.17,85.11,85.13,2207.309
2026-03-06 18:37:00+00:00,85.13,85.17,85.08,85.11,2004.48
2026-03-06 18:38:00+00:00,85.11,85.17,85.1,85.14,1052.543
2026-03-06 18:39:00+00:00,85.14,85.21,85.14,85.17,1196.79
2026-03-06 18:40:00+00:00,85.17,85.25,85.17,85.24,1531.912
2026-03-06 18:41:00+00:00,85.24,85.26,85.21,85.23,3136.94
2026-03-06 18:42:00+00:00,85.23,85.33,85.23,85.27,4602.311
2026-03-06 18:43:00+00:00,85.27,85.29,85.23,85.29,1725.35
2026-03-06 18:44:00+00:00,85.29,85.35,85.27,85.35,1675.067
2026-03-06 18:45:00+00:00,85.34,85.36,85.24,85.33,2679.499
2026-03-06 18:46:00+00:00,85.33,85.63,85.33,85.53,23011.723
2026-03-06 18:47:00+00:00,85.53,85.59,85.46,85.52,3541.559
2026-03-06 18:48:00+00:00,85.52,85.55,85.42,85.44,2763.826
2026-03-06 18:49:00+00:00,85.44,85.56,85.44,85.56,2071.967
2026-03-06 18:50:00+00:00,85.55,85.59,85.45,85.45,2609.465
2026-03-06 18:51:00+00:00,85.45,85.49,85.23,85.29,4112.601
2026-03-06 18:52:00+00:00,85.28,85.43,85.27,85.41,2180.798
2026-03-06 18:53:00+00:00,85.41,85.45,85.4,85.43,1363.249
2026-03-06 18:54:00+00:00,85.43,85.43,85.3,85.36,3044.727
2026-03-06 18:55:00+00:00,85.36,85.4,85.34,85.39,1486.712
2026-03-06 18:56:00+00:00,85.39,85.41,85.34,85.36,1790.921
2026-03-06 18:57:00+00:00,85.36,85.45,85.36,85.42,2030.444
2026-03-06 18:58:00+00:00,85.42,85.42,85.33,85.35,2089.453
2026-03-06 18:59:00+00:00,85.36,85.4,85.27,85.28,2605.479
2026-03-06 19:00:00+00:00,85.27,85.4,85.27,85.4,1424.349
2026-03-06 19:01:00+00:00,85.41,85.45,85.35,85.41,1408.174
2026-03-06 19:02:00+00:00,85.4,85.4,85.34,85.37,2174.93
2026-03-06 19:03:00+00:00,85.36,85.38,85.33,85.36,1022.726
2026-03-06 19:04:00+00:00,85.35,85.35,85.28,85.29,620.344
2026-03-06 19:05:00+00:00,85.29,85.31,85.22,85.3,1578.016
2026-03-06 19:06:00+00:00,85.3,85.33,85.28,85.28,875.637
2026-03-06 19:07:00+00:00,85.29,85.37,85.29,85.36,1256.089
2026-03-06 19:08:00+00:00,85.37,85.4,85.34,85.36,529.092
2026-03-06 19:09:00+00:00,85.36,85.44,85.35,85.42,765.778
2026-03-06 19:10:00+00:00,85.41,85.45,85.4,85.43,1228.175
2026-03-06 19:11:00+00:00,85.44,85.46,85.4,85.43,2263.166
2026-03-06 19:12:00+00:00,85.44,85.46,85.4,85.44,616.894
2026-03-06 19:13:00+00:00,85.44,85.6,85.44,85.59,1705.316
2026-03-06 19:14:00+00:00,85.59,85.6,85.54,85.59,2325.022
2026-03-06 19:15:00+00:00,85.59,85.61,85.55,85.58,1328.647
2026-03-06 19:16:00+00:00,85.58,85.62,85.57,85.61,650.974
2026-03-06 19:17:00+00:00,85.61,85.67,85.59,85.62,2803.143
2026-03-06 19:18:00+00:00,85.62,85.65,85.56,85.61,1038.95
2026-03-06 19:19:00+00:00,85.61,85.9,85.61,85.85,2450.599
2026-03-06 19:20:00+00:00,85.85,85.85,85.68,85.69,1599.707
2026-03-06 19:21:00+00:00,85.69,85.71,85.51,85.61,5640.165
2026-03-06 19:22:00+00:00,85.6,85.6,85.55,85.55,1626.254
2026-03-06 19:23:00+00:00,85.56,85.69,85.52,85.67,1860.498
2026-03-06 19:24:00+00:00,85.66,85.67,85.57,85.57,1408.033
2026-03-06 19:25:00+00:00,85.56,85.57,85.47,85.48,2480.202
2026-03-06 19:26:00+00:00,85.48,85.53,85.45,85.49,1497.095
2026-03-06 19:27:00+00:00,85.49,85.54,85.46,85.47,3235.466
2026-03-06 19:28:00+00:00,85.47,85.47,85.42,85.43,838.947
2026-03-06 19:29:00+00:00,85.42,85.6,85.42,85.6,1660.527
2026-03-06 19:30:00+00:00,85.59,85.59,85.52,85.53,1000.186
2026-03-06 19:31:00+00:00,85.53,85.54,85.49,85.51,1090.251
2026-03-06 19:32:00+00:00,85.51,85.51,85.42,85.46,1117.256
2026-03-06 19:33:00+00:00,85.46,85.52,85.44,85.45,679.254
2026-03-06 19:34:00+00:00,85.44,85.5,85.41,85.42,3189.949
2026-03-06 19:35:00+00:00,85.42,85.48,85.42,85.47,688.965
2026-03-06 19:36:00+00:00,85.47,85.52,85.44,85.52,876.132
2026-03-06 19:37:00+00:00,85.51,85.51,85.44,85.46,1020.007
2026-03-06 19:38:00+00:00,85.46,85.46,85.33,85.39,1472.874
2026-03-06 19:39:00+00:00,85.38,85.42,85.3,85.39,3338.872
2026-03-06 19:40:00+00:00,85.39,85.51,85.38,85.51,972.466
2026-03-06 19:41:00+00:00,85.51,85.54,85.47,85.53,878.886
2026-03-06 19:42:00+00:00,85.53,85.56,85.45,85.46,981.09
2026-03-06 19:43:00+00:00,85.47,85.49,85.42,85.44,1236.462
2026-03-06 19:44:00+00:00,85.45,85.45,85.32,85.33,786.867
2026-03-06 19:45:00+00:00,85.32,85.33,85.26,85.3,1520.902
2026-03-06 19:46:00+00:00,85.3,85.31,85.21,85.29,1430.065
2026-03-06 19:47:00+00:00,85.29,85.29,85.18,85.21,2627.685
2026-03-06 19:48:00+00:00,85.22,85.31,85.22,85.27,640.766
2026-03-06 19:49:00+00:00,85.27,85.33,85.26,85.27,1092.151
2026-03-06 19:50:00+00:00,85.26,85.3,85.26,85.29,841.393
2026-03-06 19:51:00+00:00,85.29,85.29,85.21,85.23,424.04
2026-03-06 19:52:00+00:00,85.23,85.24,85.16,85.23,1292.212
2026-03-06 19:53:00+00:00,85.22,85.24,85.15,85.18,2343.993
2026-03-06 19:54:00+00:00,85.18,85.22,85.18,85.18,505.014
2026-03-06 19:55:00+00:00,85.19,85.23,85.17,85.23,1773.546
2026-03-06 19:56:00+00:00,85.23,85.27,85.23,85.26,836.144
2026-03-06 19:57:00+00:00,85.26,85.26,85.21,85.22,349.324
2026-03-06 19:58:00+00:00,85.21,85.26,85.21,85.26,627.567
2026-03-06 19:59:00+00:00,85.26,85.26,85.21,85.21,472.834
2026-03-06 20:00:00+00:00,85.21,85.26,85.2,85.25,1562.773
2026-03-06 20:01:00+00:00,85.26,85.4,85.25,85.39,1033.917
2026-03-06 20:02:00+00:00,85.4,85.47,85.37,85.37,1163.827
2026-03-06 20:03:00+00:00,85.38,85.39,85.34,85.38,538.444
2026-03-06 20:04:00+00:00,85.39,85.39,85.31,85.32,2472.839
2026-03-06 20:05:00+00:00,85.33,85.38,85.29,85.32,408.466
2026-03-06 20:06:00+00:00,85.32,85.36,85.3,85.3,462.795
2026-03-06 20:07:00+00:00,85.29,85.36,85.28,85.31,507.032
2026-03-06 20:08:00+00:00,85.32,85.32,85.23,85.27,1347.606
2026-03-06 20:09:00+00:00,85.27,85.3,85.26,85.3,637.171
2026-03-06 20:10:00+00:00,85.29,85.34,85.22,85.22,1307.581
2026-03-06 20:11:00+00:00,85.22,85.22,85.12,85.12,1803.747
2026-03-06 20:12:00+00:00,85.13,85.16,85.05,85.06,4163.194
2026-03-06 20:13:00+00:00,85.05,85.1,85.04,85.1,1460.353
2026-03-06 20:14:00+00:00,85.1,85.12,85.06,85.1,829.02
2026-03-06 20:15:00+00:00,85.1,85.1,85.0,85.04,3228.251
2026-03-06 20:16:00+00:00,85.04,85.09,85.03,85.04,822.492
2026-03-06 20:17:00+00:00,85.05,85.11,85.01,85.04,2458.129
2026-03-06 20:18:00+00:00,85.04,85.07,84.95,84.98,2109.169
2026-03-06 20:19:00+00:00,84.98,85.0,84.93,84.94,1345.134
2026-03-06 20:20:00+00:00,84.94,84.97,84.86,84.93,1506.079
2026-03-06 20:21:00+00:00,84.94,84.95,84.82,84.92,3518.378
2026-03-06 20:22:00+00:00,84.92,84.96,84.87,84.88,2174.125
2026-03-06 20:23:00+00:00,84.89,84.93,84.88,84.91,554.263
2026-03-06 20:24:00+00:00,84.91,85.04,84.9,84.95,1649.18
2026-03-06 20:25:00+00:00,84.94,84.95,84.81,84.87,2657.895
2026-03-06 20:26:00+00:00,84.87,84.88,84.73,84.75,2960.852
2026-03-06 20:27:00+00:00,84.76,84.8,84.73,84.74,695.713
2026-03-06 20:28:00+00:00,84.75,84.77,84.73,84.74,831.687
2026-03-06 20:29:00+00:00,84.73,84.74,84.7,84.71,1926.602
2026-03-06 20:30:00+00:00,84.7,84.73,84.67,84.73,1911.769
2026-03-06 20:31:00+00:00,84.73,84.73,84.69,84.71,1728.11
2026-03-06 20:32:00+00:00,84.7,84.71,84.66,84.71,754.873
2026-03-06 20:33:00+00:00,84.7,84.7,84.63,84.67,1145.803
2026-03-06 20:34:00+00:00,84.67,84.68,84.61,84.62,739.083
2026-03-06 20:35:00+00:00,84.62,84.66,84.56,84.66,1144.594
2026-03-06 20:36:00+00:00,84.66,84.67,84.64,84.64,566.662
2026-03-06 20:37:00+00:00,84.65,84.7,84.61,84.63,3107.841
2026-03-06 20:38:00+00:00,84.63,84.66,84.58,84.6,974.35
2026-03-06 20:39:00+00:00,84.6,84.84,84.6,84.79,2306.468
2026-03-06 20:40:00+00:00,84.78,85.06,84.75,85.05,2858.001
2026-03-06 20:41:00+00:00,85.04,85.06,84.92,84.97,964.363
2026-03-06 20:42:00+00:00,84.97,84.99,84.92,84.95,662.459
2026-03-06 20:43:00+00:00,84.95,84.99,84.94,84.98,833.456
2026-03-06 20:44:00+00:00,84.97,84.98,84.91,84.93,777.762
2026-03-06 20:45:00+00:00,84.94,84.97,84.93,84.95,475.923
2026-03-06 20:46:00+00:00,84.96,84.99,84.91,84.96,868.258
2026-03-06 20:47:00+00:00,84.95,85.01,84.94,84.99,3942.419
2026-03-06 20:48:00+00:00,84.99,84.99,84.93,84.94,460.765
2026-03-06 20:49:00+00:00,84.93,85.05,84.93,85.04,499.717
2026-03-06 20:50:00+00:00,85.04,85.07,84.98,85.04,2833.495
2026-03-06 20:51:00+00:00,85.03,85.06,84.99,85.03,424.496
2026-03-06 20:52:00+00:00,85.03,85.07,85.02,85.06,1099.996
2026-03-06 20:53:00+00:00,85.07,85.12,85.02,85.02,1545.668
2026-03-06 20:54:00+00:00,85.02,85.13,85.02,85.1,2120.378
2026-03-06 20:55:00+00:00,85.1,85.11,85.01,85.04,1800.006
2026-03-06 20:56:00+00:00,85.04,85.06,85.01,85.04,291.219
2026-03-06 20:57:00+00:00,85.03,85.1,85.03,85.09,1079.064
2026-03-06 20:58:00+00:00,85.08,85.09,85.05,85.06,1004.694
2026-03-06 20:59:00+00:00,85.06,85.1,84.95,85.01,7280.519
2026-03-06 21:00:00+00:00,85.0,85.07,85.0,85.07,1364.549
2026-03-06 21:01:00+00:00,85.06,85.11,84.96,85.02,1425.173
2026-03-06 21:02:00+00:00,85.02,85.04,85.01,85.03,678.03
2026-03-06 21:03:00+00:00,85.03,85.03,85.01,85.02,430.022
2026-03-06 21:04:00+00:00,85.02,85.04,84.98,85.02,2817.167
2026-03-06 21:05:00+00:00,85.02,85.02,84.99,85.0,205.216
2026-03-06 21:06:00+00:00,85.0,85.02,84.98,85.01,561.44
2026-03-06 21:07:00+00:00,85.01,85.01,84.96,84.99,420.994
2026-03-06 21:08:00+00:00,84.98,85.01,84.89,84.91,999.515
2026-03-06 21:09:00+00:00,84.9,84.93,84.9,84.91,297.331
2026-03-06 21:10:00+00:00,84.92,84.92,84.85,84.89,344.469
2026-03-06 21:11:00+00:00,84.89,84.89,84.88,84.89,111.048
2026-03-06 21:12:00+00:00,84.89,84.89,84.87,84.88,80.352
2026-03-06 21:13:00+00:00,84.88,84.93,84.87,84.88,248.495
2026-03-06 21:14:00+00:00,84.88,84.88,84.85,84.87,543.532
2026-03-06 21:15:00+00:00,84.87,84.9,84.85,84.87,1258.637
2026-03-06 21:16:00+00:00,84.87,84.87,84.85,84.86,222.576
2026-03-06 21:17:00+00:00,84.87,84.89,84.85,84.86,1699.63
2026-03-06 21:18:00+00:00,84.86,84.88,84.86,84.88,813.941
2026-03-06 21:19:00+00:00,84.88,84.88,84.83,84.83,2872.047
2026-03-06 21:20:00+00:00,84.83,84.83,84.69,84.72,1250.08
2026-03-06 21:21:00+00:00,84.71,84.72,84.69,84.7,517.815
2026-03-06 21:22:00+00:00,84.69,84.69,84.61,84.63,2891.697
2026-03-06 21:23:00+00:00,84.63,84.65,84.62,84.63,2792.403
2026-03-06 21:24:00+00:00,84.63,84.63,84.52,84.52,1101.095
2026-03-06 21:25:00+00:00,84.52,84.53,84.49,84.52,1946.37
2026-03-06 21:26:00+00:00,84.51,84.54,84.46,84.48,1767.632
2026-03-06 21:27:00+00:00,84.49,84.53,84.48,84.52,1342.772
2026-03-06 21:28:00+00:00,84.52,84.54,84.5,84.5,421.382
2026-03-06 21:29:00+00:00,84.5,84.56,84.45,84.55,2833.706
2026-03-06 21:30:00+00:00,84.55,84.55,84.45,84.47,2077.334
2026-03-06 21:31:00+00:00,84.46,84.49,84.45,84.48,586.944
2026-03-06 21:32:00+00:00,84.48,84.51,84.48,84.49,429.423
2026-03-06 21:33:00+00:00,84.49,84.5,84.46,84.46,462.363
2026-03-06 21:34:00+00:00,84.46,84.47,84.44,84.47,1205.658
2026-03-06 21:35:00+00:00,84.47,84.55,84.47,84.55,503.821
2026-03-06 21:36:00+00:00,84.55,84.56,84.53,84.55,218.606
2026-03-06 21:37:00+00:00,84.55,84.56,84.54,84.56,107.276
2026-03-06 21:38:00+00:00,84.56,84.67,84.56,84.61,1145.959
2026-03-06 21:39:00+00:00,84.61,84.61,84.55,84.56,334.271
2026-03-06 21:40:00+00:00,84.56,84.56,84.54,84.55,146.353
2026-03-06 21:41:00+00:00,84.54,84.55,84.54,84.55,93.156
2026-03-06 21:42:00+00:00,84.54,84.55,84.52,84.54,442.173
2026-03-06 21:43:00+00:00,84.55,84.58,84.54,84.58,684.907
2026-03-06 21:44:00+00:00,84.58,84.67,84.58,84.62,1696.39
2026-03-06 21:45:00+00:00,84.62,84.65,84.62,84.65,585.511
2026-03-06 21:46:00+00:00,84.65,84.75,84.65,84.69,996.516
2026-03-06 21:47:00+00:00,84.69,84.7,84.64,84.65,729.421
2026-03-06 21:48:00+00:00,84.65,84.69,84.64,84.68,550.203
2026-03-06 21:49:00+00:00,84.67,84.71,84.67,84.7,418.374
2026-03-06 21:50:00+00:00,84.7,84.74,84.68,84.74,646.972
2026-03-06 21:51:00+00:00,84.73,84.75,84.71,84.73,442.385
2026-03-06 21:52:00+00:00,84.74,84.76,84.72,84.75,815.789
2026-03-06 21:53:00+00:00,84.76,84.76,84.72,84.72,254.124
2026-03-06 21:54:00+00:00,84.71,84.74,84.62,84.64,1979.332
2026-03-06 21:55:00+00:00,84.63,84.63,84.58,84.61,678.866
2026-03-06 21:56:00+00:00,84.62,84.68,84.61,84.68,409.163
2026-03-06 21:57:00+00:00,84.68,84.73,84.67,84.73,332.268
2026-03-06 21:58:00+00:00,84.73,84.76,84.73,84.75,1272.728
2026-03-06 21:59:00+00:00,84.75,84.75,84.72,84.72,298.081
2026-03-06 22:00:00+00:00,84.73,84.75,84.7,84.75,371.234
2026-03-06 22:01:00+00:00,84.75,84.78,84.73,84.76,760.792
2026-03-06 22:02:00+00:00,84.77,84.78,84.73,84.77,475.968
2026-03-06 22:03:00+00:00,84.78,84.79,84.76,84.76,622.615
2026-03-06 22:04:00+00:00,84.76,84.76,84.7,84.71,910.253
2026-03-06 22:05:00+00:00,84.71,84.71,84.65,84.66,686.414
2026-03-06 22:06:00+00:00,84.65,84.69,84.63,84.68,1199.517
2026-03-06 22:07:00+00:00,84.69,84.69,84.67,84.69,147.092
2026-03-06 22:08:00+00:00,84.69,84.75,84.68,84.7,1604.519
2026-03-06 22:09:00+00:00,84.7,84.71,84.67,84.68,492.765
2026-03-06 22:10:00+00:00,84.69,84.69,84.64,84.65,242.222
2026-03-06 22:11:00+00:00,84.64,84.66,84.64,84.65,403.583
2026-03-06 22:12:00+00:00,84.65,84.66,84.6,84.6,529.269
2026-03-06 22:13:00+00:00,84.6,84.61,84.54,84.61,1693.786
2026-03-06 22:14:00+00:00,84.61,84.65,84.59,84.59,842.007
2026-03-06 22:15:00+00:00,84.58,84.59,84.57,84.59,234.474
2026-03-06 22:16:00+00:00,84.58,84.61,84.58,84.6,433.211
2026-03-06 22:17:00+00:00,84.61,84.61,84.56,84.6,248.486
2026-03-06 22:18:00+00:00,84.61,84.71,84.6,84.71,612.005
2026-03-06 22:19:00+00:00,84.71,84.73,84.67,84.69,523.77
2026-03-06 22:20:00+00:00,84.69,84.69,84.68,84.69,89.86
2026-03-06 22:21:00+00:00,84.69,84.72,84.68,84.69,610.651
2026-03-06 22:22:00+00:00,84.68,84.75,84.66,84.66,4097.881
2026-03-06 22:23:00+00:00,84.65,84.69,84.63,84.69,433.33
2026-03-06 22:24:00+00:00,84.68,84.68,84.65,84.66,649.587
2026-03-06 22:25:00+00:00,84.66,84.72,84.66,84.72,402.202
2026-03-06 22:26:00+00:00,84.71,84.75,84.71,84.73,344.787
2026-03-06 22:27:00+00:00,84.73,84.75,84.68,84.75,269.927
2026-03-06 22:28:00+00:00,84.75,84.79,84.75,84.76,861.536
2026-03-06 22:29:00+00:00,84.76,84.76,84.73,84.73,376.731
2026-03-06 22:30:00+00:00,84.74,84.76,84.72,84.72,391.994
2026-03-06 22:31:00+00:00,84.73,84.74,84.67,84.67,1671.286
2026-03-06 22:32:00+00:00,84.68,84.69,84.63,84.64,349.322
2026-03-06 22:33:00+00:00,84.63,84.73,84.63,84.72,2071.238
2026-03-06 22:34:00+00:00,84.72,84.82,84.72,84.82,389.406
2026-03-06 22:35:00+00:00,84.83,84.83,84.8,84.81,546.359
2026-03-06 22:36:00+00:00,84.8,84.81,84.75,84.75,109.622
2026-03-06 22:37:00+00:00,84.76,84.78,84.74,84.78,833.707
2026-03-06 22:38:00+00:00,84.78,84.82,84.77,84.82,604.41
2026-03-06 22:39:00+00:00,84.82,84.89,84.82,84.89,760.065
2026-03-06 22:40:00+00:00,84.89,84.96,84.86,84.87,1740.133
2026-03-06 22:41:00+00:00,84.87,84.93,84.86,84.93,989.448
2026-03-06 22:42:00+00:00,84.93,84.94,84.88,84.93,992.925
2026-03-06 22:43:00+00:00,84.92,85.0,84.91,84.92,1291.324
2026-03-06 22:44:00+00:00,84.93,84.93,84.87,84.89,642.563
2026-03-06 22:45:00+00:00,84.89,84.91,84.88,84.9,250.467
2026-03-06 22:46:00+00:00,84.91,84.97,84.91,84.95,479.535
2026-03-06 22:47:00+00:00,84.95,84.99,84.94,84.98,1120.129
2026-03-06 22:48:00+00:00,84.99,85.01,84.98,85.0,692.065
2026-03-06 22:49:00+00:00,84.99,85.01,84.98,84.98,1070.085
2026-03-06 22:50:00+00:00,84.98,84.99,84.98,84.98,363.853
2026-03-06 22:51:00+00:00,84.98,84.98,84.92,84.92,234.48
2026-03-06 22:52:00+00:00,84.92,84.99,84.92,84.99,387.559
2026-03-06 22:53:00+00:00,84.99,84.99,84.93,84.99,1753.27
2026-03-06 22:54:00+00:00,84.98,85.01,84.98,84.99,463.998
2026-03-06 22:55:00+00:00,85.0,85.0,84.96,84.98,539.5
2026-03-06 22:56:00+00:00,84.98,85.0,84.98,85.0,613.889
2026-03-06 22:57:00+00:00,85.0,85.06,84.99,85.04,378.05
2026-03-06 22:58:00+00:00,85.05,85.05,85.01,85.02,249.189
2026-03-06 22:59:00+00:00,85.01,85.02,84.95,84.96,1263.42
2026-03-06 23:00:00+00:00,84.97,85.0,84.89,84.9,643.799
2026-03-06 23:01:00+00:00,84.9,84.95,84.9,84.92,255.652
2026-03-06 23:02:00+00:00,84.92,84.93,84.9,84.92,597.001
2026-03-06 23:03:00+00:00,84.92,84.92,84.89,84.91,371.239
2026-03-06 23:04:00+00:00,84.9,84.94,84.9,84.92,1177.31
2026-03-06 23:05:00+00:00,84.93,84.95,84.92,84.94,617.457
2026-03-06 23:06:00+00:00,84.94,84.96,84.92,84.93,249.191
2026-03-06 23:07:00+00:00,84.94,84.94,84.92,84.93,395.37
2026-03-06 23:08:00+00:00,84.93,84.95,84.92,84.94,228.188
2026-03-06 23:09:00+00:00,84.93,84.99,84.92,84.99,434.093
2026-03-06 23:10:00+00:00,84.99,84.99,84.94,84.97,275.878
2026-03-06 23:11:00+00:00,84.96,84.98,84.94,84.97,374.222
2026-03-06 23:12:00+00:00,84.97,84.99,84.94,84.96,573.003
2026-03-06 23:13:00+00:00,84.95,84.97,84.95,84.97,97.5
2026-03-06 23:14:00+00:00,84.97,85.03,84.97,85.02,201.359
2026-03-06 23:15:00+00:00,85.03,85.04,85.01,85.02,443.681
2026-03-06 23:16:00+00:00,85.01,85.02,84.98,84.99,466.228
2026-03-06 23:17:00+00:00,84.99,84.99,84.97,84.98,115.82
2026-03-06 23:18:00+00:00,84.98,85.02,84.97,85.01,540.651
2026-03-06 23:19:00+00:00,85.0,85.01,84.99,85.0,495.428
2026-03-06 23:20:00+00:00,85.01,85.02,85.0,85.01,445.099
2026-03-06 23:21:00+00:00,85.02,85.04,85.01,85.02,438.336
2026-03-06 23:22:00+00:00,85.01,85.03,85.01,85.02,639.994
2026-03-06 23:23:00+00:00,85.02,85.03,85.02,85.02,275.313
2026-03-06 23:24:00+00:00,85.01,85.02,84.94,84.98,940.177
2026-03-06 23:25:00+00:00,84.97,84.99,84.96,84.97,260.623
2026-03-06 23:26:00+00:00,84.97,85.01,84.96,84.97,486.039
2026-03-06 23:27:00+00:00,84.97,84.97,84.95,84.96,84.968
2026-03-06 23:28:00+00:00,84.96,84.97,84.92,84.97,431.046
2026-03-06 23:29:00+00:00,84.96,85.0,84.96,85.0,196.697
2026-03-06 23:30:00+00:00,84.99,85.0,84.97,84.98,87.971
2026-03-06 23:31:00+00:00,84.98,84.99,84.97,84.98,272.716
2026-03-06 23:32:00+00:00,84.98,84.98,84.95,84.96,1279.488
2026-03-06 23:33:00+00:00,84.97,84.97,84.95,84.95,377.101
2026-03-06 23:34:00+00:00,84.96,84.96,84.9,84.93,2676.096
2026-03-06 23:35:00+00:00,84.92,84.92,84.85,84.85,1911.436
2026-03-06 23:36:00+00:00,84.86,84.86,84.79,84.8,3371.67
2026-03-06 23:37:00+00:00,84.79,84.82,84.79,84.81,1715.805
2026-03-06 23:38:00+00:00,84.81,84.82,84.8,84.81,389.862
2026-03-06 23:39:00+00:00,84.8,84.84,84.8,84.84,746.435
2026-03-06 23:40:00+00:00,84.83,84.84,84.77,84.79,2541.305
2026-03-06 23:41:00+00:00,84.8,84.81,84.79,84.81,1190.376
2026-03-06 23:42:00+00:00,84.8,84.81,84.74,84.75,2906.196
2026-03-06 23:43:00+00:00,84.75,84.75,84.65,84.7,4407.863
2026-03-06 23:44:00+00:00,84.7,84.75,84.7,84.75,850.41
2026-03-06 23:45:00+00:00,84.75,84.76,84.73,84.73,1854.847
2026-03-06 23:46:00+00:00,84.74,84.74,84.71,84.74,601.64
2026-03-06 23:47:00+00:00,84.74,84.75,84.72,84.72,252.548
2026-03-06 23:48:00+00:00,84.72,84.73,84.7,84.7,797.377
2026-03-06 23:49:00+00:00,84.71,84.72,84.68,84.69,1327.582
2026-03-06 23:50:00+00:00,84.69,84.72,84.69,84.72,731.197
2026-03-06 23:51:00+00:00,84.72,84.72,84.67,84.67,160.299
2026-03-06 23:52:00+00:00,84.67,84.67,84.65,84.66,280.037
2026-03-06 23:53:00+00:00,84.66,84.68,84.66,84.68,449.262
2026-03-06 23:54:00+00:00,84.69,84.69,84.67,84.69,486.218
2026-03-06 23:55:00+00:00,84.69,84.69,84.63,84.64,446.055
2026-03-06 23:56:00+00:00,84.63,84.67,84.63,84.67,1254.936
2026-03-06 23:57:00+00:00,84.66,84.7,84.66,84.7,701.797
2026-03-06 23:58:00+00:00,84.7,84.75,84.69,84.69,1808.497
2026-03-06 23:59:00+00:00,84.7,84.7,84.68,84.7,565.303
2026-03-07 00:00:00+00:00,84.69,84.73,84.67,84.68,2546.395
2026-03-07 00:01:00+00:00,84.68,84.68,84.62,84.63,2874.41
2026-03-07 00:02:00+00:00,84.63,84.63,84.54,84.55,2639.794
2026-03-07 00:03:00+00:00,84.56,84.59,84.54,84.54,1072.96
2026-03-07 00:04:00+00:00,84.54,84.55,84.52,84.52,822.849
2026-03-07 00:05:00+00:00,84.52,84.57,84.52,84.56,612.61
2026-03-07 00:06:00+00:00,84.55,84.6,84.55,84.6,590.73
2026-03-07 00:07:00+00:00,84.6,84.65,84.57,84.65,1290.8
2026-03-07 00:08:00+00:00,84.65,84.76,84.65,84.74,3178.648
2026-03-07 00:09:00+00:00,84.75,84.76,84.75,84.76,818.056
2026-03-07 00:10:00+00:00,84.77,84.97,84.76,84.93,3479.579
2026-03-07 00:11:00+00:00,84.92,84.95,84.89,84.89,1170.344
2026-03-07 00:12:00+00:00,84.9,84.92,84.88,84.89,1308.22
2026-03-07 00:13:00+00:00,84.89,84.92,84.88,84.92,417.555
2026-03-07 00:14:00+00:00,84.92,84.92,84.78,84.78,2441.598
2026-03-07 00:15:00+00:00,84.78,84.79,84.77,84.78,558.357
2026-03-07 00:16:00+00:00,84.78,84.78,84.74,84.76,594.354
2026-03-07 00:17:00+00:00,84.75,84.78,84.73,84.78,676.059
2026-03-07 00:18:00+00:00,84.78,84.86,84.78,84.86,4259.419
2026-03-07 00:19:00+00:00,84.85,84.89,84.85,84.89,315.45
2026-03-07 00:20:00+00:00,84.88,84.9,84.84,84.86,804.361
2026-03-07 00:21:00+00:00,84.86,84.86,84.8,84.81,391.996
2026-03-07 00:22:00+00:00,84.81,84.85,84.8,84.85,641.273
2026-03-07 00:23:00+00:00,84.85,84.89,84.85,84.88,453.052
2026-03-07 00:24:00+00:00,84.87,84.91,84.85,84.89,1214.591
2026-03-07 00:25:00+00:00,84.88,84.93,84.87,84.92,519.812
2026-03-07 00:26:00+00:00,84.92,84.95,84.92,84.92,593.374
2026-03-07 00:27:00+00:00,84.92,84.93,84.89,84.93,584.997
2026-03-07 00:28:00+00:00,84.92,84.95,84.92,84.95,458.125
2026-03-07 00:29:00+00:00,84.94,84.95,84.89,84.89,689.131
2026-03-07 00:30:00+00:00,84.89,84.91,84.89,84.9,154.917
2026-03-07 00:31:00+00:00,84.9,84.96,84.9,84.96,790.579
2026-03-07 00:32:00+00:00,84.95,85.03,84.95,85.0,1548.199
2026-03-07 00:33:00+00:00,85.0,85.07,85.0,85.03,904.035
2026-03-07 00:34:00+00:00,85.02,85.03,84.94,84.94,551.232
2026-03-07 00:35:00+00:00,84.94,84.94,84.9,84.91,516.706
2026-03-07 00:36:00+00:00,84.91,84.92,84.86,84.86,329.368
2026-03-07 00:37:00+00:00,84.87,84.87,84.78,84.78,1078.008
2026-03-07 00:38:00+00:00,84.78,84.78,84.72,84.74,3235.284
2026-03-07 00:39:00+00:00,84.74,84.78,84.71,84.73,1500.231
2026-03-07 00:40:00+00:00,84.73,84.76,84.72,84.76,253.708
2026-03-07 00:41:00+00:00,84.75,84.79,84.75,84.79,468.442
2026-03-07 00:42:00+00:00,84.79,84.83,84.79,84.81,1531.036
2026-03-07 00:43:00+00:00,84.8,84.82,84.76,84.77,250.942
2026-03-07 00:44:00+00:00,84.77,84.77,84.72,84.73,613.953
2026-03-07 00:45:00+00:00,84.72,84.74,84.71,84.74,166.595
2026-03-07 00:46:00+00:00,84.74,84.78,84.73,84.77,475.282
2026-03-07 00:47:00+00:00,84.77,84.78,84.76,84.78,312.03
2026-03-07 00:48:00+00:00,84.78,84.81,84.77,84.77,611.272
2026-03-07 00:49:00+00:00,84.76,84.77,84.73,84.75,433.803
2026-03-07 00:50:00+00:00,84.74,84.76,84.74,84.76,288.359
2026-03-07 00:51:00+00:00,84.76,84.76,84.75,84.76,468.843
2026-03-07 00:52:00+00:00,84.75,84.75,84.74,84.74,316.803
2026-03-07 00:53:00+00:00,84.75,84.78,84.74,84.78,511.339
2026-03-07 00:54:00+00:00,84.78,84.8,84.77,84.79,158.915
2026-03-07 00:55:00+00:00,84.8,84.8,84.76,84.77,149.309
2026-03-07 00:56:00+00:00,84.78,84.79,84.76,84.77,247.755
2026-03-07 00:57:00+00:00,84.76,84.77,84.75,84.75,306.453
2026-03-07 00:58:00+00:00,84.75,84.76,84.74,84.76,136.882
2026-03-07 00:59:00+00:00,84.76,84.8,84.75,84.75,635.475
2026-03-07 01:00:00+00:00,84.75,84.78,84.74,84.78,425.849
2026-03-07 01:01:00+00:00,84.78,84.8,84.77,84.79,750.367
2026-03-07 01:02:00+00:00,84.8,84.89,84.79,84.86,1097.198
2026-03-07 01:03:00+00:00,84.86,84.86,84.83,84.86,262.5
2026-03-07 01:04:00+00:00,84.85,84.87,84.85,84.86,166.051
2026-03-07 01:05:00+00:00,84.86,84.86,84.78,84.81,529.558
2026-03-07 01:06:00+00:00,84.8,84.8,84.76,84.76,295.874
2026-03-07 01:07:00+00:00,84.76,84.78,84.76,84.76,561.08
2026-03-07 01:08:00+00:00,84.76,84.8,84.76,84.8,681.715
2026-03-07 01:09:00+00:00,84.8,84.8,84.78,84.8,254.209
2026-03-07 01:10:00+00:00,84.81,84.83,84.81,84.82,244.829
2026-03-07 01:11:00+00:00,84.81,84.81,84.76,84.76,865.421
2026-03-07 01:12:00+00:00,84.75,84.75,84.72,84.73,393.928
2026-03-07 01:13:00+00:00,84.74,84.74,84.64,84.65,5684.527
2026-03-07 01:14:00+00:00,84.66,84.8,84.65,84.79,2344.781
2026-03-07 01:15:00+00:00,84.78,84.78,84.71,84.72,1052.912
2026-03-07 01:16:00+00:00,84.72,84.73,84.71,84.73,254.909
2026-03-07 01:17:00+00:00,84.73,84.75,84.71,84.75,908.169
2026-03-07 01:18:00+00:00,84.75,84.75,84.72,84.72,571.033
2026-03-07 01:19:00+00:00,84.73,84.75,84.72,84.73,2108.062
2026-03-07 01:20:00+00:00,84.73,84.75,84.68,84.73,636.341
2026-03-07 01:21:00+00:00,84.73,84.75,84.73,84.73,289.592
2026-03-07 01:22:00+00:00,84.72,84.72,84.68,84.69,340.29
2026-03-07 01:23:00+00:00,84.69,84.7,84.63,84.64,496.384
2026-03-07 01:24:00+00:00,84.64,84.64,84.62,84.63,454.435
2026-03-07 01:25:00+00:00,84.62,84.62,84.59,84.6,397.486
2026-03-07 01:26:00+00:00,84.6,84.65,84.59,84.63,1082.19
2026-03-07 01:27:00+00:00,84.62,84.64,84.61,84.62,1190.861
2026-03-07 01:28:00+00:00,84.62,84.64,84.62,84.63,472.847
2026-03-07 01:29:00+00:00,84.64,84.66,84.63,84.65,278.614
2026-03-07 01:30:00+00:00,84.66,84.69,84.64,84.65,209.011
2026-03-07 01:31:00+00:00,84.65,84.65,84.6,84.63,528.81
2026-03-07 01:32:00+00:00,84.63,84.71,84.6,84.64,7948.074
2026-03-07 01:33:00+00:00,84.64,84.67,84.64,84.65,637.397
2026-03-07 01:34:00+00:00,84.65,84.69,84.64,84.67,1210.442
2026-03-07 01:35:00+00:00,84.67,84.69,84.67,84.69,541.976
2026-03-07 01:36:00+00:00,84.69,84.73,84.68,84.73,266.49
2026-03-07 01:37:00+00:00,84.72,84.76,84.71,84.76,635.278
2026-03-07 01:38:00+00:00,84.75,84.77,84.73,84.74,365.613
2026-03-07 01:39:00+00:00,84.74,84.77,84.73,84.74,1116.846
2026-03-07 01:40:00+00:00,84.73,84.73,84.71,84.72,223.444
2026-03-07 01:41:00+00:00,84.72,84.72,84.68,84.69,269.508
2026-03-07 01:42:00+00:00,84.68,84.71,84.68,84.69,237.013
2026-03-07 01:43:00+00:00,84.69,84.7,84.68,84.69,367.629
2026-03-07 01:44:00+00:00,84.69,84.78,84.65,84.77,1766.216
2026-03-07 01:45:00+00:00,84.77,84.78,84.74,84.74,152.708
2026-03-07 01:46:00+00:00,84.75,84.75,84.74,84.74,110.329
2026-03-07 01:47:00+00:00,84.75,84.76,84.74,84.76,56.327
2026-03-07 01:48:00+00:00,84.76,84.78,84.75,84.76,1016.916
2026-03-07 01:49:00+00:00,84.77,84.81,84.76,84.81,1172.354
2026-03-07 01:50:00+00:00,84.8,84.81,84.78,84.81,316.845
2026-03-07 01:51:00+00:00,84.81,84.84,84.8,84.8,332.057
2026-03-07 01:52:00+00:00,84.81,84.84,84.81,84.84,1094.444
2026-03-07 01:53:00+00:00,84.85,84.85,84.82,84.82,885.519
2026-03-07 01:54:00+00:00,84.83,84.84,84.74,84.74,1178.459
2026-03-07 01:55:00+00:00,84.75,84.79,84.75,84.77,1082.273
2026-03-07 01:56:00+00:00,84.78,84.78,84.73,84.73,275.049
2026-03-07 01:57:00+00:00,84.72,84.73,84.72,84.73,46.074
2026-03-07 01:58:00+00:00,84.73,84.73,84.72,84.72,103.264
2026-03-07 01:59:00+00:00,84.72,84.73,84.69,84.71,715.232
2026-03-07 02:00:00+00:00,84.71,84.74,84.68,84.68,1147.177
2026-03-07 02:01:00+00:00,84.68,84.69,84.62,84.63,293.245
2026-03-07 02:02:00+00:00,84.62,84.66,84.62,84.65,547.918
2026-03-07 02:03:00+00:00,84.65,84.68,84.64,84.65,187.041
2026-03-07 02:04:00+00:00,84.65,84.68,84.64,84.66,1106.17
2026-03-07 02:05:00+00:00,84.65,84.65,84.63,84.64,261.276
2026-03-07 02:06:00+00:00,84.63,84.64,84.63,84.64,445.13
2026-03-07 02:07:00+00:00,84.63,84.64,84.6,84.64,508.642
2026-03-07 02:08:00+00:00,84.64,84.67,84.63,84.66,181.872
2026-03-07 02:09:00+00:00,84.66,84.71,84.66,84.71,819.45
2026-03-07 02:10:00+00:00,84.7,84.71,84.69,84.71,96.248
2026-03-07 02:11:00+00:00,84.71,84.73,84.71,84.72,243.015
2026-03-07 02:12:00+00:00,84.72,84.73,84.71,84.72,324.228
2026-03-07 02:13:00+00:00,84.73,84.74,84.7,84.7,912.557
2026-03-07 02:14:00+00:00,84.7,84.72,84.7,84.7,520.016
2026-03-07 02:15:00+00:00,84.69,84.71,84.69,84.7,250.636
2026-03-07 02:16:00+00:00,84.7,84.71,84.66,84.67,128.338
2026-03-07 02:17:00+00:00,84.67,84.69,84.66,84.66,657.716
2026-03-07 02:18:00+00:00,84.66,84.67,84.65,84.65,132.171
2026-03-07 02:19:00+00:00,84.66,84.67,84.65,84.66,214.365
2026-03-07 02:20:00+00:00,84.66,84.66,84.6,84.61,871.649
2026-03-07 02:21:00+00:00,84.61,84.61,84.56,84.56,772.038
2026-03-07 02:22:00+00:00,84.56,84.57,84.53,84.54,359.384
2026-03-07 02:23:00+00:00,84.54,84.56,84.45,84.48,2153.859
2026-03-07 02:24:00+00:00,84.48,84.51,84.47,84.51,287.125
2026-03-07 02:25:00+00:00,84.51,84.54,84.51,84.54,142.15
2026-03-07 02:26:00+00:00,84.53,84.54,84.52,84.53,369.989
2026-03-07 02:27:00+00:00,84.53,84.54,84.48,84.49,677.758
2026-03-07 02:28:00+00:00,84.48,84.5,84.47,84.49,801.593
2026-03-07 02:29:00+00:00,84.49,84.49,84.45,84.46,168.907
2026-03-07 02:30:00+00:00,84.45,84.46,84.34,84.34,9068.087
2026-03-07 02:31:00+00:00,84.34,84.38,84.34,84.38,485.575
2026-03-07 02:32:00+00:00,84.38,84.42,84.37,84.4,1212.555
2026-03-07 02:33:00+00:00,84.39,84.43,84.39,84.4,892.164
2026-03-07 02:34:00+00:00,84.4,84.4,84.33,84.36,3883.973
2026-03-07 02:35:00+00:00,84.37,84.39,84.35,84.37,496.919
2026-03-07 02:36:00+00:00,84.37,84.39,84.37,84.39,124.012
2026-03-07 02:37:00+00:00,84.39,84.39,84.32,84.35,893.007
2026-03-07 02:38:00+00:00,84.36,84.44,84.34,84.36,1328.2
2026-03-07 02:39:00+00:00,84.36,84.47,84.35,84.47,515.644
2026-03-07 02:40:00+00:00,84.47,84.52,84.47,84.48,367.731
2026-03-07 02:41:00+00:00,84.48,84.54,84.48,84.53,176.567
2026-03-07 02:42:00+00:00,84.53,84.55,84.51,84.55,308.298
2026-03-07 02:43:00+00:00,84.55,84.55,84.52,84.53,389.537
2026-03-07 02:44:00+00:00,84.52,84.53,84.46,84.47,1493.547
2026-03-07 02:45:00+00:00,84.47,84.49,84.47,84.48,408.327
2026-03-07 02:46:00+00:00,84.49,84.51,84.42,84.44,3191.71
2026-03-07 02:47:00+00:00,84.44,84.45,84.38,84.39,697.877
2026-03-07 02:48:00+00:00,84.39,84.44,84.39,84.44,725.272
2026-03-07 02:49:00+00:00,84.44,84.52,84.43,84.52,680.974
2026-03-07 02:50:00+00:00,84.52,84.55,84.49,84.55,2138.89
2026-03-07 02:51:00+00:00,84.55,84.58,84.52,84.58,1483.603
2026-03-07 02:52:00+00:00,84.57,84.58,84.56,84.57,352.355
2026-03-07 02:53:00+00:00,84.56,84.6,84.55,84.56,722.684
2026-03-07 02:54:00+00:00,84.56,84.56,84.45,84.46,769.829
2026-03-07 02:55:00+00:00,84.46,84.53,84.45,84.51,2874.604
2026-03-07 02:56:00+00:00,84.5,84.51,84.48,84.51,344.073
2026-03-07 02:57:00+00:00,84.51,84.54,84.5,84.54,592.28
2026-03-07 02:58:00+00:00,84.54,84.62,84.54,84.6,1809.502
2026-03-07 02:59:00+00:00,84.6,84.67,84.59,84.65,1029.011
2026-03-07 03:00:00+00:00,84.66,84.7,84.66,84.67,467.002
2026-03-07 03:01:00+00:00,84.67,84.73,84.65,84.73,373.581
2026-03-07 03:02:00+00:00,84.72,84.78,84.7,84.72,1132.268
2026-03-07 03:03:00+00:00,84.72,84.72,84.71,84.72,103.186
2026-03-07 03:04:00+00:00,84.72,84.72,84.66,84.71,1283.862
2026-03-07 03:05:00+00:00,84.7,84.72,84.7,84.72,193.671
2026-03-07 03:06:00+00:00,84.71,84.74,84.7,84.73,576.924
2026-03-07 03:07:00+00:00,84.74,84.78,84.73,84.77,356.103
2026-03-07 03:08:00+00:00,84.78,84.81,84.76,84.77,1111.263
2026-03-07 03:09:00+00:00,84.77,84.77,84.72,84.74,253.271
2026-03-07 03:10:00+00:00,84.75,84.77,84.73,84.75,710.557
2026-03-07 03:11:00+00:00,84.75,84.75,84.72,84.72,212.097
2026-03-07 03:12:00+00:00,84.73,84.74,84.72,84.73,291.669
2026-03-07 03:13:00+00:00,84.74,85.04,84.73,84.99,7149.964
2026-03-07 03:14:00+00:00,84.98,85.07,84.92,85.04,3637.486
2026-03-07 03:15:00+00:00,85.04,85.04,84.92,84.97,2433.082
2026-03-07 03:16:00+00:00,84.97,84.97,84.89,84.9,2103.065
2026-03-07 03:17:00+00:00,84.89,84.9,84.8,84.82,3173.174
2026-03-07 03:18:00+00:00,84.82,84.83,84.79,84.83,1552.718
2026-03-07 03:19:00+00:00,84.83,84.83,84.76,84.76,1391.546
2026-03-07 03:20:00+00:00,84.76,84.8,84.69,84.69,2930.667
2026-03-07 03:21:00+00:00,84.68,84.71,84.68,84.71,642.232
2026-03-07 03:22:00+00:00,84.71,84.72,84.68,84.68,1422.651
2026-03-07 03:23:00+00:00,84.68,84.69,84.59,84.69,1662.795
2026-03-07 03:24:00+00:00,84.68,84.69,84.66,84.68,252.249
2026-03-07 03:25:00+00:00,84.69,84.69,84.68,84.69,27.715
2026-03-07 03:26:00+00:00,84.69,84.69,84.58,84.61,1770.039
2026-03-07 03:27:00+00:00,84.61,84.65,84.61,84.64,225.106
2026-03-07 03:28:00+00:00,84.64,84.64,84.62,84.64,683.904
2026-03-07 03:29:00+00:00,84.63,84.64,84.61,84.61,939.382
2026-03-07 03:30:00+00:00,84.62,84.66,84.62,84.62,830.732
2026-03-07 03:31:00+00:00,84.62,84.64,84.48,84.57,3814.343
2026-03-07 03:32:00+00:00,84.57,84.63,84.57,84.6,494.371
2026-03-07 03:33:00+00:00,84.6,84.65,84.59,84.63,315.585
2026-03-07 03:34:00+00:00,84.64,84.64,84.63,84.63,354.778
2026-03-07 03:35:00+00:00,84.63,84.66,84.63,84.65,868.198
2026-03-07 03:36:00+00:00,84.65,84.65,84.64,84.65,115.607
2026-03-07 03:37:00+00:00,84.65,84.68,84.65,84.68,511.823
2026-03-07 03:38:00+00:00,84.68,84.68,84.62,84.63,205.238
2026-03-07 03:39:00+00:00,84.62,84.62,84.54,84.54,225.361
2026-03-07 03:40:00+00:00,84.54,84.57,84.53,84.57,425.194
2026-03-07 03:41:00+00:00,84.56,84.56,84.51,84.51,949.497
2026-03-07 03:42:00+00:00,84.51,84.53,84.5,84.52,970.088
2026-03-07 03:43:00+00:00,84.53,84.59,84.53,84.55,868.723
2026-03-07 03:44:00+00:00,84.55,84.56,84.52,84.52,551.094
2026-03-07 03:45:00+00:00,84.53,84.53,84.47,84.49,855.724
2026-03-07 03:46:00+00:00,84.49,84.52,84.49,84.5,1280.624
2026-03-07 03:47:00+00:00,84.5,84.53,84.48,84.49,493.054
2026-03-07 03:48:00+00:00,84.49,84.54,84.48,84.52,513.441
2026-03-07 03:49:00+00:00,84.52,84.54,84.49,84.5,445.726
2026-03-07 03:50:00+00:00,84.5,84.5,84.35,84.39,3669.865
2026-03-07 03:51:00+00:00,84.38,84.41,84.37,84.4,1836.642
2026-03-07 03:52:00+00:00,84.41,84.42,84.38,84.39,379.428
2026-03-07 03:53:00+00:00,84.38,84.41,84.38,84.41,438.507
2026-03-07 03:54:00+00:00,84.41,84.42,84.41,84.41,271.218
2026-03-07 03:55:00+00:00,84.41,84.49,84.41,84.49,721.092
2026-03-07 03:56:00+00:00,84.48,84.48,84.43,84.44,267.949
2026-03-07 03:57:00+00:00,84.45,84.45,84.43,84.44,223.969
2026-03-07 03:58:00+00:00,84.44,84.53,84.44,84.52,1767.163
2026-03-07 03:59:00+00:00,84.52,84.56,84.51,84.52,1521.858
2026-03-07 04:00:00+00:00,84.53,84.56,84.51,84.51,334.811
2026-03-07 04:01:00+00:00,84.52,84.52,84.47,84.47,163.862
2026-03-07 04:02:00+00:00,84.47,84.52,84.41,84.42,1936.979
2026-03-07 04:03:00+00:00,84.42,84.42,84.23,84.23,5130.388
2026-03-07 04:04:00+00:00,84.22,84.25,84.0,84.06,9336.401
2026-03-07 04:05:00+00:00,84.06,84.22,84.06,84.22,1283.943
2026-03-07 04:06:00+00:00,84.22,84.28,84.2,84.28,1359.71
2026-03-07 04:07:00+00:00,84.27,84.27,84.19,84.22,4079.251
2026-03-07 04:08:00+00:00,84.23,84.26,84.2,84.2,1868.614
2026-03-07 04:09:00+00:00,84.21,84.21,84.09,84.15,471.188
2026-03-07 04:10:00+00:00,84.15,84.25,84.1,84.15,4769.49
2026-03-07 04:11:00+00:00,84.15,84.24,84.15,84.23,1738.107
2026-03-07 04:12:00+00:00,84.23,84.23,84.19,84.2,484.277
2026-03-07 04:13:00+00:00,84.2,84.22,84.19,84.22,227.28
2026-03-07 04:14:00+00:00,84.21,84.24,84.11,84.11,2299.705
2026-03-07 04:15:00+00:00,84.11,84.25,84.11,84.24,780.098
2026-03-07 04:16:00+00:00,84.24,84.31,84.23,84.27,526.922
2026-03-07 04:17:00+00:00,84.28,84.3,84.27,84.28,394.246
2026-03-07 04:18:00+00:00,84.28,84.29,84.27,84.29,186.582
2026-03-07 04:19:00+00:00,84.29,84.33,84.29,84.33,213.873
2026-03-07 04:20:00+00:00,84.32,84.32,84.24,84.25,713.388
2026-03-07 04:21:00+00:00,84.25,84.29,84.22,84.28,1388.294
2026-03-07 04:22:00+00:00,84.28,84.31,84.25,84.26,406.619
2026-03-07 04:23:00+00:00,84.26,84.36,84.26,84.35,778.394
2026-03-07 04:24:00+00:00,84.35,84.35,84.34,84.35,443.574
2026-03-07 04:25:00+00:00,84.35,84.35,84.31,84.32,636.835
2026-03-07 04:26:00+00:00,84.31,84.34,84.29,84.3,351.032
2026-03-07 04:27:00+00:00,84.3,84.32,84.29,84.32,271.28
2026-03-07 04:28:00+00:00,84.32,84.32,84.3,84.31,191.086
2026-03-07 04:29:00+00:00,84.31,84.35,84.28,84.29,456.5
2026-03-07 04:30:00+00:00,84.29,84.34,84.29,84.34,583.245
2026-03-07 04:31:00+00:00,84.33,84.34,84.31,84.33,861.51
2026-03-07 04:32:00+00:00,84.32,84.34,84.3,84.31,387.193
2026-03-07 04:33:00+00:00,84.3,84.31,84.29,84.31,167.392
2026-03-07 04:34:00+00:00,84.3,84.31,84.22,84.22,624.659
2026-03-07 04:35:00+00:00,84.21,84.27,84.18,84.26,1173.301
2026-03-07 04:36:00+00:00,84.26,84.27,84.24,84.27,231.305
2026-03-07 04:37:00+00:00,84.26,84.31,84.26,84.29,400.302
2026-03-07 04:38:00+00:00,84.28,84.35,84.28,84.34,321.889
2026-03-07 04:39:00+00:00,84.35,84.37,84.34,84.37,631.552
2026-03-07 04:40:00+00:00,84.36,84.41,84.36,84.39,899.735
2026-03-07 04:41:00+00:00,84.39,84.39,84.36,84.36,459.373
2026-03-07 04:42:00+00:00,84.36,84.36,84.33,84.33,404.95
2026-03-07 04:43:00+00:00,84.33,84.33,84.27,84.31,452.132
2026-03-07 04:44:00+00:00,84.31,84.34,84.3,84.34,245.939
2026-03-07 04:45:00+00:00,84.33,84.34,84.29,84.3,446.621
2026-03-07 04:46:00+00:00,84.29,84.3,84.25,84.27,586.015
2026-03-07 04:47:00+00:00,84.27,84.3,84.24,84.24,385.621
2026-03-07 04:48:00+00:00,84.24,84.25,84.22,84.25,500.112
2026-03-07 04:49:00+00:00,84.25,84.31,84.25,84.3,1186.404
2026-03-07 04:50:00+00:00,84.31,84.37,84.31,84.37,5781.103
2026-03-07 04:51:00+00:00,84.37,84.37,84.34,84.35,1955.248
2026-03-07 04:52:00+00:00,84.35,84.38,84.35,84.36,545.982
2026-03-07 04:53:00+00:00,84.35,84.37,84.35,84.37,541.481
2026-03-07 04:54:00+00:00,84.37,84.39,84.34,84.34,721.009
2026-03-07 04:55:00+00:00,84.33,84.39,84.33,84.39,2286.891
2026-03-07 04:56:00+00:00,84.38,84.4,84.37,84.37,245.219
2026-03-07 04:57:00+00:00,84.37,84.37,84.32,84.33,353.277
2026-03-07 04:58:00+00:00,84.32,84.33,84.26,84.26,1782.49
2026-03-07 04:59:00+00:00,84.27,84.29,84.26,84.27,229.681
2026-03-07 05:00:00+00:00,84.27,84.28,84.26,84.27,265.854
2026-03-07 05:01:00+00:00,84.27,84.31,84.27,84.3,373.671
2026-03-07 05:02:00+00:00,84.29,84.3,84.29,84.29,46.292
2026-03-07 05:03:00+00:00,84.3,84.3,84.29,84.3,480.823
2026-03-07 05:04:00+00:00,84.3,84.33,84.3,84.31,560.4
2026-03-07 05:05:00+00:00,84.32,84.33,84.27,84.27,470.625
2026-03-07 05:06:00+00:00,84.27,84.29,84.27,84.28,430.482
2026-03-07 05:07:00+00:00,84.27,84.32,84.27,84.3,382.357
2026-03-07 05:08:00+00:00,84.3,84.31,84.28,84.31,214.277
2026-03-07 05:09:00+00:00,84.3,84.33,84.29,84.31,771.757
2026-03-07 05:10:00+00:00,84.31,84.32,84.23,84.25,1573.387
2026-03-07 05:11:00+00:00,84.25,84.25,84.18,84.21,392.482
2026-03-07 05:12:00+00:00,84.2,84.21,84.19,84.21,213.709
2026-03-07 05:13:00+00:00,84.21,84.24,84.21,84.23,383.076
2026-03-07 05:14:00+00:00,84.24,84.25,84.23,84.25,166.912
2026-03-07 05:15:00+00:00,84.25,84.32,84.22,84.27,3761.48
2026-03-07 05:16:00+00:00,84.28,84.28,84.19,84.2,1556.004
2026-03-07 05:17:00+00:00,84.2,84.21,84.15,84.2,625.111
2026-03-07 05:18:00+00:00,84.2,84.23,84.19,84.23,560.322
2026-03-07 05:19:00+00:00,84.23,84.23,84.2,84.21,608.821
2026-03-07 05:20:00+00:00,84.22,84.24,84.2,84.23,395.179
2026-03-07 05:21:00+00:00,84.23,84.27,84.23,84.27,515.517
2026-03-07 05:22:00+00:00,84.26,84.3,84.26,84.29,252.302
2026-03-07 05:23:00+00:00,84.29,84.32,84.28,84.29,609.228
2026-03-07 05:24:00+00:00,84.29,84.3,84.28,84.29,129.75
2026-03-07 05:25:00+00:00,84.29,84.33,84.28,84.32,332.042
2026-03-07 05:26:00+00:00,84.33,84.33,84.3,84.3,124.404
2026-03-07 05:27:00+00:00,84.31,84.39,84.3,84.38,1162.237
2026-03-07 05:28:00+00:00,84.39,84.41,84.37,84.38,620.6
2026-03-07 05:29:00+00:00,84.37,84.39,84.37,84.39,110.814
2026-03-07 05:30:00+00:00,84.38,84.39,84.36,84.36,360.28
2026-03-07 05:31:00+00:00,84.37,84.37,84.32,84.32,256.249
2026-03-07 05:32:00+00:00,84.31,84.31,84.24,84.25,576.303
2026-03-07 05:33:00+00:00,84.25,84.25,84.2,84.2,297.383
2026-03-07 05:34:00+00:00,84.19,84.2,84.16,84.17,1077.449
2026-03-07 05:35:00+00:00,84.17,84.17,84.12,84.13,1334.091
2026-03-07 05:36:00+00:00,84.12,84.15,84.09,84.15,700.724
2026-03-07 05:37:00+00:00,84.15,84.22,84.15,84.22,570.712
2026-03-07 05:38:00+00:00,84.22,84.25,84.21,84.24,785.015
2026-03-07 05:39:00+00:00,84.23,84.31,84.22,84.31,235.352
2026-03-07 05:40:00+00:00,84.31,84.38,84.31,84.38,464.442
2026-03-07 05:41:00+00:00,84.37,84.42,84.37,84.39,1509.518
2026-03-07 05:42:00+00:00,84.39,84.39,84.38,84.39,354.436
2026-03-07 05:43:00+00:00,84.39,84.39,84.36,84.37,980.284
2026-03-07 05:44:00+00:00,84.37,84.41,84.37,84.41,790.878
2026-03-07 05:45:00+00:00,84.4,84.42,84.4,84.4,270.045
2026-03-07 05:46:00+00:00,84.4,84.43,84.4,84.42,388.65
2026-03-07 05:47:00+00:00,84.43,84.44,84.41,84.43,647.216
2026-03-07 05:48:00+00:00,84.42,84.42,84.41,84.42,225.631
2026-03-07 05:49:00+00:00,84.42,84.43,84.41,84.43,247.304
2026-03-07 05:50:00+00:00,84.42,84.48,84.4,84.46,569.593
2026-03-07 05:51:00+00:00,84.45,84.46,84.45,84.46,86.604
2026-03-07 05:52:00+00:00,84.46,84.47,84.45,84.47,347.056
2026-03-07 05:53:00+00:00,84.47,84.47,84.46,84.47,135.216
2026-03-07 05:54:00+00:00,84.47,84.49,84.46,84.49,477.575
2026-03-07 05:55:00+00:00,84.49,84.5,84.44,84.45,1235.378
2026-03-07 05:56:00+00:00,84.45,84.45,84.37,84.37,990.167
2026-03-07 05:57:00+00:00,84.38,84.38,84.35,84.36,534.4
2026-03-07 05:58:00+00:00,84.36,84.36,84.31,84.32,1919.554
2026-03-07 05:59:00+00:00,84.33,84.37,84.32,84.34,1359.396
2026-03-07 06:00:00+00:00,84.34,84.34,84.32,84.32,312.271
2026-03-07 06:01:00+00:00,84.32,84.33,84.23,84.24,331.188
2026-03-07 06:02:00+00:00,84.24,84.25,84.23,84.24,627.968
2026-03-07 06:03:00+00:00,84.25,84.29,84.25,84.27,674.718
2026-03-07 06:04:00+00:00,84.27,84.3,84.26,84.3,930.389
2026-03-07 06:05:00+00:00,84.29,84.29,84.26,84.27,882.703
2026-03-07 06:06:00+00:00,84.27,84.28,84.2,84.2,622.168
2026-03-07 06:07:00+00:00,84.21,84.21,84.18,84.18,163.517
2026-03-07 06:08:00+00:00,84.19,84.23,84.18,84.21,945.368
2026-03-07 06:09:00+00:00,84.21,84.21,84.16,84.17,1653.245
2026-03-07 06:10:00+00:00,84.16,84.17,84.15,84.17,328.941
2026-03-07 06:11:00+00:00,84.17,84.2,84.11,84.11,504.53
2026-03-07 06:12:00+00:00,84.11,84.12,84.1,84.11,165.185
2026-03-07 06:13:00+00:00,84.11,84.13,84.1,84.13,899.912
2026-03-07 06:14:00+00:00,84.12,84.14,84.12,84.13,391.911
2026-03-07 06:15:00+00:00,84.14,84.15,84.11,84.13,482.26
2026-03-07 06:16:00+00:00,84.13,84.15,84.12,84.14,1404.724
2026-03-07 06:17:00+00:00,84.13,84.2,84.13,84.19,258.884
2026-03-07 06:18:00+00:00,84.2,84.22,84.19,84.21,232.79
2026-03-07 06:19:00+00:00,84.22,84.24,84.16,84.16,2165.437
2026-03-07 06:20:00+00:00,84.17,84.17,84.1,84.16,842.023
2026-03-07 06:21:00+00:00,84.17,84.21,84.16,84.2,255.242
2026-03-07 06:22:00+00:00,84.2,84.22,84.2,84.21,190.711
2026-03-07 06:23:00+00:00,84.21,84.23,84.17,84.17,408.12
2026-03-07 06:24:00+00:00,84.18,84.26,84.17,84.22,1750.523
2026-03-07 06:25:00+00:00,84.22,84.24,84.21,84.21,332.647
2026-03-07 06:26:00+00:00,84.22,84.22,84.21,84.22,195.684
2026-03-07 06:27:00+00:00,84.22,84.23,84.19,84.2,1195.818
2026-03-07 06:28:00+00:00,84.2,84.2,84.19,84.2,303.286
2026-03-07 06:29:00+00:00,84.19,84.2,84.18,84.19,350.873
2026-03-07 06:30:00+00:00,84.2,84.22,84.19,84.21,204.146
2026-03-07 06:31:00+00:00,84.21,84.25,84.21,84.25,557.667
2026-03-07 06:32:00+00:00,84.25,84.25,84.2,84.21,379.155
2026-03-07 06:33:00+00:00,84.2,84.2,84.16,84.16,176.858
2026-03-07 06:34:00+00:00,84.17,84.18,84.13,84.14,619.603
2026-03-07 06:35:00+00:00,84.14,84.15,84.0,84.15,2448.188
2026-03-07 06:36:00+00:00,84.14,84.15,84.09,84.1,614.545
2026-03-07 06:37:00+00:00,84.1,84.11,84.08,84.11,478.288
2026-03-07 06:38:00+00:00,84.11,84.14,84.1,84.14,250.817
2026-03-07 06:39:00+00:00,84.14,84.14,84.07,84.11,494.678
2026-03-07 06:40:00+00:00,84.11,84.16,84.1,84.16,429.493
2026-03-07 06:41:00+00:00,84.16,84.2,84.15,84.16,938.434
2026-03-07 06:42:00+00:00,84.15,84.19,84.15,84.19,1742.815
2026-03-07 06:43:00+00:00,84.18,84.19,84.17,84.19,119.08
2026-03-07 06:44:00+00:00,84.19,84.23,84.18,84.21,203.291
2026-03-07 06:45:00+00:00,84.21,84.23,84.2,84.2,1603.595
2026-03-07 06:46:00+00:00,84.21,84.22,84.2,84.22,120.109
2026-03-07 06:47:00+00:00,84.21,84.21,84.17,84.18,276.301
2026-03-07 06:48:00+00:00,84.17,84.19,84.15,84.15,1483.743
2026-03-07 06:49:00+00:00,84.16,84.16,84.13,84.15,334.207
2026-03-07 06:50:00+00:00,84.15,84.16,83.98,83.98,7516.461
2026-03-07 06:51:00+00:00,83.97,84.06,83.97,84.05,1210.183
2026-03-07 06:52:00+00:00,84.06,84.06,84.03,84.03,698.775
2026-03-07 06:53:00+00:00,84.04,84.07,83.9,83.98,8125.288
2026-03-07 06:54:00+00:00,83.99,84.08,83.99,84.02,1016.812
2026-03-07 06:55:00+00:00,84.02,84.05,84.01,84.04,1050.344
2026-03-07 06:56:00+00:00,84.04,84.06,84.03,84.06,458.5
2026-03-07 06:57:00+00:00,84.06,84.08,84.05,84.08,912.264
2026-03-07 06:58:00+00:00,84.08,84.1,84.07,84.07,415.889
2026-03-07 06:59:00+00:00,84.08,84.08,84.02,84.03,1081.312
2026-03-07 07:00:00+00:00,84.04,84.06,83.99,84.0,1525.271
2026-03-07 07:01:00+00:00,84.0,84.04,83.99,84.02,671.354
2026-03-07 07:02:00+00:00,84.02,84.03,83.99,84.0,897.013
2026-03-07 07:03:00+00:00,83.99,83.99,83.9,83.93,4387.098
2026-03-07 07:04:00+00:00,83.93,83.97,83.93,83.96,963.703
2026-03-07 07:05:00+00:00,83.95,84.08,83.9,83.98,5097.109
2026-03-07 07:06:00+00:00,83.99,83.99,83.9,83.91,3974.697
2026-03-07 07:07:00+00:00,83.91,83.98,83.9,83.91,1456.313
2026-03-07 07:08:00+00:00,83.91,84.02,83.91,84.02,709.564
2026-03-07 07:09:00+00:00,84.01,84.06,83.99,83.99,1212.998
2026-03-07 07:10:00+00:00,84.0,84.03,83.95,84.01,2663.11
2026-03-07 07:11:00+00:00,84.02,84.08,84.0,84.08,1424.141
2026-03-07 07:12:00+00:00,84.08,84.16,84.06,84.15,1276.758
2026-03-07 07:13:00+00:00,84.14,84.17,84.12,84.15,648.396
2026-03-07 07:14:00+00:00,84.16,84.18,84.14,84.15,1022.049
2026-03-07 07:15:00+00:00,84.15,84.16,84.09,84.11,1613.651
2026-03-07 07:16:00+00:00,84.1,84.11,84.1,84.11,234.641
2026-03-07 07:17:00+00:00,84.1,84.13,84.1,84.12,562.233
2026-03-07 07:18:00+00:00,84.12,84.15,84.09,84.1,1468.429
2026-03-07 07:19:00+00:00,84.09,84.09,84.04,84.05,230.735
2026-03-07 07:20:00+00:00,84.04,84.07,84.03,84.05,914.61
2026-03-07 07:21:00+00:00,84.06,84.07,84.01,84.02,1548.068
2026-03-07 07:22:00+00:00,84.02,84.05,84.01,84.04,1011.382
2026-03-07 07:23:00+00:00,84.05,84.09,84.05,84.09,540.388
2026-03-07 07:24:00+00:00,84.09,84.21,84.07,84.14,2046.1
2026-03-07 07:25:00+00:00,84.14,84.17,84.13,84.13,351.13
2026-03-07 07:26:00+00:00,84.13,84.16,84.13,84.14,306.335
2026-03-07 07:27:00+00:00,84.15,84.19,84.14,84.17,1833.028
2026-03-07 07:28:00+00:00,84.17,84.18,84.16,84.16,657.155
2026-03-07 07:29:00+00:00,84.17,84.17,84.13,84.15,400.092
2026-03-07 07:30:00+00:00,84.14,84.17,84.14,84.16,173.257
2026-03-07 07:31:00+00:00,84.17,84.19,84.16,84.16,242.175
2026-03-07 07:32:00+00:00,84.16,84.18,84.14,84.15,554.109
2026-03-07 07:33:00+00:00,84.16,84.19,84.15,84.19,333.305
2026-03-07 07:34:00+00:00,84.19,84.2,84.17,84.19,597.904
2026-03-07 07:35:00+00:00,84.19,84.2,84.17,84.19,461.907
2026-03-07 07:36:00+00:00,84.19,84.2,84.12,84.14,1369.104
2026-03-07 07:37:00+00:00,84.14,84.14,84.07,84.08,848.668
2026-03-07 07:38:00+00:00,84.08,84.08,84.04,84.06,639.794
2026-03-07 07:39:00+00:00,84.06,84.08,83.97,84.01,2263.987
2026-03-07 07:40:00+00:00,84.0,84.07,84.0,84.07,627.207
2026-03-07 07:41:00+00:00,84.07,84.12,84.07,84.11,1033.566
2026-03-07 07:42:00+00:00,84.11,84.18,84.11,84.17,1703.035
2026-03-07 07:43:00+00:00,84.17,84.23,84.15,84.2,916.74
2026-03-07 07:44:00+00:00,84.2,84.22,84.18,84.22,669.995
2026-03-07 07:45:00+00:00,84.21,84.25,84.21,84.24,474.006
2026-03-07 07:46:00+00:00,84.24,84.3,84.23,84.28,874.11
2026-03-07 07:47:00+00:00,84.29,84.3,84.23,84.27,681.812
2026-03-07 07:48:00+00:00,84.26,84.27,84.24,84.26,753.727
2026-03-07 07:49:00+00:00,84.25,84.26,84.22,84.23,225.02
2026-03-07 07:50:00+00:00,84.22,84.27,84.22,84.27,173.586
2026-03-07 07:51:00+00:00,84.26,84.32,84.26,84.32,377.702
2026-03-07 07:52:00+00:00,84.31,84.35,84.28,84.33,4184.091
2026-03-07 07:53:00+00:00,84.32,84.35,84.32,84.34,208.599
2026-03-07 07:54:00+00:00,84.35,84.35,84.32,84.34,403.891
2026-03-07 07:55:00+00:00,84.33,84.38,84.27,84.31,1220.131
2026-03-07 07:56:00+00:00,84.31,84.33,84.27,84.32,428.556
2026-03-07 07:57:00+00:00,84.32,84.49,84.31,84.39,5113.93
2026-03-07 07:58:00+00:00,84.39,84.4,84.37,84.38,1623.073
2026-03-07 07:59:00+00:00,84.37,84.39,84.32,84.32,984.268
2026-03-07 08:00:00+00:00,84.33,84.33,84.22,84.26,2480.161
2026-03-07 08:01:00+00:00,84.26,84.26,84.24,84.25,2742.297
2026-03-07 08:02:00+00:00,84.25,84.28,84.24,84.25,1937.654
2026-03-07 08:03:00+00:00,84.25,84.26,84.24,84.26,344.545
2026-03-07 08:04:00+00:00,84.26,84.3,84.25,84.29,1626.89
2026-03-07 08:05:00+00:00,84.29,84.3,84.28,84.29,129.495
2026-03-07 08:06:00+00:00,84.29,84.29,84.23,84.24,409.295
2026-03-07 08:07:00+00:00,84.25,84.27,84.25,84.27,572.955
2026-03-07 08:08:00+00:00,84.27,84.28,84.24,84.24,1029.692
2026-03-07 08:09:00+00:00,84.24,84.25,84.2,84.21,933.201
2026-03-07 08:10:00+00:00,84.21,84.21,84.13,84.15,5022.863
2026-03-07 08:11:00+00:00,84.14,84.18,84.12,84.18,3347.369
2026-03-07 08:12:00+00:00,84.18,84.18,84.16,84.16,415.752
2026-03-07 08:13:00+00:00,84.17,84.18,84.16,84.17,294.871
2026-03-07 08:14:00+00:00,84.18,84.21,84.17,84.2,1669.186
2026-03-07 08:15:00+00:00,84.2,84.25,84.2,84.24,906.003
2026-03-07 08:16:00+00:00,84.24,84.24,84.22,84.23,367.44
2026-03-07 08:17:00+00:00,84.22,84.32,84.22,84.31,253.789
2026-03-07 08:18:00+00:00,84.31,84.44,84.31,84.43,1807.398
2026-03-07 08:19:00+00:00,84.42,84.42,84.36,84.37,522.54
2026-03-07 08:20:00+00:00,84.37,84.37,84.33,84.34,337.271
2026-03-07 08:21:00+00:00,84.33,84.35,84.29,84.34,269.674
2026-03-07 08:22:00+00:00,84.33,84.39,84.33,84.39,630.684
2026-03-07 08:23:00+00:00,84.39,84.46,84.37,84.45,3019.66
2026-03-07 08:24:00+00:00,84.45,84.48,84.43,84.43,1430.578
2026-03-07 08:25:00+00:00,84.43,84.43,84.4,84.41,588.961
2026-03-07 08:26:00+00:00,84.41,84.42,84.36,84.36,1264.037
2026-03-07 08:27:00+00:00,84.37,84.42,84.37,84.42,214.663
2026-03-07 08:28:00+00:00,84.42,84.44,84.42,84.44,540.734
2026-03-07 08:29:00+00:00,84.43,84.44,84.4,84.41,825.766
2026-03-07 08:30:00+00:00,84.41,84.44,84.38,84.43,383.597
2026-03-07 08:31:00+00:00,84.44,84.66,84.44,84.58,7984.909
2026-03-07 08:32:00+00:00,84.57,84.58,84.53,84.54,1302.265
2026-03-07 08:33:00+00:00,84.54,84.54,84.49,84.5,911.986
2026-03-07 08:34:00+00:00,84.5,84.54,84.49,84.49,1789.852
2026-03-07 08:35:00+00:00,84.49,84.5,84.48,84.49,559.775
2026-03-07 08:36:00+00:00,84.48,84.51,84.48,84.49,798.148
2026-03-07 08:37:00+00:00,84.48,84.53,84.48,84.51,1852.626
2026-03-07 08:38:00+00:00,84.52,84.52,84.46,84.47,541.213
2026-03-07 08:39:00+00:00,84.47,84.5,84.43,84.5,754.751
2026-03-07 08:40:00+00:00,84.5,84.52,84.49,84.5,732.528
2026-03-07 08:41:00+00:00,84.49,84.51,84.46,84.5,326.043
2026-03-07 08:42:00+00:00,84.49,84.51,84.48,84.5,287.11
2026-03-07 08:43:00+00:00,84.49,84.5,84.48,84.49,383.563
2026-03-07 08:44:00+00:00,84.49,84.49,84.47,84.48,275.405
2026-03-07 08:45:00+00:00,84.48,84.48,84.45,84.46,338.03
2026-03-07 08:46:00+00:00,84.45,84.48,84.45,84.48,135.435
2026-03-07 08:47:00+00:00,84.48,84.48,84.45,84.46,1920.731
2026-03-07 08:48:00+00:00,84.46,84.48,84.45,84.48,405.018
2026-03-07 08:49:00+00:00,84.48,84.54,84.47,84.53,1090.402
2026-03-07 08:50:00+00:00,84.53,84.53,84.49,84.49,4859.926
2026-03-07 08:51:00+00:00,84.5,84.55,84.5,84.54,492.234
2026-03-07 08:52:00+00:00,84.54,84.55,84.53,84.54,610.333
2026-03-07 08:53:00+00:00,84.54,84.55,84.54,84.55,116.526
2026-03-07 08:54:00+00:00,84.54,84.55,84.49,84.49,690.863
2026-03-07 08:55:00+00:00,84.49,84.51,84.4,84.4,1145.16
2026-03-07 08:56:00+00:00,84.39,84.39,84.28,84.28,474.776
2026-03-07 08:57:00+00:00,84.29,84.31,84.25,84.31,508.635
2026-03-07 08:58:00+00:00,84.31,84.31,84.28,84.31,1325.012
2026-03-07 08:59:00+00:00,84.3,84.39,84.3,84.37,461.861
2026-03-07 09:00:00+00:00,84.36,84.37,84.33,84.33,648.027
2026-03-07 09:01:00+00:00,84.32,84.33,84.27,84.27,217.618
2026-03-07 09:02:00+00:00,84.28,84.28,84.21,84.22,679.835
2026-03-07 09:03:00+00:00,84.21,84.28,84.21,84.28,558.038
2026-03-07 09:04:00+00:00,84.28,84.29,84.24,84.26,247.997
2026-03-07 09:05:00+00:00,84.26,84.3,84.26,84.3,64.973
2026-03-07 09:06:00+00:00,84.3,84.3,84.29,84.3,306.534
2026-03-07 09:07:00+00:00,84.3,84.3,84.29,84.29,109.506
2026-03-07 09:08:00+00:00,84.3,84.33,84.29,84.33,370.238
2026-03-07 09:09:00+00:00,84.33,84.36,84.32,84.36,562.006
2026-03-07 09:10:00+00:00,84.36,84.38,84.35,84.38,157.516
2026-03-07 09:11:00+00:00,84.37,84.54,84.37,84.51,3019.517
2026-03-07 09:12:00+00:00,84.51,84.55,84.5,84.55,1327.695
2026-03-07 09:13:00+00:00,84.55,84.55,84.52,84.52,406.781
2026-03-07 09:14:00+00:00,84.52,84.53,84.52,84.52,111.826
2026-03-07 09:15:00+00:00,84.53,84.65,84.53,84.63,722.684
2026-03-07 09:16:00+00:00,84.64,84.69,84.61,84.62,2673.088
2026-03-07 09:17:00+00:00,84.63,84.63,84.57,84.6,1235.392
2026-03-07 09:18:00+00:00,84.61,84.62,84.55,84.55,394.085
2026-03-07 09:19:00+00:00,84.56,84.59,84.55,84.55,258.624
2026-03-07 09:20:00+00:00,84.54,84.58,84.54,84.57,702.021
2026-03-07 09:21:00+00:00,84.56,84.58,84.54,84.58,454.898
2026-03-07 09:22:00+00:00,84.57,84.6,84.5,84.53,1314.205
2026-03-07 09:23:00+00:00,84.53,84.56,84.53,84.56,242.508
2026-03-07 09:24:00+00:00,84.55,84.61,84.55,84.61,118.582
2026-03-07 09:25:00+00:00,84.61,84.63,84.6,84.61,463.8
2026-03-07 09:26:00+00:00,84.6,84.61,84.59,84.6,315.57
2026-03-07 09:27:00+00:00,84.6,84.6,84.52,84.53,1234.679
2026-03-07 09:28:00+00:00,84.53,84.54,84.53,84.54,98.159
2026-03-07 09:29:00+00:00,84.53,84.55,84.53,84.55,253.073
2026-03-07 09:30:00+00:00,84.55,84.55,84.54,84.55,111.338
2026-03-07 09:31:00+00:00,84.56,84.64,84.55,84.63,877.228
2026-03-07 09:32:00+00:00,84.63,84.63,84.61,84.61,475.177
2026-03-07 09:33:00+00:00,84.6,84.62,84.57,84.6,376.149
2026-03-07 09:34:00+00:00,84.6,84.6,84.55,84.56,233.789
2026-03-07 09:35:00+00:00,84.55,84.58,84.55,84.58,340.825
2026-03-07 09:36:00+00:00,84.59,84.6,84.55,84.56,226.647
2026-03-07 09:37:00+00:00,84.56,84.56,84.54,84.55,647.427
2026-03-07 09:38:00+00:00,84.54,84.57,84.53,84.54,895.813
2026-03-07 09:39:00+00:00,84.55,84.55,84.53,84.54,429.871
2026-03-07 09:40:00+00:00,84.54,84.54,84.52,84.53,238.102
2026-03-07 09:41:00+00:00,84.52,84.53,84.49,84.5,1408.564
2026-03-07 09:42:00+00:00,84.5,84.52,84.47,84.5,440.039
2026-03-07 09:43:00+00:00,84.51,84.51,84.47,84.47,1363.844
2026-03-07 09:44:00+00:00,84.46,84.51,84.46,84.51,268.783
2026-03-07 09:45:00+00:00,84.52,84.52,84.47,84.48,1001.238
2026-03-07 09:46:00+00:00,84.48,84.54,84.46,84.54,401.733
2026-03-07 09:47:00+00:00,84.55,84.6,84.53,84.58,401.802
2026-03-07 09:48:00+00:00,84.59,84.64,84.58,84.6,1110.811
2026-03-07 09:49:00+00:00,84.61,84.63,84.6,84.61,269.605
2026-03-07 09:50:00+00:00,84.61,84.62,84.59,84.62,314.287
2026-03-07 09:51:00+00:00,84.62,84.62,84.6,84.61,187.934
2026-03-07 09:52:00+00:00,84.61,84.61,84.6,84.61,297.354
2026-03-07 09:53:00+00:00,84.61,84.63,84.6,84.6,473.655
2026-03-07 09:54:00+00:00,84.6,84.6,84.57,84.57,430.801
2026-03-07 09:55:00+00:00,84.56,84.61,84.56,84.59,997.077
2026-03-07 09:56:00+00:00,84.6,84.63,84.59,84.62,828.152
2026-03-07 09:57:00+00:00,84.63,84.63,84.61,84.62,114.419
2026-03-07 09:58:00+00:00,84.61,84.61,84.6,84.6,302.642
2026-03-07 09:59:00+00:00,84.61,84.61,84.57,84.58,372.554
2026-03-07 10:00:00+00:00,84.57,84.61,84.57,84.58,863.026
2026-03-07 10:01:00+00:00,84.57,84.57,84.56,84.57,342.562
2026-03-07 10:02:00+00:00,84.56,84.58,84.54,84.57,488.497
2026-03-07 10:03:00+00:00,84.57,84.57,84.56,84.56,173.477
2026-03-07 10:04:00+00:00,84.56,84.66,84.56,84.66,893.1
2026-03-07 10:05:00+00:00,84.66,84.66,84.63,84.64,470.028
2026-03-07 10:06:00+00:00,84.63,84.64,84.61,84.62,173.582
2026-03-07 10:07:00+00:00,84.61,84.63,84.61,84.62,402.23
2026-03-07 10:08:00+00:00,84.62,84.63,84.61,84.63,97.167
2026-03-07 10:09:00+00:00,84.63,84.67,84.62,84.66,541.751
2026-03-07 10:10:00+00:00,84.66,84.66,84.65,84.66,341.409
2026-03-07 10:11:00+00:00,84.66,84.68,84.65,84.68,376.064
2026-03-07 10:12:00+00:00,84.69,84.72,84.66,84.71,2117.342
2026-03-07 10:13:00+00:00,84.71,84.73,84.69,84.72,1358.793
2026-03-07 10:14:00+00:00,84.71,84.75,84.7,84.75,1209.926
2026-03-07 10:15:00+00:00,84.75,84.76,84.72,84.75,557.495
2026-03-07 10:16:00+00:00,84.74,84.74,84.65,84.66,1181.788
2026-03-07 10:17:00+00:00,84.66,84.66,84.57,84.65,1187.19
2026-03-07 10:18:00+00:00,84.65,84.68,84.64,84.68,510.709
2026-03-07 10:19:00+00:00,84.68,84.71,84.65,84.66,753.738
2026-03-07 10:20:00+00:00,84.66,84.66,84.6,84.64,1631.081
2026-03-07 10:21:00+00:00,84.63,84.64,84.62,84.64,540.399
2026-03-07 10:22:00+00:00,84.64,84.64,84.63,84.63,134.681
2026-03-07 10:23:00+00:00,84.64,84.65,84.62,84.62,1123.855
2026-03-07 10:24:00+00:00,84.62,84.63,84.61,84.62,256.041
2026-03-07 10:25:00+00:00,84.62,84.64,84.61,84.63,467.033
2026-03-07 10:26:00+00:00,84.63,84.64,84.62,84.62,800.791
2026-03-07 10:27:00+00:00,84.62,84.62,84.59,84.6,662.888
2026-03-07 10:28:00+00:00,84.6,84.6,84.57,84.57,233.825
2026-03-07 10:29:00+00:00,84.58,84.62,84.57,84.62,831.442
2026-03-07 10:30:00+00:00,84.61,84.63,84.6,84.63,162.698
2026-03-07 10:31:00+00:00,84.62,84.64,84.62,84.63,405.958
2026-03-07 10:32:00+00:00,84.62,84.62,84.56,84.59,1182.116
2026-03-07 10:33:00+00:00,84.6,84.61,84.59,84.61,239.283
2026-03-07 10:34:00+00:00,84.6,84.61,84.6,84.61,22.49
2026-03-07 10:35:00+00:00,84.6,84.66,84.6,84.66,3208.125
2026-03-07 10:36:00+00:00,84.65,84.66,84.61,84.61,435.219
2026-03-07 10:37:00+00:00,84.62,84.63,84.61,84.62,485.669
2026-03-07 10:38:00+00:00,84.62,84.66,84.61,84.66,326.875
2026-03-07 10:39:00+00:00,84.65,84.68,84.65,84.67,376.503
2026-03-07 10:40:00+00:00,84.67,84.67,84.65,84.66,561.911
2026-03-07 10:41:00+00:00,84.66,84.67,84.65,84.67,97.956
2026-03-07 10:42:00+00:00,84.66,84.67,84.66,84.67,353.098
2026-03-07 10:43:00+00:00,84.66,84.67,84.66,84.67,84.733
2026-03-07 10:44:00+00:00,84.66,84.67,84.63,84.63,872.809
2026-03-07 10:45:00+00:00,84.63,84.63,84.58,84.61,503.379
2026-03-07 10:46:00+00:00,84.62,84.62,84.61,84.61,43.945
2026-03-07 10:47:00+00:00,84.62,84.62,84.59,84.6,390.069
2026-03-07 10:48:00+00:00,84.59,84.62,84.58,84.61,685.356
2026-03-07 10:49:00+00:00,84.62,84.66,84.62,84.65,344.091
2026-03-07 10:50:00+00:00,84.65,84.65,84.63,84.64,265.705
2026-03-07 10:51:00+00:00,84.64,84.64,84.55,84.55,508.429
2026-03-07 10:52:00+00:00,84.55,84.56,84.52,84.53,608.153
2026-03-07 10:53:00+00:00,84.52,84.53,84.5,84.5,362.709
2026-03-07 10:54:00+00:00,84.5,84.52,84.5,84.51,334.285
2026-03-07 10:55:00+00:00,84.5,84.51,84.47,84.5,683.09
2026-03-07 10:56:00+00:00,84.5,84.52,84.49,84.52,626.067
2026-03-07 10:57:00+00:00,84.52,84.52,84.41,84.43,1841.404
2026-03-07 10:58:00+00:00,84.43,84.48,84.42,84.48,645.497
2026-03-07 10:59:00+00:00,84.48,84.5,84.47,84.5,157.263
2026-03-07 11:00:00+00:00,84.5,84.5,84.42,84.43,594.339
2026-03-07 11:01:00+00:00,84.44,84.44,84.42,84.43,185.586
2026-03-07 11:02:00+00:00,84.42,84.43,84.38,84.38,502.931
2026-03-07 11:03:00+00:00,84.39,84.39,84.33,84.33,376.702
2026-03-07 11:04:00+00:00,84.34,84.37,84.33,84.33,580.822
2026-03-07 11:05:00+00:00,84.33,84.34,84.28,84.28,329.629
2026-03-07 11:06:00+00:00,84.29,84.36,84.26,84.36,825.699
2026-03-07 11:07:00+00:00,84.36,84.4,84.33,84.4,1167.51
2026-03-07 11:08:00+00:00,84.4,84.4,84.37,84.38,654.546
2026-03-07 11:09:00+00:00,84.37,84.37,84.34,84.35,809.785
2026-03-07 11:10:00+00:00,84.34,84.38,84.34,84.35,1837.258
2026-03-07 11:11:00+00:00,84.35,84.5,84.34,84.49,3064.686
2026-03-07 11:12:00+00:00,84.49,84.64,84.46,84.62,1987.923
2026-03-07 11:13:00+00:00,84.61,84.67,84.58,84.67,693.175
2026-03-07 11:14:00+00:00,84.66,84.85,84.63,84.85,920.454
2026-03-07 11:15:00+00:00,84.84,84.91,84.75,84.88,4863.153
2026-03-07 11:16:00+00:00,84.88,84.89,84.79,84.81,1443.249
2026-03-07 11:17:00+00:00,84.8,84.82,84.79,84.79,666.522
2026-03-07 11:18:00+00:00,84.78,84.78,84.75,84.78,1255.062
2026-03-07 11:19:00+00:00,84.78,84.81,84.75,84.81,1243.8
2026-03-07 11:20:00+00:00,84.82,84.88,84.81,84.82,1207.886
2026-03-07 11:21:00+00:00,84.83,84.83,84.7,84.76,1195.031
2026-03-07 11:22:00+00:00,84.75,84.79,84.74,84.77,535.166
2026-03-07 11:23:00+00:00,84.77,84.79,84.71,84.71,3118.241
2026-03-07 11:24:00+00:00,84.71,84.73,84.7,84.71,464.466
2026-03-07 11:25:00+00:00,84.7,84.75,84.7,84.74,784.811
2026-03-07 11:26:00+00:00,84.73,84.78,84.73,84.74,1782.188
2026-03-07 11:27:00+00:00,84.74,84.75,84.7,84.7,1910.63
2026-03-07 11:28:00+00:00,84.7,84.73,84.69,84.72,2770.234
2026-03-07 11:29:00+00:00,84.71,84.75,84.68,84.72,1187.113
2026-03-07 11:30:00+00:00,84.73,84.73,84.67,84.68,682.02
2026-03-07 11:31:00+00:00,84.67,84.73,84.67,84.71,1738.053
2026-03-07 11:32:00+00:00,84.7,84.7,84.66,84.66,613.927
2026-03-07 11:33:00+00:00,84.67,84.69,84.66,84.68,620.428
2026-03-07 11:34:00+00:00,84.68,84.74,84.65,84.74,426.7
2026-03-07 11:35:00+00:00,84.75,84.78,84.75,84.76,665.793
2026-03-07 11:36:00+00:00,84.76,84.76,84.7,84.73,615.274
2026-03-07 11:37:00+00:00,84.74,84.75,84.7,84.75,318.213
2026-03-07 11:38:00+00:00,84.75,84.76,84.74,84.76,206.928
2026-03-07 11:39:00+00:00,84.75,84.8,84.75,84.8,413.575
2026-03-07 11:40:00+00:00,84.8,84.8,84.75,84.78,333.447
2026-03-07 11:41:00+00:00,84.77,84.79,84.75,84.77,360.161
2026-03-07 11:42:00+00:00,84.77,84.78,84.77,84.77,71.551
2026-03-07 11:43:00+00:00,84.77,84.81,84.77,84.8,1908.662
2026-03-07 11:44:00+00:00,84.8,84.82,84.79,84.82,386.633
2026-03-07 11:45:00+00:00,84.81,84.82,84.78,84.78,549.21
2026-03-07 11:46:00+00:00,84.79,84.8,84.78,84.79,640.982
2026-03-07 11:47:00+00:00,84.79,84.79,84.7,84.73,15334.989
2026-03-07 11:48:00+00:00,84.72,84.74,84.71,84.71,481.584
2026-03-07 11:49:00+00:00,84.72,84.72,84.71,84.71,334.736
2026-03-07 11:50:00+00:00,84.71,84.73,84.71,84.72,308.834
2026-03-07 11:51:00+00:00,84.72,84.74,84.72,84.73,470.343
2026-03-07 11:52:00+00:00,84.72,84.77,84.71,84.76,898.102
2026-03-07 11:53:00+00:00,84.76,84.77,84.75,84.77,452.413
2026-03-07 11:54:00+00:00,84.76,84.78,84.74,84.74,601.277
2026-03-07 11:55:00+00:00,84.74,84.78,84.73,84.78,185.95
2026-03-07 11:56:00+00:00,84.77,84.77,84.73,84.74,284.271
2026-03-07 11:57:00+00:00,84.74,84.74,84.67,84.68,515.866
2026-03-07 11:58:00+00:00,84.68,84.68,84.66,84.67,1506.679
2026-03-07 11:59:00+00:00,84.67,84.67,84.66,84.66,132.972
2026-03-07 12:00:00+00:00,84.66,84.68,84.64,84.67,1027.868
2026-03-07 12:01:00+00:00,84.66,84.67,84.64,84.66,456.367
2026-03-07 12:02:00+00:00,84.66,84.66,84.62,84.66,637.167
2026-03-07 12:03:00+00:00,84.66,84.68,84.65,84.68,436.479
2026-03-07 12:04:00+00:00,84.67,84.77,84.67,84.77,506.942
2026-03-07 12:05:00+00:00,84.77,84.78,84.71,84.71,703.477
2026-03-07 12:06:00+00:00,84.71,84.71,84.68,84.69,430.911
2026-03-07 12:07:00+00:00,84.69,84.7,84.64,84.64,696.033
2026-03-07 12:08:00+00:00,84.64,84.65,84.6,84.62,378.023
2026-03-07 12:09:00+00:00,84.63,84.64,84.62,84.64,518.522
2026-03-07 12:10:00+00:00,84.63,84.65,84.62,84.63,579.639
2026-03-07 12:11:00+00:00,84.62,84.63,84.59,84.6,939.579
2026-03-07 12:12:00+00:00,84.6,84.63,84.59,84.63,284.646
2026-03-07 12:13:00+00:00,84.63,84.63,84.61,84.61,341.063
2026-03-07 12:14:00+00:00,84.61,84.62,84.57,84.59,1037.273
2026-03-07 12:15:00+00:00,84.59,84.63,84.58,84.62,224.365
2026-03-07 12:16:00+00:00,84.62,84.64,84.61,84.63,277.759
2026-03-07 12:17:00+00:00,84.63,84.67,84.63,84.67,256.592
2026-03-07 12:18:00+00:00,84.67,84.7,84.66,84.7,917.389
2026-03-07 12:19:00+00:00,84.69,84.69,84.66,84.66,637.08
2026-03-07 12:20:00+00:00,84.67,84.67,84.66,84.66,161.008
2026-03-07 12:21:00+00:00,84.66,84.69,84.66,84.69,282.944
2026-03-07 12:22:00+00:00,84.68,84.68,84.62,84.65,733.32
2026-03-07 12:23:00+00:00,84.65,84.68,84.63,84.67,295.922
2026-03-07 12:24:00+00:00,84.67,84.7,84.67,84.68,525.109
2026-03-07 12:25:00+00:00,84.67,84.71,84.67,84.7,119.739
2026-03-07 12:26:00+00:00,84.71,84.71,84.66,84.67,356.271
2026-03-07 12:27:00+00:00,84.67,84.67,84.63,84.63,211.103
2026-03-07 12:28:00+00:00,84.63,84.64,84.6,84.61,176.518
2026-03-07 12:29:00+00:00,84.61,84.66,84.61,84.65,984.464
2026-03-07 12:30:00+00:00,84.66,84.67,84.65,84.67,121.951
2026-03-07 12:31:00+00:00,84.66,84.67,84.6,84.6,482.011
2026-03-07 12:32:00+00:00,84.61,84.64,84.6,84.64,245.795
2026-03-07 12:33:00+00:00,84.64,84.67,84.64,84.67,230.846
2026-03-07 12:34:00+00:00,84.67,84.67,84.63,84.67,928.847
2026-03-07 12:35:00+00:00,84.67,84.67,84.64,84.65,503.477
2026-03-07 12:36:00+00:00,84.66,84.66,84.65,84.65,186.557
2026-03-07 12:37:00+00:00,84.65,84.66,84.65,84.65,334.155
2026-03-07 12:38:00+00:00,84.66,84.66,84.62,84.63,738.333
2026-03-07 12:39:00+00:00,84.62,84.65,84.62,84.63,1266.218
2026-03-07 12:40:00+00:00,84.63,84.64,84.62,84.63,272.355
2026-03-07 12:41:00+00:00,84.63,84.63,84.57,84.58,1572.003
2026-03-07 12:42:00+00:00,84.57,84.57,84.5,84.51,455.094
2026-03-07 12:43:00+00:00,84.51,84.51,84.46,84.46,3037.531
2026-03-07 12:44:00+00:00,84.46,84.49,84.45,84.46,633.796
2026-03-07 12:45:00+00:00,84.46,84.5,84.45,84.49,434.542
2026-03-07 12:46:00+00:00,84.5,84.5,84.47,84.48,212.639
2026-03-07 12:47:00+00:00,84.49,84.49,84.31,84.32,4287.433
2026-03-07 12:48:00+00:00,84.32,84.36,84.3,84.3,1523.909
2026-03-07 12:49:00+00:00,84.31,84.33,84.29,84.32,2186.76
2026-03-07 12:50:00+00:00,84.31,84.38,84.31,84.38,382.86
2026-03-07 12:51:00+00:00,84.38,84.38,84.34,84.35,806.044
2026-03-07 12:52:00+00:00,84.34,84.4,84.34,84.39,423.863
2026-03-07 12:53:00+00:00,84.4,84.4,84.36,84.36,151.058
2026-03-07 12:54:00+00:00,84.36,84.36,84.35,84.35,96.727
2026-03-07 12:55:00+00:00,84.35,84.35,84.28,84.29,1120.008
2026-03-07 12:56:00+00:00,84.29,84.34,84.29,84.32,473.784
2026-03-07 12:57:00+00:00,84.31,84.31,84.3,84.31,138.812
2026-03-07 12:58:00+00:00,84.3,84.31,84.3,84.31,659.579
2026-03-07 12:59:00+00:00,84.31,84.31,84.28,84.3,1192.614
2026-03-07 13:00:00+00:00,84.3,84.34,84.3,84.34,367.777
2026-03-07 13:01:00+00:00,84.34,84.45,84.32,84.38,4763.097
2026-03-07 13:02:00+00:00,84.37,84.43,84.37,84.43,263.1
2026-03-07 13:03:00+00:00,84.43,84.47,84.42,84.43,1416.096
2026-03-07 13:04:00+00:00,84.43,84.49,84.42,84.47,583.251
2026-03-07 13:05:00+00:00,84.47,84.49,84.46,84.47,550.502
2026-03-07 13:06:00+00:00,84.46,84.47,84.3,84.34,1159.757
2026-03-07 13:07:00+00:00,84.35,84.37,84.3,84.33,620.283
2026-03-07 13:08:00+00:00,84.33,84.36,84.32,84.34,974.515
2026-03-07 13:09:00+00:00,84.34,84.47,84.34,84.43,713.207
2026-03-07 13:10:00+00:00,84.43,84.47,84.43,84.46,200.192
2026-03-07 13:11:00+00:00,84.46,84.5,84.46,84.48,165.484
2026-03-07 13:12:00+00:00,84.48,84.48,84.45,84.45,331.701
2026-03-07 13:13:00+00:00,84.46,84.46,84.45,84.46,201.221
2026-03-07 13:14:00+00:00,84.46,84.47,84.45,84.47,259.209
2026-03-07 13:15:00+00:00,84.46,84.51,84.46,84.5,314.886
2026-03-07 13:16:00+00:00,84.5,84.54,84.49,84.51,485.185
2026-03-07 13:17:00+00:00,84.5,84.5,84.49,84.49,120.849
2026-03-07 13:18:00+00:00,84.5,84.52,84.49,84.52,443.661
2026-03-07 13:19:00+00:00,84.52,84.53,84.4,84.4,3124.472
2026-03-07 13:20:00+00:00,84.39,84.43,84.37,84.43,952.384
2026-03-07 13:21:00+00:00,84.43,84.43,84.41,84.42,312.325
2026-03-07 13:22:00+00:00,84.42,84.48,84.42,84.48,306.955
2026-03-07 13:23:00+00:00,84.48,84.49,84.45,84.45,532.145
2026-03-07 13:24:00+00:00,84.46,84.48,84.45,84.47,298.191
2026-03-07 13:25:00+00:00,84.48,84.49,84.46,84.48,339.296
2026-03-07 13:26:00+00:00,84.47,84.47,84.43,84.45,470.191
2026-03-07 13:27:00+00:00,84.45,84.47,84.45,84.47,293.347
2026-03-07 13:28:00+00:00,84.47,84.5,84.46,84.5,373.345
2026-03-07 13:29:00+00:00,84.49,84.52,84.42,84.44,1828.923
2026-03-07 13:30:00+00:00,84.44,84.49,84.42,84.49,650.539
2026-03-07 13:31:00+00:00,84.5,84.53,84.49,84.52,267.305
2026-03-07 13:32:00+00:00,84.53,84.53,84.5,84.52,360.217
2026-03-07 13:33:00+00:00,84.52,84.55,84.51,84.52,309.9
2026-03-07 13:34:00+00:00,84.51,84.51,84.44,84.44,813.553
2026-03-07 13:35:00+00:00,84.44,84.47,84.43,84.47,338.059
2026-03-07 13:36:00+00:00,84.46,84.48,84.45,84.47,1134.302
2026-03-07 13:37:00+00:00,84.48,84.48,84.4,84.4,422.784
2026-03-07 13:38:00+00:00,84.4,84.41,84.17,84.2,3254.033
2026-03-07 13:39:00+00:00,84.2,84.21,84.13,84.2,2583.119
2026-03-07 13:40:00+00:00,84.21,84.25,84.21,84.25,989.413
2026-03-07 13:41:00+00:00,84.25,84.3,84.24,84.29,943.013
2026-03-07 13:42:00+00:00,84.29,84.3,84.28,84.29,150.758
2026-03-07 13:43:00+00:00,84.29,84.3,84.27,84.29,1270.078
2026-03-07 13:44:00+00:00,84.3,84.35,84.24,84.25,2092.711
2026-03-07 13:45:00+00:00,84.25,84.3,84.22,84.3,1064.06
2026-03-07 13:46:00+00:00,84.3,84.33,84.29,84.32,428.217
2026-03-07 13:47:00+00:00,84.33,84.35,84.32,84.34,389.603
2026-03-07 13:48:00+00:00,84.34,84.35,84.3,84.31,738.282
2026-03-07 13:49:00+00:00,84.31,84.32,84.3,84.31,460.922
2026-03-07 13:50:00+00:00,84.31,84.31,84.28,84.31,182.922
2026-03-07 13:51:00+00:00,84.31,84.32,84.3,84.31,225.224
2026-03-07 13:52:00+00:00,84.31,84.35,84.31,84.34,130.513
2026-03-07 13:53:00+00:00,84.35,84.39,84.32,84.32,383.109
2026-03-07 13:54:00+00:00,84.32,84.34,84.31,84.32,476.367
2026-03-07 13:55:00+00:00,84.32,84.33,84.28,84.28,745.343
2026-03-07 13:56:00+00:00,84.29,84.29,84.28,84.29,211.893
2026-03-07 13:57:00+00:00,84.28,84.28,84.24,84.25,368.251
2026-03-07 13:58:00+00:00,84.25,84.3,84.24,84.29,322.233
2026-03-07 13:59:00+00:00,84.3,84.32,84.3,84.31,954.744
2026-03-07 14:00:00+00:00,84.3,84.31,84.23,84.23,345.596
2026-03-07 14:01:00+00:00,84.23,84.24,84.02,84.07,3108.495
2026-03-07 14:02:00+00:00,84.08,84.11,84.0,84.02,1854.349
2026-03-07 14:03:00+00:00,84.03,84.1,84.03,84.09,3228.172
2026-03-07 14:04:00+00:00,84.09,84.15,84.09,84.14,692.122
2026-03-07 14:05:00+00:00,84.15,84.15,84.01,84.05,6507.668
2026-03-07 14:06:00+00:00,84.06,84.08,84.04,84.05,2183.537
2026-03-07 14:07:00+00:00,84.05,84.05,84.01,84.03,573.461
2026-03-07 14:08:00+00:00,84.03,84.04,83.97,83.99,2299.507
2026-03-07 14:09:00+00:00,83.98,84.0,83.89,83.91,1209.249
2026-03-07 14:10:00+00:00,83.9,84.0,83.9,83.91,3548.972
2026-03-07 14:11:00+00:00,83.92,83.92,83.78,83.85,3611.621
2026-03-07 14:12:00+00:00,83.84,83.87,83.68,83.69,8634.991
2026-03-07 14:13:00+00:00,83.69,83.73,83.67,83.7,2574.268
2026-03-07 14:14:00+00:00,83.71,83.87,83.71,83.86,633.888
2026-03-07 14:15:00+00:00,83.86,83.9,83.81,83.9,1274.347
2026-03-07 14:16:00+00:00,83.9,83.9,83.83,83.89,766.676
2026-03-07 14:17:00+00:00,83.88,83.88,83.85,83.85,873.846
2026-03-07 14:18:00+00:00,83.86,83.95,83.83,83.93,2291.908
2026-03-07 14:19:00+00:00,83.94,83.94,83.89,83.91,1148.127
2026-03-07 14:20:00+00:00,83.92,83.93,83.83,83.84,868.394
2026-03-07 14:21:00+00:00,83.85,83.85,83.81,83.84,3075.797
2026-03-07 14:22:00+00:00,83.84,83.86,83.82,83.85,750.406
2026-03-07 14:23:00+00:00,83.86,83.94,83.85,83.93,330.868
2026-03-07 14:24:00+00:00,83.93,83.94,83.88,83.88,1297.626
2026-03-07 14:25:00+00:00,83.88,83.89,83.86,83.87,974.744
2026-03-07 14:26:00+00:00,83.87,83.88,83.86,83.87,1930.166
2026-03-07 14:27:00+00:00,83.87,83.87,83.86,83.86,181.256
2026-03-07 14:28:00+00:00,83.86,83.88,83.85,83.86,443.783
2026-03-07 14:29:00+00:00,83.86,83.86,83.84,83.85,412.515
2026-03-07 14:30:00+00:00,83.86,83.88,83.85,83.87,888.158
2026-03-07 14:31:00+00:00,83.87,83.88,83.85,83.85,578.333
2026-03-07 14:32:00+00:00,83.86,83.86,83.83,83.84,1184.047
2026-03-07 14:33:00+00:00,83.85,83.95,83.84,83.92,1640.485
2026-03-07 14:34:00+00:00,83.91,83.94,83.89,83.94,2313.058
2026-03-07 14:35:00+00:00,83.94,84.03,83.93,84.03,1437.931
2026-03-07 14:36:00+00:00,84.02,84.02,83.96,83.96,992.394
2026-03-07 14:37:00+00:00,83.97,83.97,83.96,83.97,105.501
2026-03-07 14:38:00+00:00,83.97,84.13,83.96,84.12,1555.845
2026-03-07 14:39:00+00:00,84.12,84.42,84.11,84.37,2503.173
2026-03-07 14:40:00+00:00,84.38,84.4,84.22,84.25,2698.418
2026-03-07 14:41:00+00:00,84.25,84.33,84.24,84.24,1656.964
2026-03-07 14:42:00+00:00,84.25,84.29,84.25,84.26,1517.301
2026-03-07 14:43:00+00:00,84.26,84.29,84.23,84.24,996.878
2026-03-07 14:44:00+00:00,84.24,84.24,84.2,84.21,2085.271
2026-03-07 14:45:00+00:00,84.22,84.27,84.21,84.25,456.132
2026-03-07 14:46:00+00:00,84.25,84.26,84.24,84.25,234.248
2026-03-07 14:47:00+00:00,84.24,84.24,84.17,84.18,451.953
2026-03-07 14:48:00+00:00,84.19,84.19,84.11,84.15,487.301
2026-03-07 14:49:00+00:00,84.15,84.21,84.15,84.19,1234.821
2026-03-07 14:50:00+00:00,84.2,84.28,84.17,84.18,2592.269
2026-03-07 14:51:00+00:00,84.17,84.24,84.14,84.24,901.213
2026-03-07 14:52:00+00:00,84.23,84.24,84.2,84.22,529.277
2026-03-07 14:53:00+00:00,84.22,84.23,84.2,84.23,1096.469
2026-03-07 14:54:00+00:00,84.23,84.24,84.2,84.23,415.267
2026-03-07 14:55:00+00:00,84.24,84.29,84.22,84.28,3200.768
2026-03-07 14:56:00+00:00,84.28,84.28,84.24,84.26,203.085
2026-03-07 14:57:00+00:00,84.27,84.27,84.25,84.27,212.233
2026-03-07 14:58:00+00:00,84.27,84.28,84.24,84.26,1009.685
2026-03-07 14:59:00+00:00,84.25,84.25,84.21,84.23,959.879
2026-03-07 15:00:00+00:00,84.23,84.23,84.18,84.2,3438.248
2026-03-07 15:01:00+00:00,84.21,84.21,84.16,84.17,461.001
2026-03-07 15:02:00+00:00,84.17,84.17,84.1,84.14,1146.62
2026-03-07 15:03:00+00:00,84.13,84.14,84.1,84.12,2068.555
2026-03-07 15:04:00+00:00,84.12,84.12,84.08,84.1,1053.812
2026-03-07 15:05:00+00:00,84.1,84.1,83.98,84.03,2501.314
2026-03-07 15:06:00+00:00,84.03,84.15,84.03,84.1,1944.601
2026-03-07 15:07:00+00:00,84.09,84.12,84.07,84.11,982.933
2026-03-07 15:08:00+00:00,84.11,84.11,84.08,84.1,650.584
2026-03-07 15:09:00+00:00,84.1,84.11,84.06,84.08,533.357
2026-03-07 15:10:00+00:00,84.08,84.08,84.01,84.01,465.681
2026-03-07 15:11:00+00:00,84.02,84.02,83.99,84.0,555.765
2026-03-07 15:12:00+00:00,84.0,84.06,83.99,84.04,1088.822
2026-03-07 15:13:00+00:00,84.03,84.14,84.03,84.12,2465.229
2026-03-07 15:14:00+00:00,84.12,84.13,84.09,84.09,463.491
2026-03-07 15:15:00+00:00,84.09,84.16,84.08,84.16,631.694
2026-03-07 15:16:00+00:00,84.16,84.23,84.15,84.2,1151.243
2026-03-07 15:17:00+00:00,84.2,84.21,84.19,84.21,757.479
2026-03-07 15:18:00+00:00,84.21,84.22,84.2,84.21,596.986
2026-03-07 15:19:00+00:00,84.2,84.2,84.1,84.1,529.158
2026-03-07 15:20:00+00:00,84.11,84.11,83.99,84.06,1657.173
2026-03-07 15:21:00+00:00,84.07,84.07,83.99,83.99,1042.491
2026-03-07 15:22:00+00:00,83.99,84.07,83.98,84.07,1509.371
2026-03-07 15:23:00+00:00,84.07,84.13,84.06,84.13,802.043
2026-03-07 15:24:00+00:00,84.13,84.16,84.13,84.14,310.304
2026-03-07 15:25:00+00:00,84.13,84.13,84.08,84.08,407.972
2026-03-07 15:26:00+00:00,84.08,84.08,84.03,84.04,361.041
2026-03-07 15:27:00+00:00,84.04,84.08,84.03,84.04,2091.375
2026-03-07 15:28:00+00:00,84.03,84.03,83.98,84.01,979.422
2026-03-07 15:29:00+00:00,84.0,84.02,83.98,84.02,2839.344
2026-03-07 15:30:00+00:00,84.02,84.02,83.97,84.0,748.301
2026-03-07 15:31:00+00:00,83.99,84.0,83.82,83.88,4268.888
2026-03-07 15:32:00+00:00,83.89,84.0,83.89,83.99,669.717
2026-03-07 15:33:00+00:00,84.0,84.1,84.0,84.1,909.365
2026-03-07 15:34:00+00:00,84.1,84.14,84.07,84.1,472.606
2026-03-07 15:35:00+00:00,84.11,84.15,84.1,84.13,444.552
2026-03-07 15:36:00+00:00,84.12,84.13,84.0,84.0,616.936
2026-03-07 15:37:00+00:00,84.01,84.01,83.91,83.92,308.52
2026-03-07 15:38:00+00:00,83.92,83.93,83.75,83.78,1788.008
2026-03-07 15:39:00+00:00,83.78,83.79,83.42,83.57,20246.271
2026-03-07 15:40:00+00:00,83.56,83.65,83.46,83.54,5493.666
2026-03-07 15:41:00+00:00,83.54,83.6,83.52,83.58,2128.205
2026-03-07 15:42:00+00:00,83.58,83.6,83.55,83.56,656.3
2026-03-07 15:43:00+00:00,83.55,83.56,83.51,83.51,1277.182
2026-03-07 15:44:00+00:00,83.52,83.58,83.51,83.56,1908.492
2026-03-07 15:45:00+00:00,83.56,83.6,83.51,83.53,1491.068
2026-03-07 15:46:00+00:00,83.53,83.64,83.47,83.64,2563.925
2026-03-07 15:47:00+00:00,83.64,83.7,83.64,83.7,547.286
2026-03-07 15:48:00+00:00,83.69,83.7,83.69,83.7,1035.416
2026-03-07 15:49:00+00:00,83.7,83.71,83.67,83.68,477.287
2026-03-07 15:50:00+00:00,83.67,83.72,83.67,83.68,705.084
2026-03-07 15:51:00+00:00,83.67,83.72,83.66,83.68,848.096
2026-03-07 15:52:00+00:00,83.68,83.73,83.66,83.72,895.554
2026-03-07 15:53:00+00:00,83.72,83.76,83.72,83.75,505.74
2026-03-07 15:54:00+00:00,83.75,83.77,83.73,83.77,601.392
2026-03-07 15:55:00+00:00,83.77,83.82,83.76,83.78,2154.0
2026-03-07 15:56:00+00:00,83.78,83.79,83.76,83.77,1039.97
2026-03-07 15:57:00+00:00,83.76,83.81,83.76,83.79,989.546
2026-03-07 15:58:00+00:00,83.79,83.83,83.77,83.77,1402.127
2026-03-07 15:59:00+00:00,83.78,83.79,83.73,83.75,686.151
2026-03-07 16:00:00+00:00,83.75,83.75,83.66,83.66,1558.572
2026-03-07 16:01:00+00:00,83.66,83.7,83.65,83.65,1262.737
2026-03-07 16:02:00+00:00,83.65,83.7,83.6,83.69,719.203
2026-03-07 16:03:00+00:00,83.7,83.72,83.68,83.69,769.904
2026-03-07 16:04:00+00:00,83.7,83.7,83.65,83.67,1454.526
2026-03-07 16:05:00+00:00,83.66,83.67,83.6,83.62,2352.347
2026-03-07 16:06:00+00:00,83.63,83.65,83.63,83.64,141.074
2026-03-07 16:07:00+00:00,83.64,83.71,83.63,83.69,1038.709
2026-03-07 16:08:00+00:00,83.7,83.79,83.69,83.79,667.311
2026-03-07 16:09:00+00:00,83.79,83.79,83.74,83.76,253.735
2026-03-07 16:10:00+00:00,83.76,83.77,83.75,83.76,198.679
2026-03-07 16:11:00+00:00,83.76,83.76,83.74,83.76,846.31
2026-03-07 16:12:00+00:00,83.75,83.79,83.75,83.77,391.469
2026-03-07 16:13:00+00:00,83.77,83.78,83.77,83.78,157.706
2026-03-07 16:14:00+00:00,83.78,83.8,83.76,83.77,656.194
2026-03-07 16:15:00+00:00,83.77,83.78,83.69,83.72,399.066
2026-03-07 16:16:00+00:00,83.72,83.75,83.67,83.67,1379.366
2026-03-07 16:17:00+00:00,83.67,83.67,83.58,83.61,1060.698
2026-03-07 16:18:00+00:00,83.61,83.62,83.58,83.62,1069.697
2026-03-07 16:19:00+00:00,83.62,83.65,83.6,83.61,1025.987
2026-03-07 16:20:00+00:00,83.61,83.62,83.55,83.62,1549.006
2026-03-07 16:21:00+00:00,83.61,83.65,83.56,83.64,938.33
2026-03-07 16:22:00+00:00,83.65,83.65,83.64,83.65,254.72
2026-03-07 16:23:00+00:00,83.65,83.72,83.64,83.65,867.449
2026-03-07 16:24:00+00:00,83.65,83.65,83.55,83.56,1161.444
2026-03-07 16:25:00+00:00,83.57,83.62,83.57,83.59,657.192
2026-03-07 16:26:00+00:00,83.59,83.63,83.59,83.62,1162.09
2026-03-07 16:27:00+00:00,83.63,83.63,83.59,83.6,412.116
2026-03-07 16:28:00+00:00,83.59,83.6,83.57,83.59,349.609
2026-03-07 16:29:00+00:00,83.59,83.63,83.59,83.62,254.601
2026-03-07 16:30:00+00:00,83.62,83.64,83.59,83.63,554.342
2026-03-07 16:31:00+00:00,83.63,83.63,83.57,83.58,593.207
2026-03-07 16:32:00+00:00,83.58,83.65,83.58,83.64,614.099
2026-03-07 16:33:00+00:00,83.65,83.65,83.62,83.65,6134.755
2026-03-07 16:34:00+00:00,83.64,83.69,83.62,83.63,536.669
2026-03-07 16:35:00+00:00,83.62,83.64,83.58,83.63,1480.674
2026-03-07 16:36:00+00:00,83.63,83.63,83.59,83.59,221.144
2026-03-07 16:37:00+00:00,83.58,83.63,83.58,83.63,363.462
2026-03-07 16:38:00+00:00,83.63,83.65,83.63,83.65,1800.633
2026-03-07 16:39:00+00:00,83.65,83.66,83.59,83.6,2711.153
2026-03-07 16:40:00+00:00,83.6,83.6,83.5,83.52,1890.658
2026-03-07 16:41:00+00:00,83.52,83.57,83.5,83.56,910.846
2026-03-07 16:42:00+00:00,83.57,83.58,83.55,83.58,383.274
2026-03-07 16:43:00+00:00,83.58,83.61,83.58,83.61,626.451
2026-03-07 16:44:00+00:00,83.61,83.61,83.6,83.6,149.551
2026-03-07 16:45:00+00:00,83.6,83.61,83.6,83.61,106.904
2026-03-07 16:46:00+00:00,83.6,83.62,83.59,83.61,467.048
2026-03-07 16:47:00+00:00,83.61,83.64,83.57,83.57,629.361
2026-03-07 16:48:00+00:00,83.56,83.57,83.53,83.56,875.269
2026-03-07 16:49:00+00:00,83.56,83.57,83.51,83.56,2282.109
2026-03-07 16:50:00+00:00,83.57,83.6,83.55,83.55,1424.97
2026-03-07 16:51:00+00:00,83.56,83.57,83.53,83.56,504.317
2026-03-07 16:52:00+00:00,83.57,83.61,83.57,83.61,168.217
2026-03-07 16:53:00+00:00,83.6,83.64,83.6,83.6,244.854
2026-03-07 16:54:00+00:00,83.6,83.62,83.56,83.58,1082.312
2026-03-07 16:55:00+00:00,83.57,83.63,83.57,83.6,339.594
2026-03-07 16:56:00+00:00,83.59,83.59,83.55,83.57,473.481
2026-03-07 16:57:00+00:00,83.57,83.57,83.52,83.54,415.405
2026-03-07 16:58:00+00:00,83.54,83.6,83.54,83.59,474.735
2026-03-07 16:59:00+00:00,83.59,83.64,83.58,83.59,300.579
2026-03-07 17:00:00+00:00,83.59,83.61,83.57,83.59,768.299
2026-03-07 17:01:00+00:00,83.58,83.75,83.58,83.71,916.134
2026-03-07 17:02:00+00:00,83.72,83.75,83.71,83.75,311.789
2026-03-07 17:03:00+00:00,83.74,83.77,83.71,83.73,785.448
2026-03-07 17:04:00+00:00,83.74,83.79,83.73,83.78,646.877
2026-03-07 17:05:00+00:00,83.77,83.77,83.73,83.75,222.779
2026-03-07 17:06:00+00:00,83.76,83.77,83.72,83.73,1418.216
2026-03-07 17:07:00+00:00,83.72,83.77,83.71,83.74,526.075
2026-03-07 17:08:00+00:00,83.73,83.79,83.72,83.75,1198.603
2026-03-07 17:09:00+00:00,83.75,83.78,83.74,83.77,280.0
2026-03-07 17:10:00+00:00,83.77,83.77,83.73,83.77,351.959
2026-03-07 17:11:00+00:00,83.77,83.78,83.74,83.76,1108.693
2026-03-07 17:12:00+00:00,83.76,83.78,83.75,83.78,467.584
2026-03-07 17:13:00+00:00,83.79,83.85,83.78,83.85,615.034
2026-03-07 17:14:00+00:00,83.85,83.89,83.85,83.86,2981.448
2026-03-07 17:15:00+00:00,83.86,83.92,83.84,83.87,1072.764
2026-03-07 17:16:00+00:00,83.88,83.88,83.86,83.87,419.541
2026-03-07 17:17:00+00:00,83.86,83.86,83.83,83.85,1049.239
2026-03-07 17:18:00+00:00,83.84,83.84,83.82,83.83,181.162
2026-03-07 17:19:00+00:00,83.83,83.83,83.82,83.83,365.449
2026-03-07 17:20:00+00:00,83.84,83.97,83.83,83.95,1340.239
2026-03-07 17:21:00+00:00,83.95,84.03,83.95,84.02,1421.739
2026-03-07 17:22:00+00:00,84.02,84.04,83.99,84.04,467.351
2026-03-07 17:23:00+00:00,84.04,84.08,84.02,84.06,1257.82
2026-03-07 17:24:00+00:00,84.05,84.06,84.03,84.04,1442.766
2026-03-07 17:25:00+00:00,84.04,84.05,83.98,83.99,1165.182
2026-03-07 17:26:00+00:00,83.99,84.02,83.98,83.99,570.172
2026-03-07 17:27:00+00:00,84.0,84.0,83.95,83.97,376.901
2026-03-07 17:28:00+00:00,83.98,83.99,83.95,83.96,839.386
2026-03-07 17:29:00+00:00,83.96,83.98,83.96,83.98,432.759
2026-03-07 17:30:00+00:00,83.98,83.99,83.98,83.98,268.383
2026-03-07 17:31:00+00:00,83.99,84.0,83.98,83.98,670.989
2026-03-07 17:32:00+00:00,83.98,83.98,83.97,83.98,124.824
2026-03-07 17:33:00+00:00,83.97,83.98,83.95,83.96,654.588
2026-03-07 17:34:00+00:00,83.96,83.97,83.95,83.96,971.581
2026-03-07 17:35:00+00:00,83.96,83.96,83.95,83.96,141.024
2026-03-07 17:36:00+00:00,83.96,83.96,83.95,83.95,111.804
2026-03-07 17:37:00+00:00,83.95,83.96,83.94,83.96,1211.516
2026-03-07 17:38:00+00:00,83.96,83.96,83.94,83.96,4724.903
2026-03-07 17:39:00+00:00,83.95,83.97,83.95,83.96,503.341
2026-03-07 17:40:00+00:00,83.97,83.99,83.96,83.99,736.247
2026-03-07 17:41:00+00:00,83.98,83.99,83.97,83.99,162.746
2026-03-07 17:42:00+00:00,83.99,83.99,83.97,83.98,157.86
2026-03-07 17:43:00+00:00,83.98,83.98,83.97,83.98,82.876
2026-03-07 17:44:00+00:00,83.98,83.98,83.97,83.98,116.033
2026-03-07 17:45:00+00:00,83.98,83.98,83.94,83.96,884.009
2026-03-07 17:46:00+00:00,83.95,83.96,83.95,83.95,256.584
2026-03-07 17:47:00+00:00,83.95,83.96,83.95,83.95,239.752
2026-03-07 17:48:00+00:00,83.96,83.96,83.94,83.95,4457.961
2026-03-07 17:49:00+00:00,83.96,83.96,83.94,83.94,2803.433
2026-03-07 17:50:00+00:00,83.94,83.94,83.9,83.93,3282.801
2026-03-07 17:51:00+00:00,83.93,83.93,83.91,83.91,199.096
2026-03-07 17:52:00+00:00,83.91,83.92,83.91,83.92,154.288
2026-03-07 17:53:00+00:00,83.92,83.92,83.91,83.92,597.454
2026-03-07 17:54:00+00:00,83.92,83.92,83.9,83.91,897.972
2026-03-07 17:55:00+00:00,83.91,83.91,83.9,83.91,219.998
2026-03-07 17:56:00+00:00,83.91,83.91,83.9,83.9,110.68
2026-03-07 17:57:00+00:00,83.91,83.91,83.71,83.76,2345.318
2026-03-07 17:58:00+00:00,83.76,83.76,83.63,83.63,943.828
2026-03-07 17:59:00+00:00,83.64,83.66,83.56,83.61,3477.436
2026-03-07 18:00:00+00:00,83.62,83.63,83.46,83.47,4454.994
2026-03-07 18:01:00+00:00,83.47,83.5,83.4,83.44,2294.679
2026-03-07 18:02:00+00:00,83.44,83.46,83.01,83.07,19922.797
2026-03-07 18:03:00+00:00,83.06,83.32,83.06,83.23,2236.708
2026-03-07 18:04:00+00:00,83.24,83.29,83.23,83.27,1242.62
2026-03-07 18:05:00+00:00,83.28,83.29,83.23,83.26,457.153
2026-03-07 18:06:00+00:00,83.26,83.3,83.24,83.27,1719.985
2026-03-07 18:07:00+00:00,83.27,83.35,83.27,83.31,2105.811
2026-03-07 18:08:00+00:00,83.3,83.31,83.26,83.29,642.33
2026-03-07 18:09:00+00:00,83.28,83.33,83.27,83.31,280.212
2026-03-07 18:10:00+00:00,83.3,83.4,83.3,83.39,1257.015
2026-03-07 18:11:00+00:00,83.39,83.39,83.36,83.38,128.882
2026-03-07 18:12:00+00:00,83.38,83.38,83.32,83.36,1140.111
2026-03-07 18:13:00+00:00,83.37,83.38,83.36,83.37,348.065
2026-03-07 18:14:00+00:00,83.36,83.39,83.33,83.33,1151.126
2026-03-07 18:15:00+00:00,83.33,83.36,83.3,83.35,526.003
2026-03-07 18:16:00+00:00,83.36,83.42,83.35,83.42,317.58
2026-03-07 18:17:00+00:00,83.42,83.45,83.41,83.42,482.46
2026-03-07 18:18:00+00:00,83.43,83.44,83.37,83.37,308.893
2026-03-07 18:19:00+00:00,83.37,83.39,83.31,83.31,429.949
2026-03-07 18:20:00+00:00,83.31,83.32,83.26,83.3,450.852
2026-03-07 18:21:00+00:00,83.31,83.31,83.25,83.28,355.182
2026-03-07 18:22:00+00:00,83.27,83.43,83.27,83.41,3078.494
2026-03-07 18:23:00+00:00,83.41,83.46,83.41,83.45,1391.534
2026-03-07 18:24:00+00:00,83.44,83.47,83.42,83.44,1674.197
2026-03-07 18:25:00+00:00,83.45,83.46,83.42,83.44,299.285
2026-03-07 18:26:00+00:00,83.44,83.44,83.41,83.42,205.754
2026-03-07 18:27:00+00:00,83.42,83.43,83.39,83.4,415.744
2026-03-07 18:28:00+00:00,83.4,83.42,83.38,83.38,320.539
2026-03-07 18:29:00+00:00,83.38,83.45,83.37,83.45,860.416
2026-03-07 18:30:00+00:00,83.45,83.45,83.41,83.41,257.06
2026-03-07 18:31:00+00:00,83.41,83.41,83.37,83.38,301.136
2026-03-07 18:32:00+00:00,83.38,83.41,83.37,83.4,455.369
2026-03-07 18:33:00+00:00,83.41,83.41,83.3,83.3,478.724
2026-03-07 18:34:00+00:00,83.31,83.33,83.23,83.33,650.177
2026-03-07 18:35:00+00:00,83.33,83.37,83.33,83.33,306.354
2026-03-07 18:36:00+00:00,83.33,83.37,83.32,83.35,1223.783
2026-03-07 18:37:00+00:00,83.36,83.38,83.34,83.35,565.589
2026-03-07 18:38:00+00:00,83.35,83.35,83.28,83.32,1532.823
2026-03-07 18:39:00+00:00,83.33,83.4,83.33,83.39,626.888
2026-03-07 18:40:00+00:00,83.4,83.42,83.38,83.4,641.503
2026-03-07 18:41:00+00:00,83.39,83.41,83.39,83.4,187.112
2026-03-07 18:42:00+00:00,83.39,83.39,83.36,83.38,129.957
2026-03-07 18:43:00+00:00,83.38,83.38,83.35,83.36,292.43
2026-03-07 18:44:00+00:00,83.36,83.44,83.36,83.44,485.451
2026-03-07 18:45:00+00:00,83.43,83.45,83.42,83.44,277.159
2026-03-07 18:46:00+00:00,83.43,83.43,83.39,83.4,233.131
2026-03-07 18:47:00+00:00,83.39,83.4,83.38,83.39,120.699
2026-03-07 18:48:00+00:00,83.39,83.4,83.38,83.4,287.059
2026-03-07 18:49:00+00:00,83.4,83.44,83.39,83.43,446.851
2026-03-07 18:50:00+00:00,83.44,83.44,83.41,83.43,377.927
2026-03-07 18:51:00+00:00,83.43,83.43,83.38,83.38,97.085
2026-03-07 18:52:00+00:00,83.39,83.41,83.38,83.4,562.957
2026-03-07 18:53:00+00:00,83.41,83.43,83.4,83.42,153.328
2026-03-07 18:54:00+00:00,83.43,83.45,83.41,83.42,613.546
2026-03-07 18:55:00+00:00,83.42,83.43,83.41,83.41,293.145
2026-03-07 18:56:00+00:00,83.41,83.44,83.41,83.43,235.505
2026-03-07 18:57:00+00:00,83.44,83.44,83.37,83.4,401.291
2026-03-07 18:58:00+00:00,83.41,83.42,83.4,83.41,193.01
2026-03-07 18:59:00+00:00,83.42,83.42,83.38,83.38,140.709
2026-03-07 19:00:00+00:00,83.39,83.39,83.32,83.32,735.729
2026-03-07 19:01:00+00:00,83.33,83.33,83.26,83.26,805.704
2026-03-07 19:02:00+00:00,83.26,83.31,83.21,83.31,1079.388
2026-03-07 19:03:00+00:00,83.31,83.31,83.07,83.12,10918.425
2026-03-07 19:04:00+00:00,83.13,83.14,83.0,83.05,5875.318
2026-03-07 19:05:00+00:00,83.06,83.14,83.05,83.13,831.03
2026-03-07 19:06:00+00:00,83.13,83.14,83.11,83.13,977.929
2026-03-07 19:07:00+00:00,83.13,83.15,83.1,83.13,166.738
2026-03-07 19:08:00+00:00,83.14,83.2,83.13,83.2,466.335
2026-03-07 19:09:00+00:00,83.19,83.23,83.19,83.2,2485.895
2026-03-07 19:10:00+00:00,83.19,83.21,83.16,83.2,1778.339
2026-03-07 19:11:00+00:00,83.2,83.2,83.19,83.19,209.335
2026-03-07 19:12:00+00:00,83.18,83.19,83.18,83.18,185.995
2026-03-07 19:13:00+00:00,83.18,83.2,83.17,83.17,245.037
2026-03-07 19:14:00+00:00,83.18,83.18,83.11,83.11,4126.165
2026-03-07 19:15:00+00:00,83.12,83.17,83.12,83.17,730.193
2026-03-07 19:16:00+00:00,83.17,83.19,83.15,83.15,481.109
2026-03-07 19:17:00+00:00,83.15,83.16,83.14,83.15,384.134
2026-03-07 19:18:00+00:00,83.15,83.15,83.06,83.06,909.266
2026-03-07 19:19:00+00:00,83.06,83.06,82.8,82.9,26218.933
2026-03-07 19:20:00+00:00,82.91,83.04,82.88,83.02,2077.208
2026-03-07 19:21:00+00:00,83.02,83.07,82.98,83.02,843.531
2026-03-07 19:22:00+00:00,83.02,83.08,83.02,83.08,1040.331
2026-03-07 19:23:00+00:00,83.08,83.11,83.04,83.04,984.402
2026-03-07 19:24:00+00:00,83.04,83.05,82.98,82.98,961.571
2026-03-07 19:25:00+00:00,82.97,83.05,82.97,83.02,901.424
2026-03-07 19:26:00+00:00,83.02,83.02,82.9,82.91,853.099
2026-03-07 19:27:00+00:00,82.91,82.93,82.7,82.79,5182.491
2026-03-07 19:28:00+00:00,82.79,82.82,82.72,82.78,6762.696
2026-03-07 19:29:00+00:00,82.78,82.81,82.77,82.81,991.985
2026-03-07 19:30:00+00:00,82.81,82.88,82.79,82.86,1083.927
2026-03-07 19:31:00+00:00,82.86,82.89,82.8,82.81,561.467
2026-03-07 19:32:00+00:00,82.81,82.87,82.75,82.87,1112.462
2026-03-07 19:33:00+00:00,82.86,82.99,82.85,82.96,1543.491
2026-03-07 19:34:00+00:00,82.96,83.05,82.96,82.97,3051.781
2026-03-07 19:35:00+00:00,82.97,83.03,82.96,82.99,1035.777
2026-03-07 19:36:00+00:00,82.99,82.99,82.98,82.99,178.318
2026-03-07 19:37:00+00:00,82.99,83.05,82.99,83.04,741.265
2026-03-07 19:38:00+00:00,83.04,83.04,82.96,82.97,1669.341
2026-03-07 19:39:00+00:00,82.96,83.0,82.93,82.94,4282.404
2026-03-07 19:40:00+00:00,82.93,82.97,82.91,82.95,1354.112
2026-03-07 19:41:00+00:00,82.95,83.01,82.93,82.95,3843.573
2026-03-07 19:42:00+00:00,82.96,82.97,82.95,82.97,720.975
2026-03-07 19:43:00+00:00,82.98,83.01,82.98,83.01,2060.277
2026-03-07 19:44:00+00:00,83.01,83.02,82.95,82.95,935.331
2026-03-07 19:45:00+00:00,82.95,82.96,82.92,82.94,526.911
2026-03-07 19:46:00+00:00,82.94,82.94,82.9,82.91,192.188
2026-03-07 19:47:00+00:00,82.91,82.94,82.9,82.91,806.985
2026-03-07 19:48:00+00:00,82.91,82.91,82.82,82.83,1867.344
2026-03-07 19:49:00+00:00,82.83,82.83,82.57,82.59,8927.034
2026-03-07 19:50:00+00:00,82.59,82.64,82.41,82.41,13196.539
2026-03-07 19:51:00+00:00,82.41,82.52,82.37,82.46,2065.383
2026-03-07 19:52:00+00:00,82.47,82.59,82.47,82.53,1651.396
2026-03-07 19:53:00+00:00,82.52,82.62,82.49,82.49,4169.64
2026-03-07 19:54:00+00:00,82.49,82.54,82.37,82.42,25054.944
2026-03-07 19:55:00+00:00,82.41,82.47,82.28,82.46,11349.183
2026-03-07 19:56:00+00:00,82.46,82.49,82.44,82.46,6327.741
2026-03-07 19:57:00+00:00,82.47,82.55,82.47,82.54,3941.208
2026-03-07 19:58:00+00:00,82.54,82.58,82.47,82.5,4478.591
2026-03-07 19:59:00+00:00,82.5,82.53,82.49,82.53,581.399
2026-03-07 20:00:00+00:00,82.52,82.64,82.51,82.59,1681.221
2026-03-07 20:01:00+00:00,82.59,82.64,82.56,82.64,510.766
2026-03-07 20:02:00+00:00,82.64,82.72,82.64,82.69,798.099
2026-03-07 20:03:00+00:00,82.68,82.78,82.67,82.78,1870.751
2026-03-07 20:04:00+00:00,82.77,82.8,82.75,82.78,1645.036
2026-03-07 20:05:00+00:00,82.77,82.82,82.74,82.82,1935.991
2026-03-07 20:06:00+00:00,82.81,82.84,82.77,82.83,773.432
2026-03-07 20:07:00+00:00,82.84,82.89,82.83,82.84,473.762
2026-03-07 20:08:00+00:00,82.85,82.85,82.78,82.82,3735.101
2026-03-07 20:09:00+00:00,82.81,82.81,82.76,82.78,1337.492
2026-03-07 20:10:00+00:00,82.78,82.9,82.78,82.9,418.299
2026-03-07 20:11:00+00:00,82.9,82.95,82.89,82.9,678.676
2026-03-07 20:12:00+00:00,82.89,82.92,82.89,82.92,225.539
2026-03-07 20:13:00+00:00,82.92,82.93,82.89,82.92,862.225
2026-03-07 20:14:00+00:00,82.93,82.93,82.85,82.86,738.801
2026-03-07 20:15:00+00:00,82.86,82.89,82.85,82.85,934.368
2026-03-07 20:16:00+00:00,82.85,82.86,82.79,82.85,1781.149
2026-03-07 20:17:00+00:00,82.85,82.91,82.85,82.89,313.932
2026-03-07 20:18:00+00:00,82.89,82.89,82.86,82.86,394.983
2026-03-07 20:19:00+00:00,82.87,82.89,82.83,82.83,703.931
2026-03-07 20:20:00+00:00,82.84,82.84,82.75,82.78,458.998
2026-03-07 20:21:00+00:00,82.78,82.85,82.77,82.84,582.781
2026-03-07 20:22:00+00:00,82.85,82.85,82.79,82.8,315.81
2026-03-07 20:23:00+00:00,82.81,82.88,82.81,82.88,573.042
2026-03-07 20:24:00+00:00,82.88,82.88,82.84,82.87,442.597
2026-03-07 20:25:00+00:00,82.87,82.88,82.84,82.88,381.903
2026-03-07 20:26:00+00:00,82.88,82.9,82.87,82.88,431.565
2026-03-07 20:27:00+00:00,82.88,82.9,82.87,82.9,246.395
2026-03-07 20:28:00+00:00,82.9,82.93,82.89,82.92,220.427
2026-03-07 20:29:00+00:00,82.93,82.94,82.87,82.88,693.744
2026-03-07 20:30:00+00:00,82.87,82.89,82.85,82.88,219.871
2026-03-07 20:31:00+00:00,82.88,82.88,82.85,82.86,162.011
2026-03-07 20:32:00+00:00,82.86,82.88,82.85,82.88,552.862
2026-03-07 20:33:00+00:00,82.89,82.91,82.88,82.89,52.201
2026-03-07 20:34:00+00:00,82.88,82.94,82.88,82.89,424.476
2026-03-07 20:35:00+00:00,82.89,82.93,82.88,82.93,465.574
2026-03-07 20:36:00+00:00,82.92,82.97,82.91,82.96,297.284
2026-03-07 20:37:00+00:00,82.96,83.03,82.96,82.97,986.239
2026-03-07 20:38:00+00:00,82.97,83.13,82.97,83.1,4790.05
2026-03-07 20:39:00+00:00,83.11,83.11,83.07,83.08,549.889
2026-03-07 20:40:00+00:00,83.08,83.09,83.03,83.03,423.877
2026-03-07 20:41:00+00:00,83.04,83.04,83.03,83.04,168.163
2026-03-07 20:42:00+00:00,83.04,83.06,83.01,83.06,1094.272
2026-03-07 20:43:00+00:00,83.05,83.05,83.0,83.02,2654.509
2026-03-07 20:44:00+00:00,83.01,83.03,83.0,83.01,462.247
2026-03-07 20:45:00+00:00,83.0,83.04,83.0,83.03,479.327
2026-03-07 20:46:00+00:00,83.03,83.03,83.01,83.03,1088.229
2026-03-07 20:47:00+00:00,83.03,83.04,82.99,82.99,1111.47
2026-03-07 20:48:00+00:00,82.99,83.0,82.97,83.0,317.621
2026-03-07 20:49:00+00:00,83.0,83.06,82.99,83.04,1899.583
2026-03-07 20:50:00+00:00,83.05,83.05,82.92,82.96,622.645
2026-03-07 20:51:00+00:00,82.96,82.99,82.95,82.98,536.914
2026-03-07 20:52:00+00:00,82.99,83.01,82.98,83.0,257.628
2026-03-07 20:53:00+00:00,83.0,83.0,82.89,82.96,5621.628
2026-03-07 20:54:00+00:00,82.96,82.99,82.95,82.99,124.752
2026-03-07 20:55:00+00:00,82.98,83.0,82.95,82.99,361.088
2026-03-07 20:56:00+00:00,82.98,83.03,82.98,83.02,196.326
2026-03-07 20:57:00+00:00,83.03,83.07,83.03,83.04,227.064
2026-03-07 20:58:00+00:00,83.05,83.07,83.04,83.06,266.925
2026-03-07 20:59:00+00:00,83.06,83.07,83.02,83.02,173.412
2026-03-07 21:00:00+00:00,83.03,83.14,83.02,83.11,1090.718
2026-03-07 21:01:00+00:00,83.11,83.13,83.01,83.01,647.541
2026-03-07 21:02:00+00:00,83.0,83.0,82.89,82.94,1067.4
2026-03-07 21:03:00+00:00,82.94,82.95,82.91,82.92,660.954
2026-03-07 21:04:00+00:00,82.91,82.94,82.89,82.93,473.129
2026-03-07 21:05:00+00:00,82.93,82.94,82.89,82.93,480.597
2026-03-07 21:06:00+00:00,82.93,83.02,82.92,83.0,1782.291
2026-03-07 21:07:00+00:00,83.01,83.01,82.97,83.0,227.15
2026-03-07 21:08:00+00:00,83.01,83.04,83.0,83.02,597.502
2026-03-07 21:09:00+00:00,83.02,83.1,83.02,83.09,420.353
2026-03-07 21:10:00+00:00,83.09,83.1,83.07,83.08,567.418
2026-03-07 21:11:00+00:00,83.09,83.12,83.05,83.06,1132.267
2026-03-07 21:12:00+00:00,83.05,83.05,83.02,83.03,317.235
2026-03-07 21:13:00+00:00,83.03,83.05,83.02,83.05,472.294
2026-03-07 21:14:00+00:00,83.04,83.05,83.02,83.02,345.191
2026-03-07 21:15:00+00:00,83.02,83.04,83.01,83.03,435.356
2026-03-07 21:16:00+00:00,83.03,83.1,83.03,83.1,362.135
2026-03-07 21:17:00+00:00,83.1,83.14,83.08,83.13,273.011
2026-03-07 21:18:00+00:00,83.14,83.16,83.13,83.13,613.532
2026-03-07 21:19:00+00:00,83.13,83.14,83.01,83.01,1366.344
2026-03-07 21:20:00+00:00,83.01,83.08,83.01,83.06,561.885
2026-03-07 21:21:00+00:00,83.06,83.08,83.06,83.07,199.338
2026-03-07 21:22:00+00:00,83.07,83.07,83.05,83.07,373.847
2026-03-07 21:23:00+00:00,83.06,83.06,83.03,83.04,972.325
2026-03-07 21:24:00+00:00,83.04,83.06,83.03,83.05,812.859
2026-03-07 21:25:00+00:00,83.04,83.1,83.04,83.09,1611.445
2026-03-07 21:26:00+00:00,83.09,83.16,83.09,83.14,270.943
2026-03-07 21:27:00+00:00,83.13,83.14,83.13,83.13,220.602
2026-03-07 21:28:00+00:00,83.14,83.19,83.13,83.17,1771.724
2026-03-07 21:29:00+00:00,83.17,83.18,83.15,83.17,413.911
2026-03-07 21:30:00+00:00,83.17,83.18,83.15,83.16,431.283
2026-03-07 21:31:00+00:00,83.16,83.16,83.03,83.05,1539.264
2026-03-07 21:32:00+00:00,83.04,83.1,83.04,83.1,322.869
2026-03-07 21:33:00+00:00,83.11,83.12,83.09,83.1,218.008
2026-03-07 21:34:00+00:00,83.11,83.15,83.08,83.08,568.956
2026-03-07 21:35:00+00:00,83.08,83.08,82.93,82.96,1132.872
2026-03-07 21:36:00+00:00,82.96,83.0,82.95,82.97,942.529
2026-03-07 21:37:00+00:00,82.97,82.98,82.93,82.94,307.078
2026-03-07 21:38:00+00:00,82.94,82.95,82.91,82.94,1664.658
2026-03-07 21:39:00+00:00,82.94,83.0,82.93,82.96,1913.576
2026-03-07 21:40:00+00:00,82.95,82.97,82.95,82.96,162.561
2026-03-07 21:41:00+00:00,82.97,83.0,82.96,82.99,278.411
2026-03-07 21:42:00+00:00,83.0,83.04,82.99,83.03,536.096
2026-03-07 21:43:00+00:00,83.03,83.04,83.02,83.03,266.356
2026-03-07 21:44:00+00:00,83.04,83.09,83.03,83.09,252.03
2026-03-07 21:45:00+00:00,83.08,83.09,83.05,83.06,550.96
2026-03-07 21:46:00+00:00,83.06,83.07,83.02,83.02,220.465
2026-03-07 21:47:00+00:00,83.02,83.02,82.97,83.0,672.123
2026-03-07 21:48:00+00:00,83.0,83.08,83.0,83.07,184.65
2026-03-07 21:49:00+00:00,83.07,83.16,83.07,83.12,1277.299
2026-03-07 21:50:00+00:00,83.11,83.11,83.07,83.11,354.974
2026-03-07 21:51:00+00:00,83.11,83.11,83.09,83.09,89.387
2026-03-07 21:52:00+00:00,83.09,83.12,83.09,83.11,276.139
2026-03-07 21:53:00+00:00,83.1,83.11,83.1,83.1,103.633
2026-03-07 21:54:00+00:00,83.11,83.14,83.09,83.13,266.423
2026-03-07 21:55:00+00:00,83.14,83.15,83.13,83.13,105.482
2026-03-07 21:56:00+00:00,83.14,83.14,83.13,83.14,607.543
2026-03-07 21:57:00+00:00,83.15,83.3,83.15,83.26,2322.825
2026-03-07 21:58:00+00:00,83.25,83.26,83.24,83.25,1090.383
2026-03-07 21:59:00+00:00,83.24,83.28,83.24,83.28,210.258
2026-03-07 22:00:00+00:00,83.28,83.31,83.26,83.27,2546.512
2026-03-07 22:01:00+00:00,83.28,83.32,83.28,83.31,859.611
2026-03-07 22:02:00+00:00,83.31,83.31,83.28,83.3,718.359
2026-03-07 22:03:00+00:00,83.3,83.3,83.27,83.28,357.194
2026-03-07 22:04:00+00:00,83.27,83.27,83.22,83.26,450.666
2026-03-07 22:05:00+00:00,83.26,83.29,83.25,83.29,646.816
2026-03-07 22:06:00+00:00,83.29,83.29,83.23,83.24,927.461
2026-03-07 22:07:00+00:00,83.23,83.25,83.23,83.24,534.878
2026-03-07 22:08:00+00:00,83.24,83.24,83.23,83.23,45.539
2026-03-07 22:09:00+00:00,83.24,83.25,83.19,83.2,754.363
2026-03-07 22:10:00+00:00,83.19,83.23,83.19,83.23,349.291
2026-03-07 22:11:00+00:00,83.23,83.23,83.16,83.19,478.328
2026-03-07 22:12:00+00:00,83.19,83.22,83.19,83.22,103.986
2026-03-07 22:13:00+00:00,83.21,83.21,83.11,83.13,399.116
2026-03-07 22:14:00+00:00,83.13,83.13,83.06,83.07,501.175
2026-03-07 22:15:00+00:00,83.07,83.12,83.06,83.12,411.295
2026-03-07 22:16:00+00:00,83.11,83.13,83.11,83.12,82.842
2026-03-07 22:17:00+00:00,83.13,83.18,83.12,83.18,225.517
2026-03-07 22:18:00+00:00,83.19,83.19,83.14,83.15,414.616
2026-03-07 22:19:00+00:00,83.16,83.21,83.14,83.18,2808.978
2026-03-07 22:20:00+00:00,83.19,83.19,83.14,83.15,162.079
2026-03-07 22:21:00+00:00,83.15,83.16,83.04,83.04,204.45
2026-03-07 22:22:00+00:00,83.04,83.05,83.0,83.05,448.035
2026-03-07 22:23:00+00:00,83.05,83.08,83.05,83.06,523.814
2026-03-07 22:24:00+00:00,83.06,83.07,83.06,83.06,112.597
2026-03-07 22:25:00+00:00,83.07,83.1,83.06,83.07,353.001
2026-03-07 22:26:00+00:00,83.07,83.08,83.04,83.04,182.055
2026-03-07 22:27:00+00:00,83.04,83.07,83.04,83.06,254.745
2026-03-07 22:28:00+00:00,83.06,83.09,83.05,83.06,340.833
2026-03-07 22:29:00+00:00,83.07,83.07,83.02,83.04,1090.603
2026-03-07 22:30:00+00:00,83.04,83.1,83.04,83.08,746.853
2026-03-07 22:31:00+00:00,83.08,83.08,83.04,83.04,266.681
2026-03-07 22:32:00+00:00,83.04,83.06,83.02,83.02,367.133
2026-03-07 22:33:00+00:00,83.01,83.02,82.82,82.83,5544.66
2026-03-07 22:34:00+00:00,82.83,82.88,82.77,82.88,3750.991
2026-03-07 22:35:00+00:00,82.87,82.88,82.71,82.71,1302.794
2026-03-07 22:36:00+00:00,82.71,82.8,82.66,82.8,656.932
2026-03-07 22:37:00+00:00,82.8,82.9,82.8,82.83,1292.144
2026-03-07 22:38:00+00:00,82.84,82.95,82.84,82.95,809.865
2026-03-07 22:39:00+00:00,82.94,82.95,82.9,82.95,260.301
2026-03-07 22:40:00+00:00,82.95,83.02,82.94,83.01,574.782
2026-03-07 22:41:00+00:00,83.01,83.04,82.99,83.0,293.122
2026-03-07 22:42:00+00:00,83.01,83.04,83.0,83.04,148.069
2026-03-07 22:43:00+00:00,83.04,83.05,82.98,83.0,824.616
2026-03-07 22:44:00+00:00,82.99,83.04,82.98,83.0,622.76
2026-03-07 22:45:00+00:00,83.0,83.1,82.99,83.08,1209.566
2026-03-07 22:46:00+00:00,83.08,83.1,83.02,83.04,459.19
2026-03-07 22:47:00+00:00,83.04,83.08,83.04,83.07,300.086
2026-03-07 22:48:00+00:00,83.07,83.14,83.07,83.1,425.467
2026-03-07 22:49:00+00:00,83.1,83.1,83.04,83.08,237.051
2026-03-07 22:50:00+00:00,83.08,83.08,83.02,83.05,417.363
2026-03-07 22:51:00+00:00,83.05,83.05,83.04,83.05,128.072
2026-03-07 22:52:00+00:00,83.04,83.09,83.01,83.09,227.838
2026-03-07 22:53:00+00:00,83.08,83.09,83.06,83.06,743.905
2026-03-07 22:54:00+00:00,83.05,83.09,83.02,83.07,308.781
2026-03-07 22:55:00+00:00,83.07,83.07,82.97,82.98,110.351
2026-03-07 22:56:00+00:00,82.98,83.02,82.96,82.97,136.359
2026-03-07 22:57:00+00:00,82.96,82.96,82.9,82.93,261.364
2026-03-07 22:58:00+00:00,82.93,82.94,82.9,82.93,265.858
2026-03-07 22:59:00+00:00,82.93,82.99,82.92,82.98,753.959
2026-03-07 23:00:00+00:00,82.99,83.04,82.93,82.94,473.635
2026-03-07 23:01:00+00:00,82.93,82.96,82.93,82.95,393.982
2026-03-07 23:02:00+00:00,82.95,83.09,82.95,83.07,577.142
2026-03-07 23:03:00+00:00,83.07,83.13,83.06,83.1,421.798
2026-03-07 23:04:00+00:00,83.11,83.15,83.08,83.15,529.106
2026-03-07 23:05:00+00:00,83.15,83.2,83.14,83.2,226.66
2026-03-07 23:06:00+00:00,83.19,83.24,83.17,83.17,381.406
2026-03-07 23:07:00+00:00,83.17,83.18,83.15,83.16,201.576
2026-03-07 23:08:00+00:00,83.16,83.2,83.16,83.18,423.185
2026-03-07 23:09:00+00:00,83.18,83.18,83.15,83.15,401.632
2026-03-07 23:10:00+00:00,83.14,83.18,83.14,83.18,379.355
2026-03-07 23:11:00+00:00,83.17,83.19,83.14,83.16,560.909
2026-03-07 23:12:00+00:00,83.16,83.16,83.14,83.15,93.685
2026-03-07 23:13:00+00:00,83.14,83.16,83.13,83.14,107.171
2026-03-07 23:14:00+00:00,83.14,83.16,83.13,83.16,318.891
2026-03-07 23:15:00+00:00,83.16,83.18,83.13,83.13,251.323
2026-03-07 23:16:00+00:00,83.14,83.15,83.13,83.15,87.17
2026-03-07 23:17:00+00:00,83.15,83.18,83.14,83.18,242.931
2026-03-07 23:18:00+00:00,83.18,83.19,83.18,83.19,107.292
2026-03-07 23:19:00+00:00,83.19,83.21,83.15,83.16,912.312
2026-03-07 23:20:00+00:00,83.16,83.2,83.16,83.2,199.828
2026-03-07 23:21:00+00:00,83.2,83.21,83.19,83.21,166.684
2026-03-07 23:22:00+00:00,83.2,83.26,83.2,83.26,630.11
2026-03-07 23:23:00+00:00,83.26,83.26,83.21,83.22,540.233
2026-03-07 23:24:00+00:00,83.22,83.23,83.21,83.22,106.577
2026-03-07 23:25:00+00:00,83.22,83.25,83.19,83.19,449.282
2026-03-07 23:26:00+00:00,83.18,83.18,83.13,83.13,1143.97
2026-03-07 23:27:00+00:00,83.13,83.17,83.13,83.17,141.357
2026-03-07 23:28:00+00:00,83.16,83.17,83.16,83.16,105.181
2026-03-07 23:29:00+00:00,83.17,83.19,83.16,83.17,701.072
2026-03-07 23:30:00+00:00,83.17,83.19,83.15,83.19,523.394
2026-03-07 23:31:00+00:00,83.19,83.23,83.18,83.18,731.735
2026-03-07 23:32:00+00:00,83.18,83.18,83.16,83.17,235.942
2026-03-07 23:33:00+00:00,83.17,83.19,83.17,83.18,198.74
2026-03-07 23:34:00+00:00,83.19,83.19,83.15,83.16,275.883
2026-03-07 23:35:00+00:00,83.16,83.21,83.16,83.2,231.519
2026-03-07 23:36:00+00:00,83.21,83.22,83.2,83.2,84.903
2026-03-07 23:37:00+00:00,83.21,83.21,83.2,83.21,76.835
2026-03-07 23:38:00+00:00,83.21,83.21,83.12,83.14,1981.066
2026-03-07 23:39:00+00:00,83.15,83.15,83.13,83.14,133.946
2026-03-07 23:40:00+00:00,83.14,83.14,83.12,83.13,166.694
2026-03-07 23:41:00+00:00,83.14,83.14,83.12,83.14,131.456
2026-03-07 23:42:00+00:00,83.14,83.16,83.13,83.15,210.588
2026-03-07 23:43:00+00:00,83.16,83.16,83.15,83.15,104.623
2026-03-07 23:44:00+00:00,83.16,83.18,83.15,83.17,525.614
2026-03-07 23:45:00+00:00,83.17,83.23,83.17,83.19,774.641
2026-03-07 23:46:00+00:00,83.19,83.2,83.15,83.15,893.991
2026-03-07 23:47:00+00:00,83.15,83.16,83.13,83.15,188.352
2026-03-07 23:48:00+00:00,83.15,83.18,83.15,83.17,506.279
2026-03-07 23:49:00+00:00,83.17,83.19,83.17,83.18,319.853
2026-03-07 23:50:00+00:00,83.18,83.18,83.16,83.16,297.101
2026-03-07 23:51:00+00:00,83.17,83.19,83.17,83.19,223.667
2026-03-07 23:52:00+00:00,83.19,83.19,83.16,83.17,496.546
2026-03-07 23:53:00+00:00,83.16,83.18,83.16,83.18,224.996
2026-03-07 23:54:00+00:00,83.18,83.18,83.17,83.18,37.236
2026-03-07 23:55:00+00:00,83.17,83.2,83.17,83.2,142.528
2026-03-07 23:56:00+00:00,83.2,83.2,83.19,83.19,39.768
2026-03-07 23:57:00+00:00,83.2,83.21,83.19,83.21,263.654
2026-03-07 23:58:00+00:00,83.21,83.21,83.2,83.21,55.277
2026-03-07 23:59:00+00:00,83.21,83.23,83.18,83.22,1107.318
2026-03-08 00:00:00+00:00,83.22,83.29,83.22,83.29,697.76
2026-03-08 00:01:00+00:00,83.28,83.32,83.28,83.31,218.059
2026-03-08 00:02:00+00:00,83.32,83.44,83.31,83.41,1864.956
2026-03-08 00:03:00+00:00,83.41,83.41,83.34,83.4,1802.987
2026-03-08 00:04:00+00:00,83.39,83.41,83.39,83.4,310.529
2026-03-08 00:05:00+00:00,83.41,83.49,83.4,83.47,1073.348
2026-03-08 00:06:00+00:00,83.46,83.46,83.4,83.4,732.033
2026-03-08 00:07:00+00:00,83.41,83.42,83.39,83.41,489.764
2026-03-08 00:08:00+00:00,83.41,83.44,83.41,83.44,518.454
2026-03-08 00:09:00+00:00,83.44,83.46,83.43,83.44,629.635
2026-03-08 00:10:00+00:00,83.43,83.48,83.43,83.47,638.089
2026-03-08 00:11:00+00:00,83.46,83.46,83.39,83.39,626.774
2026-03-08 00:12:00+00:00,83.39,83.39,83.37,83.37,139.847
2026-03-08 00:13:00+00:00,83.37,83.38,83.36,83.38,566.181
2026-03-08 00:14:00+00:00,83.39,83.42,83.35,83.36,564.221
2026-03-08 00:15:00+00:00,83.36,83.38,83.33,83.35,712.771
2026-03-08 00:16:00+00:00,83.35,83.36,83.34,83.35,143.886
2026-03-08 00:17:00+00:00,83.34,83.35,83.3,83.32,609.121
2026-03-08 00:18:00+00:00,83.33,83.35,83.3,83.31,2289.438
2026-03-08 00:19:00+00:00,83.31,83.32,83.3,83.32,448.589
2026-03-08 00:20:00+00:00,83.33,83.34,83.32,83.34,391.603
2026-03-08 00:21:00+00:00,83.33,83.35,83.32,83.34,344.441
2026-03-08 00:22:00+00:00,83.35,83.44,83.34,83.44,562.911
2026-03-08 00:23:00+00:00,83.44,83.44,83.23,83.27,1514.267
2026-03-08 00:24:00+00:00,83.26,83.26,83.22,83.23,390.889
2026-03-08 00:25:00+00:00,83.23,83.25,83.22,83.23,293.541
2026-03-08 00:26:00+00:00,83.22,83.22,83.16,83.2,876.601
2026-03-08 00:27:00+00:00,83.2,83.23,83.2,83.2,3361.818
2026-03-08 00:28:00+00:00,83.2,83.2,83.18,83.19,439.254
2026-03-08 00:29:00+00:00,83.19,83.21,83.19,83.19,220.476
2026-03-08 00:30:00+00:00,83.2,83.25,83.2,83.2,1167.058
2026-03-08 00:31:00+00:00,83.2,83.2,83.13,83.14,1130.703
2026-03-08 00:32:00+00:00,83.14,83.14,83.1,83.11,837.585
2026-03-08 00:33:00+00:00,83.1,83.13,83.1,83.1,559.519
2026-03-08 00:34:00+00:00,83.1,83.13,83.1,83.12,436.323
2026-03-08 00:35:00+00:00,83.12,83.12,83.06,83.09,423.199
2026-03-08 00:36:00+00:00,83.09,83.13,83.06,83.07,664.498
2026-03-08 00:37:00+00:00,83.07,83.07,83.0,83.04,2187.107
2026-03-08 00:38:00+00:00,83.05,83.05,83.04,83.05,84.344
2026-03-08 00:39:00+00:00,83.05,83.09,83.04,83.09,348.261
2026-03-08 00:40:00+00:00,83.08,83.12,83.08,83.12,223.946
2026-03-08 00:41:00+00:00,83.11,83.12,83.06,83.07,607.186
2026-03-08 00:42:00+00:00,83.06,83.08,83.05,83.05,960.049
2026-03-08 00:43:00+00:00,83.06,83.06,82.97,82.99,4376.407
2026-03-08 00:44:00+00:00,83.0,83.07,82.99,83.07,1998.036
2026-03-08 00:45:00+00:00,83.07,83.09,83.05,83.05,519.764
2026-03-08 00:46:00+00:00,83.06,83.06,82.98,82.99,349.394
2026-03-08 00:47:00+00:00,82.99,82.99,82.93,82.97,1286.812
2026-03-08 00:48:00+00:00,82.97,82.99,82.95,82.95,1321.903
2026-03-08 00:49:00+00:00,82.95,82.96,82.93,82.93,317.258
2026-03-08 00:50:00+00:00,82.94,83.02,82.94,82.99,1091.316
2026-03-08 00:51:00+00:00,82.99,82.99,82.95,82.97,1134.833
2026-03-08 00:52:00+00:00,82.98,83.02,82.97,82.99,1506.602
2026-03-08 00:53:00+00:00,82.99,83.03,82.99,83.02,169.033
2026-03-08 00:54:00+00:00,83.02,83.07,83.02,83.05,1026.83
2026-03-08 00:55:00+00:00,83.05,83.05,83.02,83.03,215.222
2026-03-08 00:56:00+00:00,83.02,83.05,83.02,83.05,258.002
2026-03-08 00:57:00+00:00,83.05,83.13,83.04,83.13,1499.393
2026-03-08 00:58:00+00:00,83.13,83.13,83.11,83.12,107.369
2026-03-08 00:59:00+00:00,83.11,83.12,83.06,83.06,290.197
2026-03-08 01:00:00+00:00,83.07,83.09,83.06,83.06,411.497
2026-03-08 01:01:00+00:00,83.06,83.06,83.02,83.02,59.614
2026-03-08 01:02:00+00:00,83.03,83.05,83.0,83.0,309.049
2026-03-08 01:03:00+00:00,83.01,83.01,82.95,82.95,677.653
2026-03-08 01:04:00+00:00,82.96,82.96,82.92,82.92,588.689
2026-03-08 01:05:00+00:00,82.91,82.93,82.85,82.89,1000.224
2026-03-08 01:06:00+00:00,82.9,83.01,82.9,83.01,755.741
2026-03-08 01:07:00+00:00,83.01,83.13,83.01,83.12,2181.686
2026-03-08 01:08:00+00:00,83.13,83.15,83.11,83.14,291.059
2026-03-08 01:09:00+00:00,83.13,83.18,83.13,83.17,830.826
2026-03-08 01:10:00+00:00,83.17,83.17,83.06,83.06,456.364
2026-03-08 01:11:00+00:00,83.07,83.07,83.03,83.04,97.915
2026-03-08 01:12:00+00:00,83.04,83.12,83.04,83.12,597.262
2026-03-08 01:13:00+00:00,83.12,83.12,83.11,83.12,439.728
2026-03-08 01:14:00+00:00,83.12,83.14,83.11,83.12,171.371
2026-03-08 01:15:00+00:00,83.12,83.17,83.12,83.13,355.761
2026-03-08 01:16:00+00:00,83.13,83.22,83.13,83.21,959.946
2026-03-08 01:17:00+00:00,83.21,83.21,83.13,83.16,2847.348
2026-03-08 01:18:00+00:00,83.16,83.16,83.1,83.11,363.035
2026-03-08 01:19:00+00:00,83.11,83.11,83.09,83.09,328.005
2026-03-08 01:20:00+00:00,83.1,83.15,83.09,83.15,1133.798
2026-03-08 01:21:00+00:00,83.15,83.16,83.14,83.16,1343.417
2026-03-08 01:22:00+00:00,83.15,83.16,83.1,83.11,2259.169
2026-03-08 01:23:00+00:00,83.1,83.11,83.09,83.11,286.741
2026-03-08 01:24:00+00:00,83.11,83.16,83.11,83.13,257.616
2026-03-08 01:25:00+00:00,83.13,83.15,83.13,83.15,135.177
2026-03-08 01:26:00+00:00,83.15,83.15,83.13,83.13,105.137
2026-03-08 01:27:00+00:00,83.13,83.14,83.11,83.12,143.316
2026-03-08 01:28:00+00:00,83.11,83.14,83.11,83.14,621.262
2026-03-08 01:29:00+00:00,83.15,83.15,82.99,82.99,1896.845
2026-03-08 01:30:00+00:00,82.99,82.99,82.82,82.84,574.975
2026-03-08 01:31:00+00:00,82.83,82.85,82.78,82.83,596.132
2026-03-08 01:32:00+00:00,82.83,82.83,82.73,82.75,520.238
2026-03-08 01:33:00+00:00,82.75,82.82,82.7,82.72,3083.321
2026-03-08 01:34:00+00:00,82.72,82.75,82.72,82.73,422.239
2026-03-08 01:35:00+00:00,82.74,82.78,82.73,82.77,1879.865
2026-03-08 01:36:00+00:00,82.77,82.88,82.76,82.83,4593.795
2026-03-08 01:37:00+00:00,82.84,82.91,82.81,82.9,1617.512
2026-03-08 01:38:00+00:00,82.89,82.91,82.89,82.91,122.619
2026-03-08 01:39:00+00:00,82.9,82.91,82.88,82.88,322.77
2026-03-08 01:40:00+00:00,82.88,82.9,82.88,82.88,363.712
2026-03-08 01:41:00+00:00,82.89,82.91,82.88,82.91,489.517
2026-03-08 01:42:00+00:00,82.91,82.92,82.9,82.92,188.038
2026-03-08 01:43:00+00:00,82.92,83.0,82.92,83.0,772.857
2026-03-08 01:44:00+00:00,83.0,83.04,83.0,83.03,708.001
2026-03-08 01:45:00+00:00,83.03,83.03,83.0,83.01,226.023
2026-03-08 01:46:00+00:00,83.01,83.01,83.0,83.0,57.077
2026-03-08 01:47:00+00:00,83.0,83.09,83.0,83.07,1386.036
2026-03-08 01:48:00+00:00,83.07,83.09,83.01,83.05,2105.57
2026-03-08 01:49:00+00:00,83.06,83.1,83.05,83.1,487.654
2026-03-08 01:50:00+00:00,83.09,83.1,83.09,83.09,111.763
2026-03-08 01:51:00+00:00,83.09,83.13,83.09,83.12,162.087
2026-03-08 01:52:00+00:00,83.12,83.14,83.12,83.14,236.23
2026-03-08 01:53:00+00:00,83.13,83.13,83.09,83.1,724.797
2026-03-08 01:54:00+00:00,83.1,83.12,83.1,83.11,618.934
2026-03-08 01:55:00+00:00,83.11,83.11,83.06,83.07,1425.681
2026-03-08 01:56:00+00:00,83.07,83.08,83.06,83.06,551.875
2026-03-08 01:57:00+00:00,83.05,83.06,82.98,82.99,555.365
2026-03-08 01:58:00+00:00,82.99,82.99,82.97,82.98,112.838
2026-03-08 01:59:00+00:00,82.98,82.98,82.97,82.98,49.249
2026-03-08 02:00:00+00:00,82.97,82.97,82.91,82.92,941.335
2026-03-08 02:01:00+00:00,82.92,82.92,82.9,82.92,421.525
2026-03-08 02:02:00+00:00,82.91,82.93,82.9,82.92,365.739
2026-03-08 02:03:00+00:00,82.93,82.95,82.93,82.95,179.114
2026-03-08 02:04:00+00:00,82.94,82.95,82.92,82.92,257.649
2026-03-08 02:05:00+00:00,82.93,82.93,82.88,82.9,785.687
2026-03-08 02:06:00+00:00,82.9,82.93,82.89,82.93,453.059
2026-03-08 02:07:00+00:00,82.93,82.93,82.92,82.92,193.248
2026-03-08 02:08:00+00:00,82.93,82.93,82.91,82.91,254.633
2026-03-08 02:09:00+00:00,82.9,82.9,82.82,82.83,986.192
2026-03-08 02:10:00+00:00,82.83,82.84,82.81,82.81,332.947
2026-03-08 02:11:00+00:00,82.82,82.85,82.81,82.81,464.32
2026-03-08 02:12:00+00:00,82.81,82.81,82.78,82.8,281.717
2026-03-08 02:13:00+00:00,82.8,82.85,82.8,82.85,808.397
2026-03-08 02:14:00+00:00,82.85,82.98,82.85,82.98,1145.285
2026-03-08 02:15:00+00:00,82.97,82.98,82.94,82.97,1456.408
2026-03-08 02:16:00+00:00,82.98,83.04,82.97,83.04,641.923
2026-03-08 02:17:00+00:00,83.03,83.07,83.03,83.07,128.628
2026-03-08 02:18:00+00:00,83.07,83.07,82.98,82.98,1634.752
2026-03-08 02:19:00+00:00,82.98,82.99,82.88,82.92,556.433
2026-03-08 02:20:00+00:00,82.92,82.98,82.92,82.97,612.226
2026-03-08 02:21:00+00:00,82.97,82.99,82.97,82.99,175.304
2026-03-08 02:22:00+00:00,82.99,82.99,82.98,82.98,46.662
2026-03-08 02:23:00+00:00,82.99,82.99,82.95,82.96,291.509
2026-03-08 02:24:00+00:00,82.96,82.96,82.94,82.96,230.292
2026-03-08 02:25:00+00:00,82.95,82.99,82.94,82.96,1195.638
2026-03-08 02:26:00+00:00,82.96,82.96,82.91,82.92,301.2
2026-03-08 02:27:00+00:00,82.91,82.91,82.82,82.83,235.815
2026-03-08 02:28:00+00:00,82.82,82.83,82.77,82.78,857.784
2026-03-08 02:29:00+00:00,82.78,82.78,82.74,82.76,902.163
2026-03-08 02:30:00+00:00,82.77,82.77,82.68,82.7,853.108
2026-03-08 02:31:00+00:00,82.69,82.69,82.53,82.6,2920.647
2026-03-08 02:32:00+00:00,82.61,82.69,82.57,82.6,3400.079
2026-03-08 02:33:00+00:00,82.6,82.67,82.6,82.66,582.991
2026-03-08 02:34:00+00:00,82.66,82.69,82.66,82.67,503.224
2026-03-08 02:35:00+00:00,82.67,82.74,82.66,82.73,445.01
2026-03-08 02:36:00+00:00,82.73,82.73,82.66,82.66,927.483
2026-03-08 02:37:00+00:00,82.66,82.67,82.63,82.65,1632.841
2026-03-08 02:38:00+00:00,82.65,82.72,82.65,82.72,1082.151
2026-03-08 02:39:00+00:00,82.71,82.77,82.71,82.77,250.897
2026-03-08 02:40:00+00:00,82.77,82.8,82.76,82.8,587.808
2026-03-08 02:41:00+00:00,82.8,82.82,82.75,82.81,1090.376
2026-03-08 02:42:00+00:00,82.81,82.85,82.79,82.84,484.394
2026-03-08 02:43:00+00:00,82.84,83.09,82.84,83.08,6088.762
2026-03-08 02:44:00+00:00,83.07,83.1,83.04,83.07,968.392
2026-03-08 02:45:00+00:00,83.07,83.07,82.85,82.85,2995.958
2026-03-08 02:46:00+00:00,82.86,82.89,82.81,82.81,2187.985
2026-03-08 02:47:00+00:00,82.81,82.83,82.62,82.63,1994.402
2026-03-08 02:48:00+00:00,82.63,82.71,82.63,82.67,1177.416
2026-03-08 02:49:00+00:00,82.66,82.66,82.48,82.48,3531.787
2026-03-08 02:50:00+00:00,82.49,82.62,82.22,82.24,12296.079
2026-03-08 02:51:00+00:00,82.24,82.42,82.11,82.36,11191.126
2026-03-08 02:52:00+00:00,82.35,82.41,82.35,82.36,1537.89
2026-03-08 02:53:00+00:00,82.36,82.43,82.35,82.42,1148.374
2026-03-08 02:54:00+00:00,82.43,82.51,82.42,82.51,1714.955
2026-03-08 02:55:00+00:00,82.5,82.54,82.48,82.54,1158.12
2026-03-08 02:56:00+00:00,82.54,82.56,82.4,82.4,1271.425
2026-03-08 02:57:00+00:00,82.39,82.41,82.33,82.41,1320.867
2026-03-08 02:58:00+00:00,82.4,82.46,82.33,82.38,2630.362
2026-03-08 02:59:00+00:00,82.39,82.44,82.38,82.39,617.169
2026-03-08 03:00:00+00:00,82.4,82.42,82.33,82.42,4041.867
2026-03-08 03:01:00+00:00,82.41,82.42,82.36,82.36,1292.685
2026-03-08 03:02:00+00:00,82.36,82.36,82.31,82.33,1244.595
2026-03-08 03:03:00+00:00,82.34,82.46,82.34,82.38,1674.138
2026-03-08 03:04:00+00:00,82.39,82.45,82.37,82.37,720.056
2026-03-08 03:05:00+00:00,82.37,82.4,82.33,82.38,527.224
2026-03-08 03:06:00+00:00,82.39,82.43,82.38,82.41,2083.045
2026-03-08 03:07:00+00:00,82.4,82.49,82.39,82.44,3061.896
2026-03-08 03:08:00+00:00,82.44,82.45,82.36,82.36,1698.826
2026-03-08 03:09:00+00:00,82.35,82.41,82.27,82.29,1847.574
2026-03-08 03:10:00+00:00,82.29,82.41,82.28,82.36,2945.745
2026-03-08 03:11:00+00:00,82.35,82.39,82.34,82.37,974.491
2026-03-08 03:12:00+00:00,82.38,82.57,82.38,82.55,3983.502
2026-03-08 03:13:00+00:00,82.54,82.58,82.52,82.55,1076.141
2026-03-08 03:14:00+00:00,82.55,82.56,82.52,82.56,1022.132
2026-03-08 03:15:00+00:00,82.56,82.66,82.56,82.66,713.971
2026-03-08 03:16:00+00:00,82.65,82.75,82.65,82.67,730.773
2026-03-08 03:17:00+00:00,82.66,82.69,82.63,82.66,965.246
2026-03-08 03:18:00+00:00,82.67,82.67,82.59,82.63,1201.507
2026-03-08 03:19:00+00:00,82.62,82.66,82.61,82.65,1162.18
2026-03-08 03:20:00+00:00,82.65,82.65,82.63,82.65,365.755
2026-03-08 03:21:00+00:00,82.65,82.65,82.62,82.63,592.988
2026-03-08 03:22:00+00:00,82.63,82.68,82.63,82.65,516.737
2026-03-08 03:23:00+00:00,82.64,82.64,82.57,82.64,1970.57
2026-03-08 03:24:00+00:00,82.64,82.7,82.64,82.67,407.39
2026-03-08 03:25:00+00:00,82.67,82.67,82.61,82.61,451.169
2026-03-08 03:26:00+00:00,82.62,82.68,82.61,82.65,1971.717
2026-03-08 03:27:00+00:00,82.66,82.68,82.65,82.66,399.831
2026-03-08 03:28:00+00:00,82.65,82.68,82.65,82.68,400.346
2026-03-08 03:29:00+00:00,82.68,82.69,82.65,82.66,768.569
2026-03-08 03:30:00+00:00,82.66,82.67,82.62,82.67,574.373
2026-03-08 03:31:00+00:00,82.67,82.67,82.52,82.55,1093.899
2026-03-08 03:32:00+00:00,82.55,82.58,82.54,82.57,334.105
2026-03-08 03:33:00+00:00,82.56,82.59,82.52,82.53,569.994
2026-03-08 03:34:00+00:00,82.53,82.58,82.45,82.52,3770.031
2026-03-08 03:35:00+00:00,82.53,82.53,82.48,82.5,375.083
2026-03-08 03:36:00+00:00,82.5,82.53,82.5,82.53,504.321
2026-03-08 03:37:00+00:00,82.53,82.56,82.48,82.5,914.352
2026-03-08 03:38:00+00:00,82.49,82.55,82.49,82.55,934.25
2026-03-08 03:39:00+00:00,82.55,82.58,82.49,82.49,1412.133
2026-03-08 03:40:00+00:00,82.5,82.5,82.44,82.48,387.706
2026-03-08 03:41:00+00:00,82.47,82.49,82.45,82.48,541.768
2026-03-08 03:42:00+00:00,82.48,82.48,82.41,82.42,360.194
2026-03-08 03:43:00+00:00,82.42,82.5,82.41,82.49,1593.052
2026-03-08 03:44:00+00:00,82.49,82.49,82.46,82.47,777.317
2026-03-08 03:45:00+00:00,82.46,82.47,82.42,82.44,535.986
2026-03-08 03:46:00+00:00,82.44,82.45,82.43,82.43,615.103
2026-03-08 03:47:00+00:00,82.43,82.47,82.43,82.44,638.857
2026-03-08 03:48:00+00:00,82.44,82.47,82.44,82.45,596.229
2026-03-08 03:49:00+00:00,82.45,82.45,82.35,82.37,1330.224
2026-03-08 03:50:00+00:00,82.36,82.43,82.36,82.41,245.097
2026-03-08 03:51:00+00:00,82.41,82.41,82.35,82.35,349.081
2026-03-08 03:52:00+00:00,82.35,82.41,82.35,82.4,383.95
2026-03-08 03:53:00+00:00,82.4,82.41,82.39,82.4,479.854
2026-03-08 03:54:00+00:00,82.4,82.4,82.34,82.36,1416.141
2026-03-08 03:55:00+00:00,82.37,82.4,82.34,82.39,1988.65
2026-03-08 03:56:00+00:00,82.4,82.47,82.39,82.43,4286.004
2026-03-08 03:57:00+00:00,82.43,82.43,82.38,82.38,2301.922
2026-03-08 03:58:00+00:00,82.38,82.42,82.38,82.41,1241.931
2026-03-08 03:59:00+00:00,82.41,82.43,82.33,82.34,2094.443
2026-03-08 04:00:00+00:00,82.34,82.37,82.31,82.37,1890.52
2026-03-08 04:01:00+00:00,82.37,82.39,82.33,82.33,260.639
2026-03-08 04:02:00+00:00,82.33,82.34,82.3,82.3,369.477
2026-03-08 04:03:00+00:00,82.31,82.34,82.27,82.33,912.055
2026-03-08 04:04:00+00:00,82.33,82.47,82.33,82.46,1445.317
2026-03-08 04:05:00+00:00,82.46,82.47,82.45,82.46,259.136
2026-03-08 04:06:00+00:00,82.46,82.46,82.44,82.46,405.59
2026-03-08 04:07:00+00:00,82.45,82.53,82.45,82.5,805.769
2026-03-08 04:08:00+00:00,82.51,82.56,82.5,82.55,930.834
2026-03-08 04:09:00+00:00,82.55,82.55,82.46,82.48,2260.575
2026-03-08 04:10:00+00:00,82.47,82.48,82.44,82.46,380.527
2026-03-08 04:11:00+00:00,82.46,82.5,82.45,82.46,1218.862
2026-03-08 04:12:00+00:00,82.45,82.47,82.37,82.37,630.342
2026-03-08 04:13:00+00:00,82.37,82.37,82.26,82.29,1111.856
2026-03-08 04:14:00+00:00,82.29,82.42,82.29,82.42,2495.536
2026-03-08 04:15:00+00:00,82.42,82.42,82.36,82.37,1129.393
2026-03-08 04:16:00+00:00,82.37,82.41,82.37,82.41,188.76
2026-03-08 04:17:00+00:00,82.41,82.45,82.41,82.45,618.596
2026-03-08 04:18:00+00:00,82.45,82.49,82.44,82.48,502.938
2026-03-08 04:19:00+00:00,82.49,82.5,82.47,82.5,314.336
2026-03-08 04:20:00+00:00,82.5,82.52,82.48,82.51,1055.844
2026-03-08 04:21:00+00:00,82.5,82.5,82.45,82.46,162.454
2026-03-08 04:22:00+00:00,82.47,82.48,82.46,82.47,288.091
2026-03-08 04:23:00+00:00,82.47,82.48,82.46,82.48,301.26
2026-03-08 04:24:00+00:00,82.48,82.48,82.44,82.47,260.634
2026-03-08 04:25:00+00:00,82.47,82.48,82.44,82.47,821.557
2026-03-08 04:26:00+00:00,82.48,82.49,82.47,82.48,94.742
2026-03-08 04:27:00+00:00,82.49,82.5,82.47,82.49,748.066
2026-03-08 04:28:00+00:00,82.48,82.49,82.4,82.42,270.68
2026-03-08 04:29:00+00:00,82.43,82.48,82.43,82.46,664.82
2026-03-08 04:30:00+00:00,82.46,82.47,82.44,82.44,365.288
2026-03-08 04:31:00+00:00,82.45,82.45,82.37,82.38,451.822
2026-03-08 04:32:00+00:00,82.38,82.41,82.3,82.34,3256.023
2026-03-08 04:33:00+00:00,82.34,82.37,82.32,82.36,441.282
2026-03-08 04:34:00+00:00,82.37,82.39,82.35,82.35,226.87
2026-03-08 04:35:00+00:00,82.35,82.35,82.27,82.28,588.052
2026-03-08 04:36:00+00:00,82.27,82.31,82.27,82.3,424.357
2026-03-08 04:37:00+00:00,82.3,82.3,82.23,82.26,1978.723
2026-03-08 04:38:00+00:00,82.26,82.28,82.25,82.25,316.536
2026-03-08 04:39:00+00:00,82.25,82.32,82.24,82.29,1697.39
2026-03-08 04:40:00+00:00,82.3,82.32,82.28,82.3,485.693
2026-03-08 04:41:00+00:00,82.3,82.3,82.23,82.26,1458.451
2026-03-08 04:42:00+00:00,82.26,82.33,82.26,82.33,293.904
2026-03-08 04:43:00+00:00,82.33,82.37,82.33,82.34,646.502
2026-03-08 04:44:00+00:00,82.34,82.35,82.33,82.33,170.906
2026-03-08 04:45:00+00:00,82.34,82.35,82.28,82.28,2037.928
2026-03-08 04:46:00+00:00,82.27,82.28,82.25,82.25,231.171
2026-03-08 04:47:00+00:00,82.26,82.26,82.18,82.21,1487.788
2026-03-08 04:48:00+00:00,82.2,82.22,82.15,82.22,1776.509
2026-03-08 04:49:00+00:00,82.21,82.26,82.21,82.25,430.94
2026-03-08 04:50:00+00:00,82.25,82.25,82.2,82.21,492.129
2026-03-08 04:51:00+00:00,82.21,82.24,82.18,82.24,395.359
2026-03-08 04:52:00+00:00,82.25,82.27,82.23,82.27,333.92
2026-03-08 04:53:00+00:00,82.27,82.27,81.96,82.06,14318.3
2026-03-08 04:54:00+00:00,82.06,82.08,81.88,81.93,5138.467
2026-03-08 04:55:00+00:00,81.93,81.93,81.74,81.9,8369.414
2026-03-08 04:56:00+00:00,81.9,82.02,81.9,81.93,1683.793
2026-03-08 04:57:00+00:00,81.93,81.96,81.92,81.92,3650.951
2026-03-08 04:58:00+00:00,81.92,82.0,81.92,81.98,1044.792
2026-03-08 04:59:00+00:00,81.99,81.99,81.95,81.97,792.256
2026-03-08 05:00:00+00:00,81.97,82.05,81.94,82.02,1639.318
2026-03-08 05:01:00+00:00,82.02,82.07,82.02,82.03,1134.053
2026-03-08 05:02:00+00:00,82.03,82.07,82.02,82.04,436.106
2026-03-08 05:03:00+00:00,82.04,82.1,82.04,82.1,291.418
2026-03-08 05:04:00+00:00,82.1,82.1,82.04,82.08,624.893
2026-03-08 05:05:00+00:00,82.08,82.13,82.08,82.12,774.205
2026-03-08 05:06:00+00:00,82.12,82.14,82.1,82.12,636.869
2026-03-08 05:07:00+00:00,82.12,82.28,82.12,82.24,1612.747
2026-03-08 05:08:00+00:00,82.25,82.38,82.25,82.28,4464.798
2026-03-08 05:09:00+00:00,82.28,82.31,82.28,82.28,476.251
2026-03-08 05:10:00+00:00,82.28,82.29,82.22,82.25,543.077
2026-03-08 05:11:00+00:00,82.25,82.3,82.25,82.3,509.463
2026-03-08 05:12:00+00:00,82.3,82.33,82.27,82.28,543.202
2026-03-08 05:13:00+00:00,82.28,82.29,82.27,82.28,431.556
2026-03-08 05:14:00+00:00,82.29,82.33,82.29,82.33,584.764
2026-03-08 05:15:00+00:00,82.33,82.34,82.29,82.31,581.257
2026-03-08 05:16:00+00:00,82.31,82.35,82.29,82.35,583.13
2026-03-08 05:17:00+00:00,82.35,82.44,82.34,82.41,902.132
2026-03-08 05:18:00+00:00,82.41,82.49,82.4,82.49,296.303
2026-03-08 05:19:00+00:00,82.49,82.61,82.48,82.5,954.242
2026-03-08 05:20:00+00:00,82.5,82.57,82.5,82.57,464.442
2026-03-08 05:21:00+00:00,82.57,82.59,82.57,82.59,1024.662
2026-03-08 05:22:00+00:00,82.59,82.72,82.58,82.66,1560.704
2026-03-08 05:23:00+00:00,82.66,82.68,82.62,82.64,3197.11
2026-03-08 05:24:00+00:00,82.64,82.68,82.63,82.68,568.733
2026-03-08 05:25:00+00:00,82.69,82.75,82.68,82.75,1870.118
2026-03-08 05:26:00+00:00,82.74,82.76,82.73,82.76,713.026
2026-03-08 05:27:00+00:00,82.76,82.76,82.72,82.72,527.239
2026-03-08 05:28:00+00:00,82.73,82.73,82.71,82.72,972.894
2026-03-08 05:29:00+00:00,82.72,82.72,82.67,82.67,908.57
2026-03-08 05:30:00+00:00,82.68,82.75,82.68,82.72,976.406
2026-03-08 05:31:00+00:00,82.72,82.79,82.71,82.79,640.392
2026-03-08 05:32:00+00:00,82.79,82.79,82.64,82.65,789.866
2026-03-08 05:33:00+00:00,82.65,82.65,82.61,82.62,419.076
2026-03-08 05:34:00+00:00,82.62,82.64,82.59,82.64,1021.377
2026-03-08 05:35:00+00:00,82.64,82.66,82.64,82.64,327.136
2026-03-08 05:36:00+00:00,82.65,82.67,82.64,82.65,789.881
2026-03-08 05:37:00+00:00,82.64,82.64,82.58,82.62,847.847
2026-03-08 05:38:00+00:00,82.62,82.66,82.61,82.62,455.566
2026-03-08 05:39:00+00:00,82.63,82.66,82.62,82.66,301.132
2026-03-08 05:40:00+00:00,82.66,82.69,82.65,82.68,416.27
2026-03-08 05:41:00+00:00,82.67,82.67,82.59,82.62,812.187
2026-03-08 05:42:00+00:00,82.62,82.62,82.54,82.57,2206.488
2026-03-08 05:43:00+00:00,82.57,82.58,82.55,82.58,158.147
2026-03-08 05:44:00+00:00,82.57,82.6,82.57,82.6,379.952
2026-03-08 05:45:00+00:00,82.6,82.62,82.59,82.61,307.203
2026-03-08 05:46:00+00:00,82.61,82.63,82.6,82.63,246.135
2026-03-08 05:47:00+00:00,82.64,82.64,82.62,82.64,130.111
2026-03-08 05:48:00+00:00,82.64,82.68,82.63,82.64,314.444
2026-03-08 05:49:00+00:00,82.63,82.65,82.63,82.65,89.145
2026-03-08 05:50:00+00:00,82.65,82.66,82.62,82.63,275.257
2026-03-08 05:51:00+00:00,82.63,82.63,82.62,82.63,146.01
2026-03-08 05:52:00+00:00,82.63,82.63,82.56,82.58,1334.085
2026-03-08 05:53:00+00:00,82.58,82.58,82.54,82.54,359.748
2026-03-08 05:54:00+00:00,82.54,82.63,82.53,82.62,1206.877
2026-03-08 05:55:00+00:00,82.62,82.64,82.58,82.64,1377.11
2026-03-08 05:56:00+00:00,82.63,82.63,82.54,82.55,765.158
2026-03-08 05:57:00+00:00,82.54,82.54,82.48,82.52,906.348
2026-03-08 05:58:00+00:00,82.52,82.53,82.48,82.49,409.969
2026-03-08 05:59:00+00:00,82.49,82.5,82.47,82.5,457.865
2026-03-08 06:00:00+00:00,82.5,82.51,82.46,82.48,652.249
2026-03-08 06:01:00+00:00,82.48,82.5,82.46,82.5,298.588
2026-03-08 06:02:00+00:00,82.5,82.57,82.49,82.55,1207.992
2026-03-08 06:03:00+00:00,82.55,82.61,82.54,82.6,528.033
2026-03-08 06:04:00+00:00,82.6,82.61,82.57,82.57,551.639
2026-03-08 06:05:00+00:00,82.58,82.59,82.55,82.56,524.941
2026-03-08 06:06:00+00:00,82.55,82.58,82.47,82.48,581.499
2026-03-08 06:07:00+00:00,82.48,82.51,82.48,82.51,167.503
2026-03-08 06:08:00+00:00,82.5,82.5,82.45,82.46,2085.211
2026-03-08 06:09:00+00:00,82.47,82.49,82.46,82.49,482.411
2026-03-08 06:10:00+00:00,82.49,82.52,82.48,82.49,359.408
2026-03-08 06:11:00+00:00,82.49,82.49,82.37,82.41,521.584
2026-03-08 06:12:00+00:00,82.41,82.41,82.35,82.36,487.829
2026-03-08 06:13:00+00:00,82.36,82.36,82.3,82.3,666.249
2026-03-08 06:14:00+00:00,82.31,82.33,82.3,82.32,382.052
2026-03-08 06:15:00+00:00,82.31,82.33,82.31,82.33,444.262
2026-03-08 06:16:00+00:00,82.33,82.4,82.33,82.39,575.058
2026-03-08 06:17:00+00:00,82.39,82.41,82.38,82.38,554.084
2026-03-08 06:18:00+00:00,82.38,82.42,82.38,82.4,720.457
2026-03-08 06:19:00+00:00,82.41,82.43,82.34,82.35,1124.497
2026-03-08 06:20:00+00:00,82.36,82.42,82.36,82.42,453.94
2026-03-08 06:21:00+00:00,82.42,82.48,82.42,82.47,160.796
2026-03-08 06:22:00+00:00,82.47,82.51,82.45,82.5,818.869
2026-03-08 06:23:00+00:00,82.51,82.51,82.46,82.46,438.134
2026-03-08 06:24:00+00:00,82.47,82.49,82.46,82.48,188.012
2026-03-08 06:25:00+00:00,82.47,82.48,82.46,82.48,69.194
2026-03-08 06:26:00+00:00,82.48,82.48,82.45,82.48,281.096
2026-03-08 06:27:00+00:00,82.47,82.48,82.44,82.44,238.273
2026-03-08 06:28:00+00:00,82.44,82.44,82.42,82.42,252.116
2026-03-08 06:29:00+00:00,82.42,82.42,82.37,82.39,611.727
2026-03-08 06:30:00+00:00,82.39,82.39,82.34,82.38,595.531
2026-03-08 06:31:00+00:00,82.38,82.4,82.36,82.37,582.032
2026-03-08 06:32:00+00:00,82.37,82.37,82.3,82.35,575.363
2026-03-08 06:33:00+00:00,82.36,82.38,82.35,82.37,374.755
2026-03-08 06:34:00+00:00,82.38,82.38,82.34,82.35,407.792
2026-03-08 06:35:00+00:00,82.35,82.38,82.35,82.37,87.719
2026-03-08 06:36:00+00:00,82.36,82.41,82.36,82.41,215.105
2026-03-08 06:37:00+00:00,82.41,82.43,82.41,82.42,310.262
2026-03-08 06:38:00+00:00,82.41,82.45,82.41,82.45,213.704
2026-03-08 06:39:00+00:00,82.45,82.53,82.44,82.49,1947.064
2026-03-08 06:40:00+00:00,82.5,82.54,82.45,82.46,344.745
2026-03-08 06:41:00+00:00,82.46,82.49,82.46,82.49,104.21
2026-03-08 06:42:00+00:00,82.49,82.5,82.48,82.49,125.511
2026-03-08 06:43:00+00:00,82.48,82.49,82.45,82.47,1156.634
2026-03-08 06:44:00+00:00,82.47,82.48,82.46,82.47,330.159
2026-03-08 06:45:00+00:00,82.46,82.47,82.43,82.44,363.849
2026-03-08 06:46:00+00:00,82.44,82.45,82.43,82.44,601.928
2026-03-08 06:47:00+00:00,82.44,82.44,82.41,82.42,42.918
2026-03-08 06:48:00+00:00,82.41,82.41,82.33,82.34,763.443
2026-03-08 06:49:00+00:00,82.33,82.34,82.27,82.29,1043.395
2026-03-08 06:50:00+00:00,82.29,82.32,82.29,82.32,301.706
2026-03-08 06:51:00+00:00,82.32,82.33,82.3,82.33,399.602
2026-03-08 06:52:00+00:00,82.33,82.37,82.32,82.35,706.047
2026-03-08 06:53:00+00:00,82.34,82.35,82.32,82.34,549.561
2026-03-08 06:54:00+00:00,82.33,82.37,82.33,82.36,251.182
2026-03-08 06:55:00+00:00,82.37,82.42,82.37,82.4,304.705
2026-03-08 06:56:00+00:00,82.4,82.44,82.4,82.42,1250.717
2026-03-08 06:57:00+00:00,82.42,82.43,82.4,82.43,528.06
2026-03-08 06:58:00+00:00,82.42,82.59,82.42,82.54,4715.96
2026-03-08 06:59:00+00:00,82.53,82.53,82.45,82.45,402.642
2026-03-08 07:00:00+00:00,82.46,82.46,82.41,82.44,735.64
2026-03-08 07:01:00+00:00,82.43,82.44,82.4,82.41,586.258
2026-03-08 07:02:00+00:00,82.42,82.44,82.41,82.43,516.743
2026-03-08 07:03:00+00:00,82.43,82.55,82.43,82.55,897.054
2026-03-08 07:04:00+00:00,82.55,82.63,82.54,82.62,1684.972
2026-03-08 07:05:00+00:00,82.62,82.87,82.62,82.81,3644.21
2026-03-08 07:06:00+00:00,82.8,82.8,82.72,82.74,850.561
2026-03-08 07:07:00+00:00,82.73,82.82,82.72,82.78,2729.922
2026-03-08 07:08:00+00:00,82.78,82.81,82.77,82.78,402.903
2026-03-08 07:09:00+00:00,82.77,82.86,82.77,82.83,1549.933
2026-03-08 07:10:00+00:00,82.84,82.91,82.84,82.87,2084.922
2026-03-08 07:11:00+00:00,82.87,82.87,82.76,82.82,644.493
2026-03-08 07:12:00+00:00,82.82,82.88,82.81,82.88,258.341
2026-03-08 07:13:00+00:00,82.88,82.88,82.85,82.87,1039.312
2026-03-08 07:14:00+00:00,82.87,82.92,82.87,82.87,431.959
2026-03-08 07:15:00+00:00,82.88,82.97,82.87,82.88,2175.746
2026-03-08 07:16:00+00:00,82.87,82.93,82.87,82.93,2823.044
2026-03-08 07:17:00+00:00,82.93,82.98,82.91,82.92,1034.31
2026-03-08 07:18:00+00:00,82.91,82.93,82.89,82.9,1075.534
2026-03-08 07:19:00+00:00,82.89,82.96,82.89,82.96,316.5
2026-03-08 07:20:00+00:00,82.96,83.1,82.96,83.02,2794.354
2026-03-08 07:21:00+00:00,83.02,83.02,82.92,82.93,1206.839
2026-03-08 07:22:00+00:00,82.92,82.96,82.91,82.91,459.784
2026-03-08 07:23:00+00:00,82.91,82.91,82.87,82.89,396.085
2026-03-08 07:24:00+00:00,82.88,82.9,82.86,82.88,189.683
2026-03-08 07:25:00+00:00,82.88,82.88,82.81,82.83,534.254
2026-03-08 07:26:00+00:00,82.83,82.84,82.76,82.82,2624.28
2026-03-08 07:27:00+00:00,82.81,82.84,82.77,82.77,2512.996
2026-03-08 07:28:00+00:00,82.76,82.79,82.76,82.79,220.373
2026-03-08 07:29:00+00:00,82.79,82.89,82.78,82.86,2227.984
2026-03-08 07:30:00+00:00,82.86,82.89,82.85,82.87,1572.402
2026-03-08 07:31:00+00:00,82.86,82.88,82.85,82.88,1532.733
2026-03-08 07:32:00+00:00,82.88,82.9,82.85,82.86,1580.526
2026-03-08 07:33:00+00:00,82.86,82.87,82.82,82.86,1860.866
2026-03-08 07:34:00+00:00,82.85,82.89,82.79,82.87,4194.64
2026-03-08 07:35:00+00:00,82.86,82.86,82.8,82.81,1431.244
2026-03-08 07:36:00+00:00,82.8,82.82,82.8,82.82,1203.469
2026-03-08 07:37:00+00:00,82.82,82.86,82.81,82.86,1507.989
2026-03-08 07:38:00+00:00,82.85,82.9,82.82,82.88,1784.739
2026-03-08 07:39:00+00:00,82.89,82.9,82.87,82.88,1275.602
2026-03-08 07:40:00+00:00,82.88,82.89,82.86,82.86,1574.402
2026-03-08 07:41:00+00:00,82.87,82.87,82.86,82.87,1134.235
2026-03-08 07:42:00+00:00,82.87,82.96,82.86,82.93,2053.824
2026-03-08 07:43:00+00:00,82.94,82.96,82.92,82.96,1769.099
2026-03-08 07:44:00+00:00,82.96,82.98,82.92,82.94,2038.105
2026-03-08 07:45:00+00:00,82.93,82.93,82.91,82.92,1462.018
2026-03-08 07:46:00+00:00,82.91,82.93,82.91,82.92,1341.308
2026-03-08 07:47:00+00:00,82.92,82.92,82.86,82.87,1376.252
2026-03-08 07:48:00+00:00,82.86,82.87,82.77,82.87,6123.243
2026-03-08 07:49:00+00:00,82.86,82.95,82.85,82.86,1972.087
2026-03-08 07:50:00+00:00,82.87,82.88,82.86,82.87,1766.723
2026-03-08 07:51:00+00:00,82.87,82.93,82.86,82.91,1677.77
2026-03-08 07:52:00+00:00,82.92,82.93,82.91,82.92,1307.415
2026-03-08 07:53:00+00:00,82.92,82.94,82.88,82.89,1665.79
2026-03-08 07:54:00+00:00,82.89,82.92,82.88,82.9,1716.68
2026-03-08 07:55:00+00:00,82.89,82.92,82.89,82.91,3459.196
2026-03-08 07:56:00+00:00,82.91,82.92,82.87,82.88,2119.673
2026-03-08 07:57:00+00:00,82.88,82.93,82.87,82.92,1729.653
2026-03-08 07:58:00+00:00,82.91,82.93,82.89,82.9,3371.332
2026-03-08 07:59:00+00:00,82.91,82.98,82.89,82.95,4006.784
2026-03-08 08:00:00+00:00,82.95,82.99,82.94,82.98,2405.758
2026-03-08 08:01:00+00:00,82.98,82.98,82.85,82.88,2376.439
2026-03-08 08:02:00+00:00,82.88,82.89,82.78,82.8,2809.489
2026-03-08 08:03:00+00:00,82.8,82.87,82.8,82.86,1254.474
2026-03-08 08:04:00+00:00,82.86,82.88,82.85,82.88,604.867
2026-03-08 08:05:00+00:00,82.88,82.88,82.83,82.83,577.227
2026-03-08 08:06:00+00:00,82.84,82.87,82.84,82.85,1234.265
2026-03-08 08:07:00+00:00,82.85,82.9,82.84,82.9,534.499
2026-03-08 08:08:00+00:00,82.9,82.9,82.87,82.89,715.072
2026-03-08 08:09:00+00:00,82.89,82.89,82.83,82.83,1702.581
2026-03-08 08:10:00+00:00,82.83,82.84,82.79,82.8,205.694
2026-03-08 08:11:00+00:00,82.79,82.85,82.78,82.85,297.254
2026-03-08 08:12:00+00:00,82.86,82.87,82.85,82.87,341.93
2026-03-08 08:13:00+00:00,82.87,82.87,82.85,82.86,238.399
2026-03-08 08:14:00+00:00,82.87,82.92,82.76,82.76,2800.631
2026-03-08 08:15:00+00:00,82.75,82.76,82.68,82.69,737.049
2026-03-08 08:16:00+00:00,82.68,82.69,82.64,82.65,307.335
2026-03-08 08:17:00+00:00,82.65,82.67,82.62,82.65,908.348
2026-03-08 08:18:00+00:00,82.64,82.65,82.51,82.65,3976.372
2026-03-08 08:19:00+00:00,82.65,82.77,82.65,82.75,1518.935
2026-03-08 08:20:00+00:00,82.76,82.76,82.73,82.75,707.154
2026-03-08 08:21:00+00:00,82.75,82.77,82.74,82.75,627.099
2026-03-08 08:22:00+00:00,82.76,82.76,82.7,82.71,447.39
2026-03-08 08:23:00+00:00,82.7,82.7,82.67,82.7,631.168
2026-03-08 08:24:00+00:00,82.69,82.7,82.66,82.7,828.777
2026-03-08 08:25:00+00:00,82.69,82.7,82.64,82.66,516.488
2026-03-08 08:26:00+00:00,82.65,82.68,82.65,82.68,134.527
2026-03-08 08:27:00+00:00,82.67,82.69,82.66,82.68,350.789
2026-03-08 08:28:00+00:00,82.68,82.74,82.68,82.74,272.74
2026-03-08 08:29:00+00:00,82.74,82.74,82.7,82.72,317.496
2026-03-08 08:30:00+00:00,82.72,82.74,82.71,82.73,297.118
2026-03-08 08:31:00+00:00,82.74,82.76,82.73,82.75,103.494
2026-03-08 08:32:00+00:00,82.75,82.75,82.72,82.73,285.638
2026-03-08 08:33:00+00:00,82.73,82.73,82.65,82.69,612.672
2026-03-08 08:34:00+00:00,82.69,82.82,82.69,82.81,330.415
2026-03-08 08:35:00+00:00,82.82,82.84,82.82,82.83,616.59
2026-03-08 08:36:00+00:00,82.83,82.86,82.82,82.82,543.001
2026-03-08 08:37:00+00:00,82.82,82.82,82.78,82.82,771.075
2026-03-08 08:38:00+00:00,82.82,82.82,82.81,82.82,53.446
2026-03-08 08:39:00+00:00,82.81,82.84,82.81,82.83,139.514
2026-03-08 08:40:00+00:00,82.84,83.0,82.84,82.98,3218.032
2026-03-08 08:41:00+00:00,82.97,83.03,82.94,82.95,770.762
2026-03-08 08:42:00+00:00,82.94,82.97,82.93,82.96,813.721
2026-03-08 08:43:00+00:00,82.95,83.01,82.95,83.01,704.453
2026-03-08 08:44:00+00:00,83.0,83.08,82.98,83.02,1478.194
2026-03-08 08:45:00+00:00,83.02,83.05,83.01,83.03,1349.547
2026-03-08 08:46:00+00:00,83.03,83.12,83.02,83.12,1404.692
2026-03-08 08:47:00+00:00,83.11,83.11,83.05,83.05,498.154
2026-03-08 08:48:00+00:00,83.06,83.06,83.0,83.0,1387.81
2026-03-08 08:49:00+00:00,83.0,83.0,82.99,82.99,189.777
2026-03-08 08:50:00+00:00,83.0,83.0,82.96,83.0,385.816
2026-03-08 08:51:00+00:00,83.0,83.01,82.96,82.96,289.645
2026-03-08 08:52:00+00:00,82.97,82.97,82.94,82.97,261.751
2026-03-08 08:53:00+00:00,82.97,83.04,82.96,83.03,819.509
2026-03-08 08:54:00+00:00,83.04,83.05,83.03,83.05,280.58
2026-03-08 08:55:00+00:00,83.05,83.06,83.03,83.03,1616.151
2026-03-08 08:56:00+00:00,83.04,83.09,83.03,83.09,262.807
2026-03-08 08:57:00+00:00,83.09,83.09,83.05,83.07,805.971
2026-03-08 08:58:00+00:00,83.06,83.1,83.03,83.1,1385.593
2026-03-08 08:59:00+00:00,83.1,83.11,83.09,83.1,370.766
2026-03-08 09:00:00+00:00,83.1,83.11,82.95,83.01,2328.703
2026-03-08 09:01:00+00:00,83.01,83.01,82.83,82.85,1318.958
2026-03-08 09:02:00+00:00,82.85,82.86,82.78,82.82,619.366
2026-03-08 09:03:00+00:00,82.82,82.85,82.82,82.85,276.394
2026-03-08 09:04:00+00:00,82.85,82.86,82.81,82.86,1786.005
2026-03-08 09:05:00+00:00,82.87,82.94,82.86,82.92,730.706
2026-03-08 09:06:00+00:00,82.91,82.92,82.86,82.87,1199.066
2026-03-08 09:07:00+00:00,82.86,82.87,82.8,82.82,516.062
2026-03-08 09:08:00+00:00,82.82,82.83,82.81,82.82,302.838
2026-03-08 09:09:00+00:00,82.81,82.9,82.81,82.86,696.708
2026-03-08 09:10:00+00:00,82.87,82.9,82.87,82.9,526.726
2026-03-08 09:11:00+00:00,82.9,82.92,82.89,82.9,673.754
2026-03-08 09:12:00+00:00,82.91,82.96,82.9,82.93,2855.433
2026-03-08 09:13:00+00:00,82.93,83.0,82.91,83.0,1559.091
2026-03-08 09:14:00+00:00,83.0,83.28,83.0,83.16,6521.561
2026-03-08 09:15:00+00:00,83.15,83.21,83.1,83.14,1768.417
2026-03-08 09:16:00+00:00,83.15,83.28,83.11,83.22,2126.284
2026-03-08 09:17:00+00:00,83.23,83.39,83.19,83.22,4508.972
2026-03-08 09:18:00+00:00,83.22,83.27,83.22,83.24,1556.815
2026-03-08 09:19:00+00:00,83.23,83.24,83.18,83.22,2469.738
2026-03-08 09:20:00+00:00,83.21,83.24,83.12,83.12,2021.017
2026-03-08 09:21:00+00:00,83.12,83.16,83.09,83.15,1269.265
2026-03-08 09:22:00+00:00,83.16,83.19,83.11,83.12,3507.963
2026-03-08 09:23:00+00:00,83.12,83.16,83.11,83.16,1018.701
2026-03-08 09:24:00+00:00,83.16,83.27,83.15,83.23,2111.423
2026-03-08 09:25:00+00:00,83.22,83.3,83.22,83.23,3169.302
2026-03-08 09:26:00+00:00,83.24,83.25,83.2,83.24,614.414
2026-03-08 09:27:00+00:00,83.25,83.3,83.24,83.3,1036.539
2026-03-08 09:28:00+00:00,83.3,83.34,83.29,83.34,1022.324
2026-03-08 09:29:00+00:00,83.34,83.35,83.32,83.34,1618.562
2026-03-08 09:30:00+00:00,83.34,83.35,83.21,83.29,2987.159
2026-03-08 09:31:00+00:00,83.29,83.31,83.25,83.25,443.256
2026-03-08 09:32:00+00:00,83.26,83.32,83.24,83.26,1572.248
2026-03-08 09:33:00+00:00,83.26,83.28,83.21,83.22,996.204
2026-03-08 09:34:00+00:00,83.22,83.25,83.21,83.22,350.225
2026-03-08 09:35:00+00:00,83.21,83.25,83.17,83.18,482.232
2026-03-08 09:36:00+00:00,83.18,83.21,83.17,83.19,511.411
2026-03-08 09:37:00+00:00,83.19,83.2,83.15,83.15,556.389
2026-03-08 09:38:00+00:00,83.16,83.19,83.15,83.16,1115.845
2026-03-08 09:39:00+00:00,83.16,83.17,83.13,83.16,565.665
2026-03-08 09:40:00+00:00,83.16,83.18,83.13,83.14,663.022
2026-03-08 09:41:00+00:00,83.14,83.14,83.12,83.13,753.491
2026-03-08 09:42:00+00:00,83.13,83.26,83.12,83.18,8082.149
2026-03-08 09:43:00+00:00,83.18,83.2,83.17,83.2,425.132
2026-03-08 09:44:00+00:00,83.2,83.22,83.19,83.21,1749.761
2026-03-08 09:45:00+00:00,83.21,83.21,83.13,83.18,1610.028
2026-03-08 09:46:00+00:00,83.17,83.2,83.16,83.16,307.361
2026-03-08 09:47:00+00:00,83.16,83.17,83.12,83.15,513.327
2026-03-08 09:48:00+00:00,83.15,83.17,83.14,83.17,192.321
2026-03-08 09:49:00+00:00,83.17,83.21,83.16,83.21,206.976
2026-03-08 09:50:00+00:00,83.21,83.22,83.17,83.17,1360.507
2026-03-08 09:51:00+00:00,83.18,83.21,83.13,83.2,2425.9
2026-03-08 09:52:00+00:00,83.2,83.25,83.2,83.23,2079.545
2026-03-08 09:53:00+00:00,83.23,83.24,83.2,83.23,752.943
2026-03-08 09:54:00+00:00,83.22,83.22,83.18,83.18,910.484
2026-03-08 09:55:00+00:00,83.18,83.23,83.18,83.23,368.099
2026-03-08 09:56:00+00:00,83.22,83.26,83.2,83.21,988.292
2026-03-08 09:57:00+00:00,83.21,83.23,83.2,83.23,329.011
2026-03-08 09:58:00+00:00,83.23,83.24,83.21,83.22,269.217
2026-03-08 09:59:00+00:00,83.22,83.22,83.16,83.17,1098.702
2026-03-08 10:00:00+00:00,83.16,83.19,83.16,83.19,437.617
2026-03-08 10:01:00+00:00,83.19,83.2,83.18,83.2,417.735
2026-03-08 10:02:00+00:00,83.2,83.25,83.2,83.25,1062.922
2026-03-08 10:03:00+00:00,83.25,83.28,83.24,83.27,923.685
2026-03-08 10:04:00+00:00,83.27,83.27,83.24,83.26,919.161
2026-03-08 10:05:00+00:00,83.26,83.34,83.24,83.33,1225.995
2026-03-08 10:06:00+00:00,83.33,83.35,83.28,83.29,1388.008
2026-03-08 10:07:00+00:00,83.29,83.29,83.26,83.27,1010.534
2026-03-08 10:08:00+00:00,83.26,83.33,83.26,83.33,793.093
2026-03-08 10:09:00+00:00,83.32,83.35,83.31,83.32,2732.275
2026-03-08 10:10:00+00:00,83.31,83.31,83.26,83.27,826.652
2026-03-08 10:11:00+00:00,83.28,83.34,83.28,83.34,906.688
2026-03-08 10:12:00+00:00,83.33,83.4,83.33,83.39,799.154
2026-03-08 10:13:00+00:00,83.4,83.45,83.39,83.43,1747.357
2026-03-08 10:14:00+00:00,83.43,83.45,83.42,83.44,500.879
2026-03-08 10:15:00+00:00,83.43,83.44,83.4,83.43,967.345
2026-03-08 10:16:00+00:00,83.42,83.46,83.42,83.45,669.558
2026-03-08 10:17:00+00:00,83.46,83.54,83.44,83.54,1501.607
2026-03-08 10:18:00+00:00,83.53,83.58,83.52,83.57,1947.099
2026-03-08 10:19:00+00:00,83.57,83.7,83.57,83.66,3060.339
2026-03-08 10:20:00+00:00,83.65,83.66,83.6,83.64,1343.106
2026-03-08 10:21:00+00:00,83.64,83.64,83.61,83.61,1197.316
2026-03-08 10:22:00+00:00,83.62,83.8,83.6,83.79,2819.133
2026-03-08 10:23:00+00:00,83.79,84.02,83.77,83.87,13719.169
2026-03-08 10:24:00+00:00,83.87,83.94,83.85,83.91,2977.216
2026-03-08 10:25:00+00:00,83.91,84.06,83.9,84.0,19032.61
2026-03-08 10:26:00+00:00,84.0,84.13,83.98,84.08,3722.717
2026-03-08 10:27:00+00:00,84.09,84.1,84.02,84.05,2595.498
2026-03-08 10:28:00+00:00,84.06,84.07,83.92,83.92,2418.687
2026-03-08 10:29:00+00:00,83.93,83.94,83.91,83.92,1797.765
2026-03-08 10:30:00+00:00,83.91,83.92,83.84,83.86,3151.603
2026-03-08 10:31:00+00:00,83.86,83.93,83.86,83.89,1504.049
2026-03-08 10:32:00+00:00,83.88,83.92,83.85,83.9,1312.286
2026-03-08 10:33:00+00:00,83.9,83.9,83.74,83.78,1623.47
2026-03-08 10:34:00+00:00,83.78,83.9,83.77,83.9,2616.709
2026-03-08 10:35:00+00:00,83.9,83.94,83.85,83.85,1271.081
2026-03-08 10:36:00+00:00,83.84,83.89,83.81,83.89,1584.361
2026-03-08 10:37:00+00:00,83.89,83.89,83.8,83.81,1700.918
2026-03-08 10:38:00+00:00,83.81,83.83,83.8,83.82,954.921
2026-03-08 10:39:00+00:00,83.82,83.87,83.8,83.86,1304.223
2026-03-08 10:40:00+00:00,83.86,83.86,83.79,83.8,649.193
2026-03-08 10:41:00+00:00,83.79,83.81,83.75,83.79,2002.063
2026-03-08 10:42:00+00:00,83.78,83.8,83.77,83.77,905.781
2026-03-08 10:43:00+00:00,83.77,83.77,83.75,83.76,751.501
2026-03-08 10:44:00+00:00,83.75,83.8,83.75,83.79,1718.727
2026-03-08 10:45:00+00:00,83.8,83.8,83.71,83.72,674.444
2026-03-08 10:46:00+00:00,83.72,83.76,83.72,83.74,544.681
2026-03-08 10:47:00+00:00,83.74,83.75,83.7,83.72,562.373
2026-03-08 10:48:00+00:00,83.72,83.78,83.71,83.75,918.78
2026-03-08 10:49:00+00:00,83.76,83.76,83.71,83.73,832.207
2026-03-08 10:50:00+00:00,83.73,83.77,83.73,83.75,374.361
2026-03-08 10:51:00+00:00,83.75,83.75,83.7,83.72,1032.647
2026-03-08 10:52:00+00:00,83.71,83.76,83.71,83.76,439.695
2026-03-08 10:53:00+00:00,83.76,83.77,83.74,83.75,1572.798
2026-03-08 10:54:00+00:00,83.75,83.75,83.7,83.73,853.218
2026-03-08 10:55:00+00:00,83.73,83.74,83.71,83.72,1296.452
2026-03-08 10:56:00+00:00,83.72,83.79,83.72,83.76,634.415
2026-03-08 10:57:00+00:00,83.76,83.76,83.63,83.63,1200.519
2026-03-08 10:58:00+00:00,83.63,83.65,83.62,83.64,705.041
2026-03-08 10:59:00+00:00,83.64,83.7,83.62,83.67,2308.725
2026-03-08 11:00:00+00:00,83.66,83.66,83.61,83.62,498.094
2026-03-08 11:01:00+00:00,83.61,83.61,83.56,83.56,363.264
2026-03-08 11:02:00+00:00,83.57,83.57,83.51,83.52,833.253
2026-03-08 11:03:00+00:00,83.51,83.55,83.47,83.47,2689.371
2026-03-08 11:04:00+00:00,83.47,83.49,83.35,83.36,1409.581
2026-03-08 11:05:00+00:00,83.36,83.36,82.98,83.04,5411.981
2026-03-08 11:06:00+00:00,83.04,83.09,82.7,82.99,15191.467
2026-03-08 11:07:00+00:00,82.99,83.04,82.94,82.94,2874.338
2026-03-08 11:08:00+00:00,82.95,82.96,82.76,82.92,2209.248
2026-03-08 11:09:00+00:00,82.92,82.93,82.85,82.91,2814.785
2026-03-08 11:10:00+00:00,82.92,83.06,82.92,82.98,4340.915
2026-03-08 11:11:00+00:00,82.98,83.0,82.94,82.99,935.744
2026-03-08 11:12:00+00:00,82.99,82.99,82.93,82.97,586.835
2026-03-08 11:13:00+00:00,82.96,82.98,82.95,82.97,436.356
2026-03-08 11:14:00+00:00,82.97,82.97,82.92,82.93,1398.768
2026-03-08 11:15:00+00:00,82.92,82.98,82.91,82.98,1012.181
2026-03-08 11:16:00+00:00,82.98,83.09,82.98,83.02,1075.362
2026-03-08 11:17:00+00:00,83.02,83.05,82.98,83.04,946.485
2026-03-08 11:18:00+00:00,83.04,83.07,83.02,83.02,471.762
2026-03-08 11:19:00+00:00,83.01,83.09,83.01,83.02,1826.2
2026-03-08 11:20:00+00:00,83.02,83.04,83.0,83.01,1194.087
2026-03-08 11:21:00+00:00,83.01,83.05,82.99,83.05,538.752
2026-03-08 11:22:00+00:00,83.05,83.14,83.04,83.1,2388.067
2026-03-08 11:23:00+00:00,83.09,83.13,83.09,83.09,1471.422
2026-03-08 11:24:00+00:00,83.09,83.16,83.08,83.14,357.003
2026-03-08 11:25:00+00:00,83.13,83.13,83.04,83.05,1044.573
2026-03-08 11:26:00+00:00,83.05,83.08,83.05,83.05,290.792
2026-03-08 11:27:00+00:00,83.05,83.05,82.99,83.04,611.037
2026-03-08 11:28:00+00:00,83.05,83.07,83.04,83.07,403.189
2026-03-08 11:29:00+00:00,83.07,83.07,83.04,83.05,286.79
2026-03-08 11:30:00+00:00,83.04,83.11,83.04,83.11,611.558
2026-03-08 11:31:00+00:00,83.1,83.15,83.1,83.15,711.02
2026-03-08 11:32:00+00:00,83.15,83.23,83.12,83.14,1571.069
2026-03-08 11:33:00+00:00,83.14,83.16,83.13,83.14,595.895
2026-03-08 11:34:00+00:00,83.14,83.14,82.88,82.92,5664.032
2026-03-08 11:35:00+00:00,82.93,82.93,82.69,82.88,5623.912
2026-03-08 11:36:00+00:00,82.87,82.9,82.78,82.85,2395.243
2026-03-08 11:37:00+00:00,82.85,82.91,82.85,82.91,1059.869
2026-03-08 11:38:00+00:00,82.9,82.94,82.88,82.89,706.23
2026-03-08 11:39:00+00:00,82.88,82.98,82.88,82.98,415.093
2026-03-08 11:40:00+00:00,82.98,83.0,82.94,82.94,263.519
2026-03-08 11:41:00+00:00,82.95,82.95,82.71,82.81,1293.36
2026-03-08 11:42:00+00:00,82.81,82.85,82.78,82.84,1003.892
2026-03-08 11:43:00+00:00,82.84,82.87,82.82,82.84,360.061
2026-03-08 11:44:00+00:00,82.83,82.84,82.79,82.8,1195.686
2026-03-08 11:45:00+00:00,82.79,82.87,82.75,82.85,460.479
2026-03-08 11:46:00+00:00,82.85,82.86,82.77,82.78,446.276
2026-03-08 11:47:00+00:00,82.78,82.84,82.75,82.78,739.157
2026-03-08 11:48:00+00:00,82.78,82.81,82.7,82.81,937.116
2026-03-08 11:49:00+00:00,82.82,82.84,82.8,82.8,277.055
2026-03-08 11:50:00+00:00,82.81,82.82,82.64,82.67,1750.858
2026-03-08 11:51:00+00:00,82.67,82.73,82.67,82.73,713.253
2026-03-08 11:52:00+00:00,82.73,82.81,82.72,82.79,890.737
2026-03-08 11:53:00+00:00,82.8,82.85,82.79,82.83,593.862
2026-03-08 11:54:00+00:00,82.82,82.89,82.82,82.87,618.0
2026-03-08 11:55:00+00:00,82.86,82.9,82.85,82.87,733.462
2026-03-08 11:56:00+00:00,82.86,82.89,82.86,82.89,160.281
2026-03-08 11:57:00+00:00,82.88,82.89,82.86,82.87,186.102
2026-03-08 11:58:00+00:00,82.87,82.88,82.82,82.83,263.72
2026-03-08 11:59:00+00:00,82.82,82.83,82.81,82.81,790.344
2026-03-08 12:00:00+00:00,82.81,82.81,82.78,82.79,1078.614
2026-03-08 12:01:00+00:00,82.79,82.84,82.79,82.84,525.404
2026-03-08 12:02:00+00:00,82.84,82.88,82.83,82.87,902.863
2026-03-08 12:03:00+00:00,82.88,82.92,82.88,82.91,506.751
2026-03-08 12:04:00+00:00,82.92,83.01,82.9,82.96,1567.264
2026-03-08 12:05:00+00:00,82.97,82.97,82.89,82.89,803.349
2026-03-08 12:06:00+00:00,82.89,82.89,82.83,82.86,714.949
2026-03-08 12:07:00+00:00,82.86,82.87,82.79,82.87,982.987
2026-03-08 12:08:00+00:00,82.87,82.87,82.66,82.69,1381.985
2026-03-08 12:09:00+00:00,82.68,82.72,82.37,82.43,8856.666
2026-03-08 12:10:00+00:00,82.43,82.54,82.32,82.41,3586.408
2026-03-08 12:11:00+00:00,82.41,82.43,82.31,82.35,9718.359
2026-03-08 12:12:00+00:00,82.36,82.37,82.26,82.29,3400.264
2026-03-08 12:13:00+00:00,82.3,82.3,82.0,82.18,9249.318
2026-03-08 12:14:00+00:00,82.18,82.18,82.0,82.06,5683.466
2026-03-08 12:15:00+00:00,82.06,82.13,81.75,81.79,14539.44
2026-03-08 12:16:00+00:00,81.79,82.02,81.61,81.97,14663.634
2026-03-08 12:17:00+00:00,81.97,82.02,81.9,82.01,2133.509
2026-03-08 12:18:00+00:00,82.02,82.1,82.01,82.09,3038.594
2026-03-08 12:19:00+00:00,82.08,82.12,82.05,82.07,1322.048
2026-03-08 12:20:00+00:00,82.06,82.4,82.05,82.34,3696.535
2026-03-08 12:21:00+00:00,82.33,82.42,82.33,82.35,1402.568
2026-03-08 12:22:00+00:00,82.35,82.38,82.33,82.36,1097.805
2026-03-08 12:23:00+00:00,82.35,82.44,82.35,82.44,867.692
2026-03-08 12:24:00+00:00,82.44,82.51,82.41,82.42,1410.442
2026-03-08 12:25:00+00:00,82.42,82.47,82.4,82.44,940.262
2026-03-08 12:26:00+00:00,82.44,82.44,82.41,82.42,237.497
2026-03-08 12:27:00+00:00,82.41,82.62,82.39,82.48,6293.074
2026-03-08 12:28:00+00:00,82.49,82.8,82.49,82.75,5305.176
2026-03-08 12:29:00+00:00,82.74,82.79,82.7,82.74,2623.48
2026-03-08 12:30:00+00:00,82.74,82.74,82.6,82.61,1539.329
2026-03-08 12:31:00+00:00,82.61,82.66,82.55,82.65,1036.942
2026-03-08 12:32:00+00:00,82.66,82.69,82.58,82.63,984.113
2026-03-08 12:33:00+00:00,82.62,82.64,82.43,82.46,3983.374
2026-03-08 12:34:00+00:00,82.45,82.51,82.43,82.44,1717.889
2026-03-08 12:35:00+00:00,82.44,82.51,82.44,82.49,819.959
2026-03-08 12:36:00+00:00,82.49,82.49,82.39,82.42,3164.729
2026-03-08 12:37:00+00:00,82.42,82.44,82.37,82.39,2172.385
2026-03-08 12:38:00+00:00,82.4,82.44,82.4,82.43,497.328
2026-03-08 12:39:00+00:00,82.44,82.46,82.4,82.42,929.196
2026-03-08 12:40:00+00:00,82.41,82.56,82.4,82.55,2178.707
2026-03-08 12:41:00+00:00,82.56,82.68,82.47,82.48,2447.154
2026-03-08 12:42:00+00:00,82.48,82.48,82.43,82.45,1038.428
2026-03-08 12:43:00+00:00,82.45,82.49,82.45,82.48,1790.336
2026-03-08 12:44:00+00:00,82.47,82.49,82.45,82.47,1491.623
2026-03-08 12:45:00+00:00,82.46,82.46,82.31,82.35,1954.505
2026-03-08 12:46:00+00:00,82.35,82.36,82.27,82.31,3215.759
2026-03-08 12:47:00+00:00,82.31,82.33,82.26,82.31,833.372
2026-03-08 12:48:00+00:00,82.3,82.32,82.24,82.24,2773.08
2026-03-08 12:49:00+00:00,82.25,82.33,82.25,82.32,1002.984
2026-03-08 12:50:00+00:00,82.32,82.32,82.27,82.28,1498.41
2026-03-08 12:51:00+00:00,82.27,82.34,82.27,82.34,395.572
2026-03-08 12:52:00+00:00,82.35,82.47,82.31,82.39,7668.694
2026-03-08 12:53:00+00:00,82.38,82.39,82.33,82.36,1577.507
2026-03-08 12:54:00+00:00,82.36,82.39,82.35,82.38,354.038
2026-03-08 12:55:00+00:00,82.37,82.38,82.31,82.34,1111.294
2026-03-08 12:56:00+00:00,82.34,82.34,82.29,82.33,575.423
2026-03-08 12:57:00+00:00,82.33,82.34,82.29,82.29,1134.291
2026-03-08 12:58:00+00:00,82.3,82.32,82.29,82.32,228.855
2026-03-08 12:59:00+00:00,82.32,82.34,82.31,82.31,307.544
2026-03-08 13:00:00+00:00,82.32,82.37,82.31,82.37,462.12
2026-03-08 13:01:00+00:00,82.37,82.37,82.32,82.32,349.053
2026-03-08 13:02:00+00:00,82.32,82.34,82.28,82.32,916.016
2026-03-08 13:03:00+00:00,82.33,82.47,82.29,82.3,1734.406
2026-03-08 13:04:00+00:00,82.3,82.31,82.15,82.18,3313.103
2026-03-08 13:05:00+00:00,82.17,82.21,82.04,82.08,2581.929
2026-03-08 13:06:00+00:00,82.07,82.12,82.05,82.12,895.349
2026-03-08 13:07:00+00:00,82.12,82.17,82.11,82.16,862.459
2026-03-08 13:08:00+00:00,82.17,82.17,82.13,82.13,329.225
2026-03-08 13:09:00+00:00,82.13,82.21,82.13,82.21,451.288
2026-03-08 13:10:00+00:00,82.21,82.21,82.13,82.13,783.631
2026-03-08 13:11:00+00:00,82.14,82.18,82.14,82.15,1602.45
2026-03-08 13:12:00+00:00,82.15,82.19,81.82,81.83,7582.041
2026-03-08 13:13:00+00:00,81.83,81.89,81.81,81.82,2925.462
2026-03-08 13:14:00+00:00,81.83,81.88,81.67,81.71,5165.849
2026-03-08 13:15:00+00:00,81.72,81.78,81.65,81.78,3484.39
2026-03-08 13:16:00+00:00,81.79,81.9,81.77,81.9,2770.021
2026-03-08 13:17:00+00:00,81.91,81.92,81.84,81.91,1389.867
2026-03-08 13:18:00+00:00,81.9,81.94,81.88,81.91,6754.659
2026-03-08 13:19:00+00:00,81.9,81.93,81.87,81.88,1776.951
2026-03-08 13:20:00+00:00,81.87,81.93,81.87,81.9,560.001
2026-03-08 13:21:00+00:00,81.9,81.94,81.88,81.89,610.788
2026-03-08 13:22:00+00:00,81.89,81.94,81.89,81.91,822.227
2026-03-08 13:23:00+00:00,81.91,81.91,81.8,81.81,2087.246
2026-03-08 13:24:00+00:00,81.8,81.8,81.64,81.66,3327.449
2026-03-08 13:25:00+00:00,81.66,81.66,81.23,81.34,25729.677
2026-03-08 13:26:00+00:00,81.33,81.65,81.18,81.61,7953.116
2026-03-08 13:27:00+00:00,81.61,81.86,81.61,81.77,10155.482
2026-03-08 13:28:00+00:00,81.77,81.84,81.73,81.74,2012.794
2026-03-08 13:29:00+00:00,81.75,81.8,81.71,81.72,1779.972
2026-03-08 13:30:00+00:00,81.72,81.73,81.68,81.71,1264.657
2026-03-08 13:31:00+00:00,81.71,81.73,81.63,81.66,1422.313
2026-03-08 13:32:00+00:00,81.65,81.75,81.65,81.71,1742.692
2026-03-08 13:33:00+00:00,81.71,81.72,81.54,81.61,1543.356
2026-03-08 13:34:00+00:00,81.6,81.63,81.53,81.57,1317.545
2026-03-08 13:35:00+00:00,81.56,81.72,81.56,81.65,1058.313
2026-03-08 13:36:00+00:00,81.65,81.72,81.64,81.66,740.188
2026-03-08 13:37:00+00:00,81.66,81.71,81.6,81.67,1311.781
2026-03-08 13:38:00+00:00,81.68,81.73,81.65,81.65,563.803
2026-03-08 13:39:00+00:00,81.66,81.72,81.63,81.65,2416.534
2026-03-08 13:40:00+00:00,81.65,81.69,81.53,81.67,2277.904
2026-03-08 13:41:00+00:00,81.68,81.69,81.55,81.57,2905.886
2026-03-08 13:42:00+00:00,81.57,81.62,81.37,81.49,3018.714
2026-03-08 13:43:00+00:00,81.48,81.7,81.48,81.68,2450.867
2026-03-08 13:44:00+00:00,81.69,81.74,81.67,81.69,7106.621
2026-03-08 13:45:00+00:00,81.69,81.87,81.66,81.76,4280.913
2026-03-08 13:46:00+00:00,81.75,81.81,81.67,81.79,5806.211
2026-03-08 13:47:00+00:00,81.79,81.81,81.77,81.8,1537.833
2026-03-08 13:48:00+00:00,81.8,81.97,81.8,81.92,10698.479
2026-03-08 13:49:00+00:00,81.93,82.07,81.93,82.01,1769.974
2026-03-08 13:50:00+00:00,82.0,82.06,81.97,81.99,1138.961
2026-03-08 13:51:00+00:00,81.99,82.07,81.91,82.05,1502.219
2026-03-08 13:52:00+00:00,82.05,82.12,82.03,82.05,954.11
2026-03-08 13:53:00+00:00,82.04,82.08,82.02,82.03,720.41
2026-03-08 13:54:00+00:00,82.03,82.04,82.0,82.01,397.342
2026-03-08 13:55:00+00:00,82.02,82.16,81.95,82.13,7421.099
2026-03-08 13:56:00+00:00,82.14,82.18,82.1,82.18,1202.387
2026-03-08 13:57:00+00:00,82.17,82.2,82.13,82.14,1118.149
2026-03-08 13:58:00+00:00,82.14,82.14,82.08,82.09,899.43
2026-03-08 13:59:00+00:00,82.08,82.13,82.08,82.08,906.522
2026-03-08 14:00:00+00:00,82.09,82.14,82.06,82.14,615.8
2026-03-08 14:01:00+00:00,82.14,82.15,82.08,82.09,1801.108
2026-03-08 14:02:00+00:00,82.1,82.1,81.98,82.01,1007.371
2026-03-08 14:03:00+00:00,82.02,82.1,81.99,82.1,1237.672
2026-03-08 14:04:00+00:00,82.09,82.16,82.04,82.1,1436.452
2026-03-08 14:05:00+00:00,82.09,82.21,82.08,82.21,1277.444
2026-03-08 14:06:00+00:00,82.2,82.37,82.2,82.24,2637.682
2026-03-08 14:07:00+00:00,82.24,82.28,82.17,82.17,2012.728
2026-03-08 14:08:00+00:00,82.17,82.17,82.05,82.08,489.465
2026-03-08 14:09:00+00:00,82.08,82.16,82.07,82.13,508.76
2026-03-08 14:10:00+00:00,82.13,82.2,82.12,82.17,883.324
2026-03-08 14:11:00+00:00,82.17,82.18,82.15,82.18,214.666
2026-03-08 14:12:00+00:00,82.18,82.21,82.16,82.17,359.209
2026-03-08 14:13:00+00:00,82.16,82.18,82.12,82.12,646.121
2026-03-08 14:14:00+00:00,82.13,82.23,82.12,82.16,844.202
2026-03-08 14:15:00+00:00,82.15,82.28,82.15,82.27,700.948
2026-03-08 14:16:00+00:00,82.27,82.35,82.27,82.29,2420.936
2026-03-08 14:17:00+00:00,82.28,82.28,82.11,82.19,502.491
2026-03-08 14:18:00+00:00,82.18,82.22,82.16,82.19,375.965
2026-03-08 14:19:00+00:00,82.19,82.33,82.19,82.31,711.904
2026-03-08 14:20:00+00:00,82.31,82.33,82.25,82.25,592.58
2026-03-08 14:21:00+00:00,82.25,82.34,82.21,82.32,743.688
2026-03-08 14:22:00+00:00,82.31,82.37,82.3,82.31,696.172
2026-03-08 14:23:00+00:00,82.31,82.31,82.24,82.26,1805.202
2026-03-08 14:24:00+00:00,82.26,82.35,82.26,82.34,831.384
2026-03-08 14:25:00+00:00,82.35,82.37,82.29,82.29,917.064
2026-03-08 14:26:00+00:00,82.29,82.29,82.2,82.22,953.471
2026-03-08 14:27:00+00:00,82.21,82.21,82.12,82.15,1018.355
2026-03-08 14:28:00+00:00,82.14,82.14,82.04,82.06,1238.698
2026-03-08 14:29:00+00:00,82.06,82.1,82.06,82.09,248.181
2026-03-08 14:30:00+00:00,82.09,82.16,82.09,82.15,1361.645
2026-03-08 14:31:00+00:00,82.15,82.18,82.14,82.15,331.344
2026-03-08 14:32:00+00:00,82.14,82.29,82.14,82.29,903.958
2026-03-08 14:33:00+00:00,82.28,82.37,82.28,82.3,1955.651
2026-03-08 14:34:00+00:00,82.3,82.3,82.14,82.15,1562.583
2026-03-08 14:35:00+00:00,82.15,82.18,82.12,82.15,1224.459
2026-03-08 14:36:00+00:00,82.15,82.23,82.15,82.21,632.625
2026-03-08 14:37:00+00:00,82.21,82.21,82.12,82.14,615.018
2026-03-08 14:38:00+00:00,82.14,82.18,82.14,82.18,314.959
2026-03-08 14:39:00+00:00,82.18,82.27,82.18,82.22,965.549
2026-03-08 14:40:00+00:00,82.22,82.23,82.12,82.12,462.473
2026-03-08 14:41:00+00:00,82.13,82.14,82.01,82.1,1879.321
2026-03-08 14:42:00+00:00,82.1,82.1,81.98,82.03,3076.227
2026-03-08 14:43:00+00:00,82.03,82.04,81.95,82.0,993.711
2026-03-08 14:44:00+00:00,82.0,82.06,82.0,82.04,545.578
2026-03-08 14:45:00+00:00,82.04,82.05,81.97,81.98,401.608
2026-03-08 14:46:00+00:00,81.98,82.06,81.97,82.04,1939.678
2026-03-08 14:47:00+00:00,82.04,82.06,82.02,82.06,326.564
2026-03-08 14:48:00+00:00,82.06,82.12,82.06,82.11,152.686
2026-03-08 14:49:00+00:00,82.11,82.12,82.05,82.06,469.663
2026-03-08 14:50:00+00:00,82.06,82.08,82.05,82.06,205.669
2026-03-08 14:51:00+00:00,82.07,82.26,82.07,82.19,639.095
2026-03-08 14:52:00+00:00,82.18,82.27,82.14,82.26,811.663
2026-03-08 14:53:00+00:00,82.26,82.33,82.26,82.32,762.606
2026-03-08 14:54:00+00:00,82.32,82.35,82.32,82.33,427.798
2026-03-08 14:55:00+00:00,82.32,82.34,82.27,82.27,144.36
2026-03-08 14:56:00+00:00,82.27,82.33,82.27,82.33,226.788
2026-03-08 14:57:00+00:00,82.33,82.34,82.31,82.32,961.409
2026-03-08 14:58:00+00:00,82.31,82.32,82.26,82.29,613.876
2026-03-08 14:59:00+00:00,82.28,82.35,82.28,82.32,125.646
2026-03-08 15:00:00+00:00,82.31,82.31,82.27,82.3,184.971
2026-03-08 15:01:00+00:00,82.29,82.36,82.29,82.36,598.365
2026-03-08 15:02:00+00:00,82.36,82.41,82.27,82.32,815.553
2026-03-08 15:03:00+00:00,82.32,82.39,82.31,82.36,341.675
2026-03-08 15:04:00+00:00,82.35,82.35,82.1,82.3,1907.811
2026-03-08 15:05:00+00:00,82.29,82.29,82.15,82.17,776.564
2026-03-08 15:06:00+00:00,82.17,82.19,82.12,82.13,577.97
2026-03-08 15:07:00+00:00,82.14,82.17,82.13,82.14,474.407
2026-03-08 15:08:00+00:00,82.14,82.14,82.03,82.14,806.03
2026-03-08 15:09:00+00:00,82.14,82.35,82.13,82.32,1017.996
2026-03-08 15:10:00+00:00,82.31,82.36,82.28,82.31,1240.561
2026-03-08 15:11:00+00:00,82.3,82.3,82.25,82.29,159.684
2026-03-08 15:12:00+00:00,82.28,82.28,82.23,82.26,239.182
2026-03-08 15:13:00+00:00,82.26,82.26,82.2,82.21,726.922
2026-03-08 15:14:00+00:00,82.21,82.31,82.2,82.29,1465.53
2026-03-08 15:15:00+00:00,82.29,82.3,82.16,82.18,599.175
2026-03-08 15:16:00+00:00,82.18,82.2,82.16,82.19,436.097
2026-03-08 15:17:00+00:00,82.18,82.18,82.13,82.15,657.078
2026-03-08 15:18:00+00:00,82.14,82.21,82.14,82.21,705.013
2026-03-08 15:19:00+00:00,82.21,82.28,82.21,82.28,469.451
2026-03-08 15:20:00+00:00,82.28,82.29,82.24,82.25,455.509
2026-03-08 15:21:00+00:00,82.25,82.25,82.12,82.12,2403.507
2026-03-08 15:22:00+00:00,82.11,82.11,82.07,82.11,813.698
2026-03-08 15:23:00+00:00,82.1,82.13,81.99,82.13,887.036
2026-03-08 15:24:00+00:00,82.13,82.22,82.12,82.15,525.624
2026-03-08 15:25:00+00:00,82.16,82.17,82.14,82.15,120.425
2026-03-08 15:26:00+00:00,82.15,82.15,82.09,82.13,637.758
2026-03-08 15:27:00+00:00,82.12,82.12,82.04,82.05,171.368
2026-03-08 15:28:00+00:00,82.05,82.07,82.05,82.06,372.463
2026-03-08 15:29:00+00:00,82.05,82.06,81.93,81.97,2782.664
2026-03-08 15:30:00+00:00,81.97,82.01,81.93,81.98,383.975
2026-03-08 15:31:00+00:00,81.98,82.05,81.98,82.01,748.655
2026-03-08 15:32:00+00:00,82.01,82.07,81.99,82.07,2215.909
2026-03-08 15:33:00+00:00,82.07,82.1,82.06,82.1,393.625
2026-03-08 15:34:00+00:00,82.1,82.1,81.97,81.97,1539.342
2026-03-08 15:35:00+00:00,81.96,82.0,81.94,81.96,1527.544
2026-03-08 15:36:00+00:00,81.96,82.01,81.96,81.97,1343.841
2026-03-08 15:37:00+00:00,81.98,82.02,81.96,82.02,784.379
2026-03-08 15:38:00+00:00,82.02,82.08,82.02,82.05,854.306
2026-03-08 15:39:00+00:00,82.05,82.05,82.01,82.01,380.394
2026-03-08 15:40:00+00:00,82.0,82.01,81.95,81.96,3116.592
2026-03-08 15:41:00+00:00,81.96,81.99,81.88,81.99,3160.413
2026-03-08 15:42:00+00:00,81.99,81.99,81.94,81.97,1254.721
2026-03-08 15:43:00+00:00,81.97,82.01,81.97,82.01,170.04
2026-03-08 15:44:00+00:00,82.01,82.01,81.92,81.93,2007.109
2026-03-08 15:45:00+00:00,81.93,81.96,81.92,81.95,705.546
2026-03-08 15:46:00+00:00,81.96,82.01,81.94,82.0,689.372
2026-03-08 15:47:00+00:00,82.0,82.05,82.0,82.01,272.925
2026-03-08 15:48:00+00:00,82.0,82.0,81.86,81.9,1396.801
2026-03-08 15:49:00+00:00,81.91,81.96,81.88,81.95,878.59
2026-03-08 15:50:00+00:00,81.94,81.98,81.92,81.94,774.315
2026-03-08 15:51:00+00:00,81.93,81.95,81.89,81.9,277.105
2026-03-08 15:52:00+00:00,81.89,81.95,81.89,81.94,359.021
2026-03-08 15:53:00+00:00,81.94,81.96,81.87,81.89,1154.422
2026-03-08 15:54:00+00:00,81.89,82.02,81.83,82.01,1780.79
2026-03-08 15:55:00+00:00,82.01,82.02,81.93,82.01,2091.496
2026-03-08 15:56:00+00:00,82.01,82.1,81.99,82.1,1123.669
2026-03-08 15:57:00+00:00,82.09,82.14,82.08,82.11,1254.519
2026-03-08 15:58:00+00:00,82.11,82.12,82.01,82.02,638.007
2026-03-08 15:59:00+00:00,82.02,82.09,82.0,82.06,1378.898
2026-03-08 16:00:00+00:00,82.06,82.07,82.01,82.01,292.128
2026-03-08 16:01:00+00:00,82.01,82.05,82.01,82.05,868.163
2026-03-08 16:02:00+00:00,82.04,82.04,82.0,82.04,517.745
2026-03-08 16:03:00+00:00,82.04,82.14,82.04,82.11,568.2
2026-03-08 16:04:00+00:00,82.12,82.14,82.05,82.07,2270.609
2026-03-08 16:05:00+00:00,82.06,82.17,82.06,82.16,431.956
2026-03-08 16:06:00+00:00,82.16,82.16,82.1,82.12,350.029
2026-03-08 16:07:00+00:00,82.11,82.12,82.08,82.11,1026.593
2026-03-08 16:08:00+00:00,82.11,82.12,82.08,82.08,967.328
2026-03-08 16:09:00+00:00,82.08,82.12,82.07,82.1,240.341
2026-03-08 16:10:00+00:00,82.09,82.13,82.09,82.12,1771.587
2026-03-08 16:11:00+00:00,82.13,82.13,82.01,82.03,354.844
2026-03-08 16:12:00+00:00,82.03,82.03,81.98,82.02,497.943
2026-03-08 16:13:00+00:00,82.01,82.02,81.97,81.97,307.41
2026-03-08 16:14:00+00:00,81.96,81.96,81.86,81.94,2879.095
2026-03-08 16:15:00+00:00,81.94,81.95,81.91,81.92,355.664
2026-03-08 16:16:00+00:00,81.92,81.92,81.73,81.82,3987.157
2026-03-08 16:17:00+00:00,81.82,81.86,81.8,81.83,987.217
2026-03-08 16:18:00+00:00,81.83,81.87,81.82,81.86,216.036
2026-03-08 16:19:00+00:00,81.86,81.86,81.82,81.85,820.916
2026-03-08 16:20:00+00:00,81.85,81.92,81.82,81.86,1338.469
2026-03-08 16:21:00+00:00,81.86,81.89,81.85,81.88,380.736
2026-03-08 16:22:00+00:00,81.89,81.89,81.82,81.85,713.977
2026-03-08 16:23:00+00:00,81.85,81.92,81.82,81.92,1691.961
2026-03-08 16:24:00+00:00,81.92,81.96,81.91,81.96,346.337
2026-03-08 16:25:00+00:00,81.96,82.0,81.93,81.93,620.782
2026-03-08 16:26:00+00:00,81.92,81.93,81.9,81.91,1286.532
2026-03-08 16:27:00+00:00,81.91,81.91,81.84,81.85,213.234
2026-03-08 16:28:00+00:00,81.84,81.88,81.84,81.88,237.845
2026-03-08 16:29:00+00:00,81.87,81.89,81.85,81.86,197.825
2026-03-08 16:30:00+00:00,81.85,81.86,81.82,81.86,1592.855
2026-03-08 16:31:00+00:00,81.85,81.85,81.8,81.8,1885.331
2026-03-08 16:32:00+00:00,81.81,81.82,81.65,81.65,2513.426
2026-03-08 16:33:00+00:00,81.65,81.77,81.65,81.74,1344.499
2026-03-08 16:34:00+00:00,81.74,81.74,81.59,81.59,1245.013
2026-03-08 16:35:00+00:00,81.59,81.67,81.48,81.48,5024.298
2026-03-08 16:36:00+00:00,81.47,81.6,81.46,81.58,2516.175
2026-03-08 16:37:00+00:00,81.57,81.57,81.48,81.53,319.211
2026-03-08 16:38:00+00:00,81.52,81.55,81.49,81.52,3437.359
2026-03-08 16:39:00+00:00,81.53,81.65,81.53,81.63,938.149
2026-03-08 16:40:00+00:00,81.63,81.73,81.63,81.68,937.898
2026-03-08 16:41:00+00:00,81.69,81.76,81.68,81.76,289.263
2026-03-08 16:42:00+00:00,81.76,81.8,81.76,81.77,493.737
2026-03-08 16:43:00+00:00,81.76,81.76,81.72,81.73,382.485
2026-03-08 16:44:00+00:00,81.73,81.78,81.72,81.77,394.487
2026-03-08 16:45:00+00:00,81.76,81.76,81.51,81.56,4334.908
2026-03-08 16:46:00+00:00,81.55,81.55,81.36,81.48,4065.761
2026-03-08 16:47:00+00:00,81.48,81.6,81.46,81.6,812.13
2026-03-08 16:48:00+00:00,81.59,81.6,81.51,81.53,462.841
2026-03-08 16:49:00+00:00,81.53,81.54,81.52,81.53,230.544
2026-03-08 16:50:00+00:00,81.53,81.53,81.39,81.48,863.525
2026-03-08 16:51:00+00:00,81.48,81.55,81.46,81.51,547.679
2026-03-08 16:52:00+00:00,81.51,81.53,81.46,81.48,557.409
2026-03-08 16:53:00+00:00,81.47,81.5,81.41,81.41,2048.352
2026-03-08 16:54:00+00:00,81.42,81.51,81.41,81.51,1325.21
2026-03-08 16:55:00+00:00,81.5,81.5,81.46,81.48,1249.181
2026-03-08 16:56:00+00:00,81.49,81.54,81.48,81.51,352.557
2026-03-08 16:57:00+00:00,81.52,81.58,81.52,81.55,233.461
2026-03-08 16:58:00+00:00,81.56,81.56,81.41,81.41,2279.254
2026-03-08 16:59:00+00:00,81.4,81.55,81.4,81.52,2218.185
2026-03-08 17:00:00+00:00,81.53,81.57,81.48,81.48,2031.954
2026-03-08 17:01:00+00:00,81.48,81.52,81.45,81.49,489.294
2026-03-08 17:02:00+00:00,81.49,81.64,81.49,81.63,1613.191
2026-03-08 17:03:00+00:00,81.64,81.81,81.63,81.8,1920.882
2026-03-08 17:04:00+00:00,81.8,81.91,81.75,81.91,3709.349
2026-03-08 17:05:00+00:00,81.91,82.0,81.91,81.95,1357.429
2026-03-08 17:06:00+00:00,81.94,81.95,81.87,81.89,1252.042
2026-03-08 17:07:00+00:00,81.89,81.97,81.89,81.9,1339.563
2026-03-08 17:08:00+00:00,81.9,81.9,81.8,81.82,414.707
2026-03-08 17:09:00+00:00,81.81,81.84,81.78,81.79,434.262
2026-03-08 17:10:00+00:00,81.79,81.8,81.67,81.68,288.227
2026-03-08 17:11:00+00:00,81.67,81.69,81.56,81.64,922.547
2026-03-08 17:12:00+00:00,81.64,81.69,81.63,81.68,549.063
2026-03-08 17:13:00+00:00,81.68,81.73,81.67,81.73,174.807
2026-03-08 17:14:00+00:00,81.72,81.83,81.72,81.83,638.876
2026-03-08 17:15:00+00:00,81.83,81.86,81.75,81.78,1218.264
2026-03-08 17:16:00+00:00,81.78,81.81,81.77,81.78,380.433
2026-03-08 17:17:00+00:00,81.78,81.84,81.77,81.81,239.279
2026-03-08 17:18:00+00:00,81.81,81.84,81.78,81.81,299.045
2026-03-08 17:19:00+00:00,81.82,81.83,81.8,81.82,574.221
2026-03-08 17:20:00+00:00,81.82,81.83,81.76,81.78,228.692
2026-03-08 17:21:00+00:00,81.77,81.8,81.7,81.75,1344.51
2026-03-08 17:22:00+00:00,81.74,81.75,81.64,81.66,1327.072
2026-03-08 17:23:00+00:00,81.66,81.69,81.62,81.63,1628.309
2026-03-08 17:24:00+00:00,81.64,81.64,81.53,81.63,1554.999
2026-03-08 17:25:00+00:00,81.63,81.63,81.58,81.59,351.506
2026-03-08 17:26:00+00:00,81.58,81.6,81.53,81.58,1277.783
2026-03-08 17:27:00+00:00,81.59,81.64,81.59,81.6,301.938
2026-03-08 17:28:00+00:00,81.61,81.62,81.55,81.57,610.172
2026-03-08 17:29:00+00:00,81.57,81.59,81.57,81.57,85.003
2026-03-08 17:30:00+00:00,81.57,81.59,81.54,81.58,591.706
2026-03-08 17:31:00+00:00,81.58,81.65,81.58,81.62,549.057
2026-03-08 17:32:00+00:00,81.62,81.67,81.61,81.65,200.133
2026-03-08 17:33:00+00:00,81.64,81.64,81.54,81.54,464.164
2026-03-08 17:34:00+00:00,81.55,81.56,81.38,81.46,3000.241
2026-03-08 17:35:00+00:00,81.46,81.53,81.45,81.47,589.53
2026-03-08 17:36:00+00:00,81.47,81.53,81.43,81.48,1121.483
2026-03-08 17:37:00+00:00,81.47,81.5,81.42,81.49,236.259
2026-03-08 17:38:00+00:00,81.49,81.56,81.45,81.55,532.895
2026-03-08 17:39:00+00:00,81.54,81.54,81.49,81.5,247.364
2026-03-08 17:40:00+00:00,81.5,81.54,81.47,81.53,225.662
2026-03-08 17:41:00+00:00,81.54,81.55,81.53,81.54,178.551
2026-03-08 17:42:00+00:00,81.53,81.56,81.52,81.53,461.83
2026-03-08 17:43:00+00:00,81.52,81.55,81.52,81.54,325.259
2026-03-08 17:44:00+00:00,81.53,81.58,81.53,81.57,194.423
2026-03-08 17:45:00+00:00,81.56,81.56,81.51,81.53,1222.815
2026-03-08 17:46:00+00:00,81.53,81.57,81.53,81.55,214.279
2026-03-08 17:47:00+00:00,81.55,81.6,81.53,81.57,2998.654
2026-03-08 17:48:00+00:00,81.58,81.65,81.58,81.65,463.282
2026-03-08 17:49:00+00:00,81.65,81.71,81.62,81.62,2006.851
2026-03-08 17:50:00+00:00,81.63,81.7,81.63,81.68,247.043
2026-03-08 17:51:00+00:00,81.68,81.73,81.68,81.69,2361.846
2026-03-08 17:52:00+00:00,81.69,81.72,81.69,81.71,887.941
2026-03-08 17:53:00+00:00,81.71,81.71,81.65,81.66,443.507
2026-03-08 17:54:00+00:00,81.67,81.69,81.64,81.64,95.834
2026-03-08 17:55:00+00:00,81.64,81.64,81.49,81.54,1161.457
2026-03-08 17:56:00+00:00,81.54,81.59,81.54,81.58,318.815
2026-03-08 17:57:00+00:00,81.58,81.62,81.57,81.6,436.061
2026-03-08 17:58:00+00:00,81.59,81.61,81.58,81.61,298.34
2026-03-08 17:59:00+00:00,81.6,81.69,81.6,81.69,1963.033
2026-03-08 18:00:00+00:00,81.69,81.73,81.65,81.67,674.037
2026-03-08 18:01:00+00:00,81.66,81.67,81.64,81.66,91.887
2026-03-08 18:02:00+00:00,81.66,81.66,81.57,81.63,269.453
2026-03-08 18:03:00+00:00,81.64,81.65,81.62,81.64,373.608
2026-03-08 18:04:00+00:00,81.64,81.65,81.56,81.62,1708.59
2026-03-08 18:05:00+00:00,81.63,81.63,81.56,81.59,382.652
2026-03-08 18:06:00+00:00,81.59,81.63,81.58,81.63,150.004
2026-03-08 18:07:00+00:00,81.63,81.65,81.59,81.59,250.078
2026-03-08 18:08:00+00:00,81.59,81.59,81.56,81.58,519.466
2026-03-08 18:09:00+00:00,81.58,81.58,81.45,81.48,1698.462
2026-03-08 18:10:00+00:00,81.47,81.53,81.46,81.52,528.025
2026-03-08 18:11:00+00:00,81.52,81.53,81.51,81.52,135.404
2026-03-08 18:12:00+00:00,81.52,81.56,81.51,81.55,245.026
2026-03-08 18:13:00+00:00,81.56,81.61,81.55,81.55,445.924
2026-03-08 18:14:00+00:00,81.55,81.56,81.48,81.51,805.097
2026-03-08 18:15:00+00:00,81.51,81.52,81.5,81.52,281.85
2026-03-08 18:16:00+00:00,81.52,81.52,81.42,81.48,1721.01
2026-03-08 18:17:00+00:00,81.49,81.55,81.48,81.49,1424.032
2026-03-08 18:18:00+00:00,81.49,81.52,81.4,81.4,865.795
2026-03-08 18:19:00+00:00,81.39,81.45,81.31,81.45,2029.511
2026-03-08 18:20:00+00:00,81.44,81.58,81.43,81.57,2042.617
2026-03-08 18:21:00+00:00,81.58,81.66,81.58,81.63,738.934
2026-03-08 18:22:00+00:00,81.62,81.63,81.58,81.58,398.913
2026-03-08 18:23:00+00:00,81.59,81.61,81.57,81.61,174.136
2026-03-08 18:24:00+00:00,81.61,81.71,81.61,81.7,618.189
2026-03-08 18:25:00+00:00,81.7,81.74,81.68,81.69,1596.499
2026-03-08 18:26:00+00:00,81.7,81.75,81.7,81.75,172.185
2026-03-08 18:27:00+00:00,81.75,81.76,81.73,81.74,155.716
2026-03-08 18:28:00+00:00,81.74,81.75,81.69,81.7,472.782
2026-03-08 18:29:00+00:00,81.69,81.7,81.67,81.68,431.846
2026-03-08 18:30:00+00:00,81.69,81.74,81.66,81.73,489.422
2026-03-08 18:31:00+00:00,81.74,81.78,81.74,81.76,329.63
2026-03-08 18:32:00+00:00,81.75,81.79,81.73,81.76,235.184
2026-03-08 18:33:00+00:00,81.77,81.8,81.7,81.72,460.137
2026-03-08 18:34:00+00:00,81.72,81.76,81.68,81.68,782.287
2026-03-08 18:35:00+00:00,81.68,81.77,81.68,81.76,264.25
2026-03-08 18:36:00+00:00,81.76,81.8,81.66,81.66,915.178
2026-03-08 18:37:00+00:00,81.66,81.66,81.59,81.64,432.584
2026-03-08 18:38:00+00:00,81.64,81.66,81.62,81.65,997.319
2026-03-08 18:39:00+00:00,81.64,81.69,81.63,81.69,619.437
2026-03-08 18:40:00+00:00,81.68,81.69,81.53,81.56,812.638
2026-03-08 18:41:00+00:00,81.55,81.58,81.51,81.51,1497.031
2026-03-08 18:42:00+00:00,81.52,81.6,81.51,81.6,301.222
2026-03-08 18:43:00+00:00,81.6,81.6,81.54,81.55,448.05
2026-03-08 18:44:00+00:00,81.56,81.59,81.55,81.58,429.471
2026-03-08 18:45:00+00:00,81.57,81.58,81.5,81.52,675.485
2026-03-08 18:46:00+00:00,81.53,81.58,81.52,81.57,304.131
2026-03-08 18:47:00+00:00,81.58,81.6,81.56,81.6,131.472
2026-03-08 18:48:00+00:00,81.6,81.65,81.6,81.65,329.733
2026-03-08 18:49:00+00:00,81.64,81.65,81.52,81.54,1457.081
2026-03-08 18:50:00+00:00,81.55,81.61,81.54,81.56,805.667
2026-03-08 18:51:00+00:00,81.56,81.57,81.54,81.54,229.76
2026-03-08 18:52:00+00:00,81.54,81.6,81.53,81.59,173.874
2026-03-08 18:53:00+00:00,81.58,81.65,81.58,81.6,371.647
2026-03-08 18:54:00+00:00,81.61,81.62,81.6,81.62,92.707
2026-03-08 18:55:00+00:00,81.62,81.69,81.62,81.65,444.092
2026-03-08 18:56:00+00:00,81.66,81.66,81.6,81.6,338.482
2026-03-08 18:57:00+00:00,81.6,81.64,81.59,81.63,573.646
2026-03-08 18:58:00+00:00,81.63,81.65,81.62,81.64,410.069
2026-03-08 18:59:00+00:00,81.64,81.65,81.58,81.6,492.659
2026-03-08 19:00:00+00:00,81.6,81.64,81.59,81.6,392.077
2026-03-08 19:01:00+00:00,81.59,81.59,81.52,81.52,623.188
2026-03-08 19:02:00+00:00,81.53,81.53,81.5,81.52,248.926
2026-03-08 19:03:00+00:00,81.51,81.67,81.5,81.67,1172.352
2026-03-08 19:04:00+00:00,81.67,81.77,81.67,81.71,1305.548
2026-03-08 19:05:00+00:00,81.71,81.74,81.66,81.74,1234.896
2026-03-08 19:06:00+00:00,81.74,81.74,81.67,81.69,126.305
2026-03-08 19:07:00+00:00,81.68,81.76,81.68,81.72,1029.196
2026-03-08 19:08:00+00:00,81.73,81.87,81.73,81.81,1259.986
2026-03-08 19:09:00+00:00,81.8,81.85,81.8,81.85,431.561
2026-03-08 19:10:00+00:00,81.85,81.99,81.85,81.87,2546.603
2026-03-08 19:11:00+00:00,81.87,81.89,81.84,81.85,892.007
2026-03-08 19:12:00+00:00,81.84,81.87,81.84,81.85,485.02
2026-03-08 19:13:00+00:00,81.86,82.05,81.8,82.05,2692.057
2026-03-08 19:14:00+00:00,82.04,82.12,81.94,81.95,3924.388
2026-03-08 19:15:00+00:00,81.96,82.01,81.94,82.01,1185.467
2026-03-08 19:16:00+00:00,82.0,82.12,82.0,82.11,992.809
2026-03-08 19:17:00+00:00,82.1,82.12,82.02,82.11,1304.245
2026-03-08 19:18:00+00:00,82.1,82.28,82.07,82.25,3226.063
2026-03-08 19:19:00+00:00,82.25,82.37,82.19,82.2,2551.539
2026-03-08 19:20:00+00:00,82.2,82.23,82.14,82.21,1584.784
2026-03-08 19:21:00+00:00,82.21,82.25,82.21,82.22,883.477
2026-03-08 19:22:00+00:00,82.22,82.29,82.22,82.24,576.239
2026-03-08 19:23:00+00:00,82.25,82.5,82.25,82.38,3073.835
2026-03-08 19:24:00+00:00,82.39,82.43,82.33,82.33,2293.712
2026-03-08 19:25:00+00:00,82.33,82.33,82.24,82.28,775.246
2026-03-08 19:26:00+00:00,82.28,82.33,82.26,82.32,551.271
2026-03-08 19:27:00+00:00,82.32,82.36,82.27,82.28,688.466
2026-03-08 19:28:00+00:00,82.27,82.31,82.24,82.27,638.584
2026-03-08 19:29:00+00:00,82.26,82.29,82.25,82.28,586.134
2026-03-08 19:30:00+00:00,82.29,82.34,82.28,82.3,363.761
2026-03-08 19:31:00+00:00,82.3,82.36,82.26,82.34,342.524
2026-03-08 19:32:00+00:00,82.33,82.35,82.21,82.28,1627.211
2026-03-08 19:33:00+00:00,82.29,82.46,82.27,82.46,4388.522
2026-03-08 19:34:00+00:00,82.46,82.56,82.45,82.56,6296.573
2026-03-08 19:35:00+00:00,82.55,82.55,82.41,82.52,1691.556
2026-03-08 19:36:00+00:00,82.52,82.55,82.47,82.47,984.912
2026-03-08 19:37:00+00:00,82.48,82.55,82.47,82.55,485.314
2026-03-08 19:38:00+00:00,82.55,82.55,82.49,82.53,885.337
2026-03-08 19:39:00+00:00,82.52,82.53,82.45,82.53,1014.617
2026-03-08 19:40:00+00:00,82.52,82.52,82.47,82.49,1015.618
2026-03-08 19:41:00+00:00,82.48,82.54,82.48,82.53,497.548
2026-03-08 19:42:00+00:00,82.52,82.56,82.51,82.55,1389.2
2026-03-08 19:43:00+00:00,82.54,82.57,82.53,82.55,1021.89
2026-03-08 19:44:00+00:00,82.55,82.57,82.52,82.55,1509.187
2026-03-08 19:45:00+00:00,82.56,82.57,82.46,82.47,996.314
2026-03-08 19:46:00+00:00,82.47,82.55,82.46,82.55,1644.097
2026-03-08 19:47:00+00:00,82.54,82.59,82.52,82.58,902.118
2026-03-08 19:48:00+00:00,82.58,82.65,82.54,82.56,1329.252
2026-03-08 19:49:00+00:00,82.57,82.58,82.48,82.5,1155.965
2026-03-08 19:50:00+00:00,82.49,82.5,82.45,82.47,2216.648
2026-03-08 19:51:00+00:00,82.46,82.47,82.3,82.33,4942.332
2026-03-08 19:52:00+00:00,82.34,82.35,82.29,82.32,1255.966
2026-03-08 19:53:00+00:00,82.32,82.36,82.32,82.35,488.718
2026-03-08 19:54:00+00:00,82.35,82.39,82.35,82.37,1344.066
2026-03-08 19:55:00+00:00,82.38,82.41,82.37,82.38,466.154
2026-03-08 19:56:00+00:00,82.37,82.43,82.37,82.4,620.289
2026-03-08 19:57:00+00:00,82.39,82.4,82.39,82.39,339.198
2026-03-08 19:58:00+00:00,82.4,82.41,82.38,82.39,728.935
2026-03-08 19:59:00+00:00,82.38,82.49,82.38,82.49,335.69
2026-03-08 20:00:00+00:00,82.48,82.5,82.39,82.39,525.203
2026-03-08 20:01:00+00:00,82.39,82.47,82.38,82.4,627.298
2026-03-08 20:02:00+00:00,82.41,82.41,82.32,82.34,565.244
2026-03-08 20:03:00+00:00,82.34,82.39,82.33,82.34,709.74
2026-03-08 20:04:00+00:00,82.34,82.34,82.25,82.26,470.81
2026-03-08 20:05:00+00:00,82.25,82.27,82.19,82.19,659.64
2026-03-08 20:06:00+00:00,82.2,82.22,82.18,82.21,357.992
2026-03-08 20:07:00+00:00,82.21,82.29,82.21,82.26,441.024
2026-03-08 20:08:00+00:00,82.26,82.28,82.25,82.28,545.597
2026-03-08 20:09:00+00:00,82.29,82.31,82.24,82.25,700.492
2026-03-08 20:10:00+00:00,82.24,82.26,82.2,82.2,276.896
2026-03-08 20:11:00+00:00,82.19,82.23,82.19,82.23,315.163
2026-03-08 20:12:00+00:00,82.23,82.27,82.23,82.26,103.555
2026-03-08 20:13:00+00:00,82.27,82.27,82.21,82.21,406.473
2026-03-08 20:14:00+00:00,82.2,82.2,82.12,82.13,2659.451
2026-03-08 20:15:00+00:00,82.12,82.18,82.11,82.15,926.644
2026-03-08 20:16:00+00:00,82.16,82.18,82.12,82.15,717.356
2026-03-08 20:17:00+00:00,82.16,82.26,82.15,82.26,944.817
2026-03-08 20:18:00+00:00,82.26,82.39,82.26,82.38,1152.326
2026-03-08 20:19:00+00:00,82.39,82.4,82.33,82.33,216.434
2026-03-08 20:20:00+00:00,82.33,82.33,82.29,82.3,506.347
2026-03-08 20:21:00+00:00,82.3,82.3,82.28,82.29,336.856
2026-03-08 20:22:00+00:00,82.3,82.32,82.29,82.31,100.913
2026-03-08 20:23:00+00:00,82.31,82.31,82.27,82.27,298.838
2026-03-08 20:24:00+00:00,82.26,82.26,82.14,82.19,1715.36
2026-03-08 20:25:00+00:00,82.18,82.19,82.16,82.18,251.698
2026-03-08 20:26:00+00:00,82.17,82.22,82.17,82.22,202.366
2026-03-08 20:27:00+00:00,82.22,82.23,82.21,82.23,132.933
2026-03-08 20:28:00+00:00,82.22,82.27,82.22,82.25,191.425
2026-03-08 20:29:00+00:00,82.25,82.26,82.18,82.19,435.354
2026-03-08 20:30:00+00:00,82.19,82.38,82.18,82.37,4337.504
2026-03-08 20:31:00+00:00,82.37,82.38,82.27,82.38,1379.804
2026-03-08 20:32:00+00:00,82.38,82.48,82.35,82.47,2394.257
2026-03-08 20:33:00+00:00,82.47,82.54,82.45,82.49,1543.025
2026-03-08 20:34:00+00:00,82.48,82.57,82.43,82.56,1696.762
2026-03-08 20:35:00+00:00,82.55,82.59,82.52,82.56,540.509
2026-03-08 20:36:00+00:00,82.56,82.63,82.56,82.62,526.556
2026-03-08 20:37:00+00:00,82.63,82.9,82.63,82.87,3556.229
2026-03-08 20:38:00+00:00,82.86,82.96,82.83,82.83,2248.465
2026-03-08 20:39:00+00:00,82.82,82.82,82.68,82.68,755.389
2026-03-08 20:40:00+00:00,82.67,82.71,82.64,82.7,344.562
2026-03-08 20:41:00+00:00,82.7,82.79,82.7,82.78,3843.804
2026-03-08 20:42:00+00:00,82.78,82.85,82.77,82.8,1220.117
2026-03-08 20:43:00+00:00,82.8,82.81,82.76,82.77,2946.694
2026-03-08 20:44:00+00:00,82.77,82.78,82.66,82.69,1777.4
2026-03-08 20:45:00+00:00,82.68,82.68,82.59,82.63,1076.141
2026-03-08 20:46:00+00:00,82.62,82.64,82.59,82.63,650.773
2026-03-08 20:47:00+00:00,82.64,82.67,82.64,82.65,208.42
2026-03-08 20:48:00+00:00,82.65,82.69,82.64,82.68,681.928
2026-03-08 20:49:00+00:00,82.69,82.7,82.63,82.63,757.227
2026-03-08 20:50:00+00:00,82.62,82.74,82.62,82.67,726.45
2026-03-08 20:51:00+00:00,82.66,82.67,82.5,82.52,2020.657
2026-03-08 20:52:00+00:00,82.51,82.51,82.38,82.42,1451.203
2026-03-08 20:53:00+00:00,82.41,82.45,82.41,82.45,604.886
2026-03-08 20:54:00+00:00,82.45,82.46,82.44,82.45,252.068
2026-03-08 20:55:00+00:00,82.46,82.49,82.46,82.48,379.61
2026-03-08 20:56:00+00:00,82.48,82.48,82.44,82.46,226.181
2026-03-08 20:57:00+00:00,82.46,82.46,82.38,82.41,1642.743
2026-03-08 20:58:00+00:00,82.41,82.41,82.36,82.36,124.092
2026-03-08 20:59:00+00:00,82.37,82.38,82.26,82.33,5465.264
2026-03-08 21:00:00+00:00,82.34,82.42,82.34,82.38,1412.105
2026-03-08 21:01:00+00:00,82.38,82.38,82.35,82.35,333.448
2026-03-08 21:02:00+00:00,82.35,82.37,82.33,82.37,424.215
2026-03-08 21:03:00+00:00,82.36,82.44,82.35,82.36,1061.178
2026-03-08 21:04:00+00:00,82.35,82.36,82.27,82.36,1301.738
2026-03-08 21:05:00+00:00,82.35,82.35,82.17,82.19,1056.346
2026-03-08 21:06:00+00:00,82.19,82.2,82.15,82.17,1067.604
2026-03-08 21:07:00+00:00,82.17,82.21,82.17,82.19,468.711
2026-03-08 21:08:00+00:00,82.2,82.23,82.17,82.17,294.899
2026-03-08 21:09:00+00:00,82.18,82.18,81.91,81.97,10491.436
2026-03-08 21:10:00+00:00,81.97,82.0,81.91,81.95,2225.681
2026-03-08 21:11:00+00:00,81.95,82.0,81.94,81.99,656.211
2026-03-08 21:12:00+00:00,81.98,82.0,81.95,81.95,882.721
2026-03-08 21:13:00+00:00,81.96,81.98,81.71,81.79,4305.433
2026-03-08 21:14:00+00:00,81.8,81.94,81.8,81.83,2054.783
2026-03-08 21:15:00+00:00,81.84,81.91,81.78,81.91,2341.497
2026-03-08 21:16:00+00:00,81.92,81.97,81.9,81.95,1078.882
2026-03-08 21:17:00+00:00,81.96,81.96,81.91,81.91,605.216
2026-03-08 21:18:00+00:00,81.91,81.91,81.86,81.89,492.882
2026-03-08 21:19:00+00:00,81.9,81.91,81.86,81.9,241.515
2026-03-08 21:20:00+00:00,81.9,81.97,81.9,81.96,1423.142
2026-03-08 21:21:00+00:00,81.96,81.97,81.94,81.96,211.306
2026-03-08 21:22:00+00:00,81.95,81.95,81.92,81.95,300.906
2026-03-08 21:23:00+00:00,81.94,81.97,81.92,81.93,380.44
2026-03-08 21:24:00+00:00,81.94,82.11,81.94,82.06,2799.828
2026-03-08 21:25:00+00:00,82.06,82.07,81.99,82.04,561.506
2026-03-08 21:26:00+00:00,82.04,82.05,82.03,82.05,113.084
2026-03-08 21:27:00+00:00,82.04,82.1,82.04,82.06,442.702
2026-03-08 21:28:00+00:00,82.05,82.07,82.04,82.04,368.919
2026-03-08 21:29:00+00:00,82.03,82.03,82.0,82.0,253.191
2026-03-08 21:30:00+00:00,82.0,82.07,82.0,82.0,586.674
2026-03-08 21:31:00+00:00,81.99,82.05,81.98,82.05,259.214
2026-03-08 21:32:00+00:00,82.06,82.09,82.05,82.05,1355.075
2026-03-08 21:33:00+00:00,82.06,82.08,82.05,82.08,184.722
2026-03-08 21:34:00+00:00,82.07,82.07,81.97,81.97,1402.336
2026-03-08 21:35:00+00:00,81.98,82.03,81.98,81.99,286.364
2026-03-08 21:36:00+00:00,81.99,82.03,81.98,82.03,285.752
2026-03-08 21:37:00+00:00,82.03,82.1,82.03,82.09,146.316
2026-03-08 21:38:00+00:00,82.1,82.12,81.99,82.03,1237.914
2026-03-08 21:39:00+00:00,82.02,82.06,82.01,82.02,995.013
2026-03-08 21:40:00+00:00,82.01,82.09,82.0,82.01,1579.39
2026-03-08 21:41:00+00:00,82.0,82.15,82.0,82.14,947.565
2026-03-08 21:42:00+00:00,82.13,82.18,82.06,82.13,465.261
2026-03-08 21:43:00+00:00,82.13,82.28,82.12,82.26,1044.687
2026-03-08 21:44:00+00:00,82.25,82.28,82.16,82.21,1248.601
2026-03-08 21:45:00+00:00,82.21,82.24,82.18,82.22,708.924
2026-03-08 21:46:00+00:00,82.21,82.23,82.14,82.2,281.045
2026-03-08 21:47:00+00:00,82.21,82.22,82.16,82.21,187.773
2026-03-08 21:48:00+00:00,82.22,82.25,82.2,82.2,258.61
2026-03-08 21:49:00+00:00,82.2,82.2,82.14,82.16,327.1
2026-03-08 21:50:00+00:00,82.16,82.17,82.12,82.14,290.036
2026-03-08 21:51:00+00:00,82.15,82.16,82.13,82.13,137.421
2026-03-08 21:52:00+00:00,82.13,82.17,82.09,82.15,152.821
2026-03-08 21:53:00+00:00,82.15,82.15,82.09,82.1,145.429
2026-03-08 21:54:00+00:00,82.11,82.18,82.09,82.18,242.53
2026-03-08 21:55:00+00:00,82.18,82.25,82.18,82.19,87.249
2026-03-08 21:56:00+00:00,82.18,82.23,82.16,82.18,308.682
2026-03-08 21:57:00+00:00,82.19,82.25,82.19,82.25,198.844
2026-03-08 21:58:00+00:00,82.24,82.25,82.19,82.19,82.545
2026-03-08 21:59:00+00:00,82.2,82.26,82.16,82.25,1993.887
2026-03-08 22:00:00+00:00,82.26,82.26,81.8,81.82,3578.711
2026-03-08 22:01:00+00:00,81.83,81.83,81.55,81.76,5331.208
2026-03-08 22:02:00+00:00,81.76,81.76,81.58,81.61,3011.23
2026-03-08 22:03:00+00:00,81.61,81.61,80.82,80.86,37193.198
2026-03-08 22:04:00+00:00,80.86,80.87,80.39,80.49,32164.634
2026-03-08 22:05:00+00:00,80.49,80.7,80.26,80.67,21543.071
2026-03-08 22:06:00+00:00,80.66,81.08,80.63,80.98,10742.485
2026-03-08 22:07:00+00:00,80.97,81.25,80.97,81.15,10216.178
2026-03-08 22:08:00+00:00,81.14,81.25,81.11,81.19,2826.491
2026-03-08 22:09:00+00:00,81.2,81.29,81.08,81.1,7730.667
2026-03-08 22:10:00+00:00,81.09,81.43,81.08,81.26,4791.617
2026-03-08 22:11:00+00:00,81.27,81.34,81.13,81.23,10847.673
2026-03-08 22:12:00+00:00,81.23,81.26,80.9,80.93,7030.21
2026-03-08 22:13:00+00:00,80.93,81.18,80.93,81.09,3098.521
2026-03-08 22:14:00+00:00,81.09,81.3,81.09,81.29,3440.723
2026-03-08 22:15:00+00:00,81.29,81.33,81.12,81.22,1542.678
2026-03-08 22:16:00+00:00,81.22,81.4,81.2,81.37,1872.76
2026-03-08 22:17:00+00:00,81.36,81.38,81.21,81.24,862.053
2026-03-08 22:18:00+00:00,81.24,81.24,80.92,80.92,7414.164
2026-03-08 22:19:00+00:00,80.93,81.07,80.82,80.9,2642.761
2026-03-08 22:20:00+00:00,80.9,80.94,80.78,80.86,4794.531
2026-03-08 22:21:00+00:00,80.86,80.93,80.77,80.85,3324.371
2026-03-08 22:22:00+00:00,80.86,80.93,80.86,80.92,3560.615
2026-03-08 22:23:00+00:00,80.93,80.99,80.81,80.88,2660.794
2026-03-08 22:24:00+00:00,80.88,80.93,80.8,80.9,1456.096
2026-03-08 22:25:00+00:00,80.91,80.96,80.87,80.93,4002.128
2026-03-08 22:26:00+00:00,80.94,81.25,80.94,81.18,2121.854
2026-03-08 22:27:00+00:00,81.17,81.24,81.14,81.15,1932.677
2026-03-08 22:28:00+00:00,81.14,81.49,81.09,81.46,6183.587
2026-03-08 22:29:00+00:00,81.47,81.49,81.29,81.3,2266.18
2026-03-08 22:30:00+00:00,81.31,81.32,81.13,81.15,1360.151
2026-03-08 22:31:00+00:00,81.15,81.23,81.02,81.14,2579.305
2026-03-08 22:32:00+00:00,81.13,81.35,81.1,81.32,2736.359
2026-03-08 22:33:00+00:00,81.32,81.47,81.32,81.42,8466.394
2026-03-08 22:34:00+00:00,81.42,81.59,81.4,81.56,3016.861
2026-03-08 22:35:00+00:00,81.57,81.59,81.5,81.51,1078.717
2026-03-08 22:36:00+00:00,81.51,81.72,81.49,81.71,6790.017
2026-03-08 22:37:00+00:00,81.71,82.03,81.7,81.91,8670.78
2026-03-08 22:38:00+00:00,81.9,81.9,81.6,81.61,4281.934
2026-03-08 22:39:00+00:00,81.62,81.73,81.56,81.66,2356.8
2026-03-08 22:40:00+00:00,81.65,81.77,81.65,81.76,805.384
2026-03-08 22:41:00+00:00,81.76,81.77,81.7,81.74,1402.645
2026-03-08 22:42:00+00:00,81.73,81.83,81.73,81.81,3834.315
2026-03-08 22:43:00+00:00,81.81,81.84,81.74,81.81,1490.691
2026-03-08 22:44:00+00:00,81.81,81.9,81.8,81.83,1740.771
2026-03-08 22:45:00+00:00,81.83,82.1,81.82,81.98,7156.397
2026-03-08 22:46:00+00:00,81.98,82.16,81.97,82.11,3222.818
2026-03-08 22:47:00+00:00,82.11,82.26,82.06,82.26,5785.088
2026-03-08 22:48:00+00:00,82.26,82.51,82.25,82.43,4729.608
2026-03-08 22:49:00+00:00,82.42,82.5,82.25,82.25,5123.607
2026-03-08 22:50:00+00:00,82.25,82.35,82.17,82.25,8582.296
2026-03-08 22:51:00+00:00,82.26,82.35,82.18,82.34,3463.291
2026-03-08 22:52:00+00:00,82.34,82.43,82.09,82.21,10286.485
2026-03-08 22:53:00+00:00,82.22,82.27,82.12,82.12,3816.608
2026-03-08 22:54:00+00:00,82.13,82.14,82.03,82.04,2494.191
2026-03-08 22:55:00+00:00,82.03,82.05,81.88,81.93,4875.755
2026-03-08 22:56:00+00:00,81.94,81.94,81.85,81.87,4002.198
2026-03-08 22:57:00+00:00,81.88,81.9,81.83,81.88,1256.663
2026-03-08 22:58:00+00:00,81.87,81.96,81.87,81.94,708.151
2026-03-08 22:59:00+00:00,81.94,81.99,81.93,81.99,385.166
2026-03-08 23:00:00+00:00,81.99,82.05,81.91,81.93,3426.114
2026-03-08 23:01:00+00:00,81.94,82.24,81.94,82.02,2119.735
2026-03-08 23:02:00+00:00,82.03,82.1,82.01,82.06,1161.388
2026-03-08 23:03:00+00:00,82.06,82.2,81.98,82.2,1478.053
2026-03-08 23:04:00+00:00,82.19,82.37,82.19,82.34,2449.219
2026-03-08 23:05:00+00:00,82.34,82.44,82.32,82.35,2230.168
2026-03-08 23:06:00+00:00,82.35,82.38,82.18,82.28,1597.287
2026-03-08 23:07:00+00:00,82.28,82.28,82.12,82.19,465.973
2026-03-08 23:08:00+00:00,82.19,82.19,82.01,82.1,7499.51
2026-03-08 23:09:00+00:00,82.11,82.13,82.01,82.05,746.183
2026-03-08 23:10:00+00:00,82.06,82.07,81.84,81.86,1712.585
2026-03-08 23:11:00+00:00,81.86,82.04,81.84,82.04,1511.493
2026-03-08 23:12:00+00:00,82.04,82.09,81.99,82.01,392.345
2026-03-08 23:13:00+00:00,82.01,82.14,82.01,82.11,685.69
2026-03-08 23:14:00+00:00,82.11,82.17,82.11,82.17,1172.082
2026-03-08 23:15:00+00:00,82.17,82.22,82.11,82.16,1461.263
2026-03-08 23:16:00+00:00,82.16,82.26,82.12,82.26,1975.506
2026-03-08 23:17:00+00:00,82.26,82.35,82.2,82.22,1314.212
2026-03-08 23:18:00+00:00,82.22,82.22,82.08,82.14,1276.635
2026-03-08 23:19:00+00:00,82.15,82.18,82.06,82.06,2416.809
2026-03-08 23:20:00+00:00,82.06,82.09,81.99,82.05,734.709
2026-03-08 23:21:00+00:00,82.05,82.06,81.99,82.0,406.849
2026-03-08 23:22:00+00:00,82.0,82.1,82.0,82.1,2173.957
2026-03-08 23:23:00+00:00,82.1,82.29,82.1,82.26,2359.841
2026-03-08 23:24:00+00:00,82.25,82.28,82.2,82.22,532.418
2026-03-08 23:25:00+00:00,82.22,82.31,82.22,82.24,2199.233
2026-03-08 23:26:00+00:00,82.24,82.26,82.22,82.24,978.098
2026-03-08 23:27:00+00:00,82.24,82.24,82.15,82.16,1310.55
2026-03-08 23:28:00+00:00,82.16,82.18,82.03,82.08,889.245
2026-03-08 23:29:00+00:00,82.09,82.18,82.08,82.15,649.03
2026-03-08 23:30:00+00:00,82.15,82.22,82.15,82.2,371.303
2026-03-08 23:31:00+00:00,82.21,82.23,82.17,82.2,743.253
2026-03-08 23:32:00+00:00,82.2,82.22,82.07,82.11,517.517
2026-03-08 23:33:00+00:00,82.11,82.13,82.02,82.1,491.169
2026-03-08 23:34:00+00:00,82.1,82.12,82.08,82.1,478.751
2026-03-08 23:35:00+00:00,82.09,82.09,82.01,82.02,1077.97
2026-03-08 23:36:00+00:00,82.02,82.14,82.0,82.14,1207.229
2026-03-08 23:37:00+00:00,82.13,82.13,82.02,82.02,373.273
2026-03-08 23:38:00+00:00,82.03,82.04,81.82,81.82,2159.23
2026-03-08 23:39:00+00:00,81.81,81.86,81.77,81.83,1761.352
2026-03-08 23:40:00+00:00,81.83,81.83,81.72,81.77,783.642
2026-03-08 23:41:00+00:00,81.78,81.85,81.77,81.79,681.772
2026-03-08 23:42:00+00:00,81.8,81.82,81.69,81.73,1330.302
2026-03-08 23:43:00+00:00,81.73,81.78,81.7,81.76,2092.695
2026-03-08 23:44:00+00:00,81.77,81.78,81.7,81.7,497.745
2026-03-08 23:45:00+00:00,81.69,81.69,81.57,81.57,15325.698
2026-03-08 23:46:00+00:00,81.57,81.72,81.5,81.67,7377.836
2026-03-08 23:47:00+00:00,81.66,81.74,81.59,81.61,1567.445
2026-03-08 23:48:00+00:00,81.62,81.62,81.51,81.59,2083.54
2026-03-08 23:49:00+00:00,81.6,81.83,81.6,81.77,893.654
2026-03-08 23:50:00+00:00,81.77,81.9,81.77,81.84,648.591
2026-03-08 23:51:00+00:00,81.83,81.84,81.76,81.76,243.434
2026-03-08 23:52:00+00:00,81.76,81.76,81.64,81.67,1580.324
2026-03-08 23:53:00+00:00,81.67,81.73,81.6,81.61,1836.539
2026-03-08 23:54:00+00:00,81.6,81.7,81.6,81.64,1753.996
2026-03-08 23:55:00+00:00,81.64,81.72,81.59,81.71,3995.45
2026-03-08 23:56:00+00:00,81.71,81.73,81.65,81.66,3338.025
2026-03-08 23:57:00+00:00,81.67,81.67,81.48,81.55,2142.145
2026-03-08 23:58:00+00:00,81.55,81.56,81.48,81.5,828.241
2026-03-08 23:59:00+00:00,81.5,81.62,81.49,81.59,1660.815
2026-03-09 00:00:00+00:00,81.6,81.65,81.54,81.62,1413.239
2026-03-09 00:01:00+00:00,81.62,81.71,81.58,81.66,1568.068
2026-03-09 00:02:00+00:00,81.66,81.72,81.62,81.62,1124.444
2026-03-09 00:03:00+00:00,81.62,81.76,81.56,81.71,1023.95
2026-03-09 00:04:00+00:00,81.71,81.82,81.67,81.79,816.837
2026-03-09 00:05:00+00:00,81.8,82.12,81.8,82.06,1186.357
2026-03-09 00:06:00+00:00,82.07,82.13,82.02,82.02,2066.743
2026-03-09 00:07:00+00:00,82.01,82.15,82.0,82.07,2352.602
2026-03-09 00:08:00+00:00,82.06,82.26,82.03,82.19,2934.809
2026-03-09 00:09:00+00:00,82.19,82.22,82.16,82.2,587.763
2026-03-09 00:10:00+00:00,82.2,82.36,82.19,82.32,3880.166
2026-03-09 00:11:00+00:00,82.31,82.38,82.23,82.23,3966.059
2026-03-09 00:12:00+00:00,82.23,82.3,82.22,82.3,654.815
2026-03-09 00:13:00+00:00,82.29,82.3,82.11,82.16,1019.054
2026-03-09 00:14:00+00:00,82.16,82.21,82.14,82.21,292.585
2026-03-09 00:15:00+00:00,82.21,82.28,82.19,82.2,454.258
2026-03-09 00:16:00+00:00,82.2,82.23,82.07,82.23,2122.199
2026-03-09 00:17:00+00:00,82.24,82.26,82.14,82.2,2384.014
2026-03-09 00:18:00+00:00,82.21,82.44,82.2,82.35,2345.702
2026-03-09 00:19:00+00:00,82.34,82.34,82.25,82.27,2127.078
2026-03-09 00:20:00+00:00,82.26,82.26,82.04,82.17,5417.428
2026-03-09 00:21:00+00:00,82.17,82.34,82.17,82.32,2818.937
2026-03-09 00:22:00+00:00,82.32,82.38,82.23,82.36,3626.973
2026-03-09 00:23:00+00:00,82.36,82.36,82.17,82.17,1646.327
2026-03-09 00:24:00+00:00,82.16,82.16,81.81,81.82,2770.949
2026-03-09 00:25:00+00:00,81.82,81.85,81.63,81.74,1816.35
2026-03-09 00:26:00+00:00,81.75,82.01,81.75,81.94,2990.28
2026-03-09 00:27:00+00:00,81.94,82.07,81.94,82.06,1490.276
2026-03-09 00:28:00+00:00,82.06,82.1,81.98,82.02,471.169
2026-03-09 00:29:00+00:00,82.03,82.2,82.01,82.2,1313.094
2026-03-09 00:30:00+00:00,82.19,82.48,82.18,82.28,2405.614
2026-03-09 00:31:00+00:00,82.28,82.3,82.2,82.22,2949.854
2026-03-09 00:32:00+00:00,82.22,82.48,82.21,82.43,3465.304
2026-03-09 00:33:00+00:00,82.43,82.75,82.4,82.68,5324.877
2026-03-09 00:34:00+00:00,82.67,82.78,82.61,82.74,5431.368
2026-03-09 00:35:00+00:00,82.74,82.95,82.74,82.94,4554.43
2026-03-09 00:36:00+00:00,82.94,83.29,82.86,83.23,13290.62
2026-03-09 00:37:00+00:00,83.22,83.22,82.92,82.97,5019.001
2026-03-09 00:38:00+00:00,82.97,83.05,82.81,82.82,3985.232
2026-03-09 00:39:00+00:00,82.82,82.9,82.78,82.79,1424.504
2026-03-09 00:40:00+00:00,82.79,82.81,82.64,82.66,1753.694
2026-03-09 00:41:00+00:00,82.65,82.68,82.62,82.63,557.621
2026-03-09 00:42:00+00:00,82.63,82.65,82.6,82.63,896.774
2026-03-09 00:43:00+00:00,82.63,82.67,82.54,82.57,1046.222
2026-03-09 00:44:00+00:00,82.57,82.65,82.53,82.63,733.922
2026-03-09 00:45:00+00:00,82.62,82.68,82.54,82.68,2828.292
2026-03-09 00:46:00+00:00,82.67,82.75,82.52,82.57,2026.463
2026-03-09 00:47:00+00:00,82.56,82.57,82.48,82.5,1256.518
2026-03-09 00:48:00+00:00,82.51,82.62,82.49,82.56,842.582
2026-03-09 00:49:00+00:00,82.56,82.59,82.5,82.52,1558.016
2026-03-09 00:50:00+00:00,82.52,82.62,82.52,82.57,688.538
2026-03-09 00:51:00+00:00,82.56,82.59,82.51,82.58,513.334
2026-03-09 00:52:00+00:00,82.58,82.66,82.53,82.6,898.864
2026-03-09 00:53:00+00:00,82.61,82.64,82.45,82.46,1188.039
2026-03-09 00:54:00+00:00,82.47,82.47,82.26,82.32,1943.518
2026-03-09 00:55:00+00:00,82.32,82.32,82.24,82.25,885.861
2026-03-09 00:56:00+00:00,82.26,82.36,82.26,82.34,1540.418
2026-03-09 00:57:00+00:00,82.34,82.39,82.32,82.34,1179.497
2026-03-09 00:58:00+00:00,82.34,82.41,82.33,82.41,355.215
2026-03-09 00:59:00+00:00,82.4,82.4,82.35,82.35,267.272
2026-03-09 01:00:00+00:00,82.35,82.39,82.3,82.31,1655.53
2026-03-09 01:01:00+00:00,82.3,82.4,82.28,82.34,1644.044
2026-03-09 01:02:00+00:00,82.33,82.35,82.28,82.32,600.002
2026-03-09 01:03:00+00:00,82.32,82.34,82.22,82.22,423.974
2026-03-09 01:04:00+00:00,82.22,82.23,82.03,82.09,2846.24
2026-03-09 01:05:00+00:00,82.09,82.17,81.86,82.13,2792.4
2026-03-09 01:06:00+00:00,82.13,82.18,82.1,82.12,1922.978
2026-03-09 01:07:00+00:00,82.12,82.18,82.06,82.07,1173.229
2026-03-09 01:08:00+00:00,82.06,82.06,81.98,82.0,2340.632
2026-03-09 01:09:00+00:00,82.01,82.12,82.01,82.12,583.239
2026-03-09 01:10:00+00:00,82.11,82.23,82.06,82.09,1126.926
2026-03-09 01:11:00+00:00,82.09,82.28,82.08,82.26,1010.949
2026-03-09 01:12:00+00:00,82.27,82.37,82.24,82.3,1178.097
2026-03-09 01:13:00+00:00,82.3,82.3,82.06,82.08,1012.444
2026-03-09 01:14:00+00:00,82.08,82.28,82.07,82.24,1162.911
2026-03-09 01:15:00+00:00,82.25,82.26,82.19,82.23,1049.077
2026-03-09 01:16:00+00:00,82.22,82.36,82.2,82.29,419.328
2026-03-09 01:17:00+00:00,82.29,82.54,82.26,82.46,6990.896
2026-03-09 01:18:00+00:00,82.46,82.8,82.44,82.65,6101.897
2026-03-09 01:19:00+00:00,82.65,82.73,82.58,82.59,10882.626
2026-03-09 01:20:00+00:00,82.58,82.66,82.5,82.61,5669.573
2026-03-09 01:21:00+00:00,82.6,82.65,82.41,82.57,2929.626
2026-03-09 01:22:00+00:00,82.57,82.65,82.54,82.59,864.441
2026-03-09 01:23:00+00:00,82.59,82.72,82.57,82.57,2758.974
2026-03-09 01:24:00+00:00,82.57,82.8,82.54,82.75,2893.215
2026-03-09 01:25:00+00:00,82.75,82.88,82.75,82.79,2927.235
2026-03-09 01:26:00+00:00,82.79,82.9,82.7,82.85,1615.072
2026-03-09 01:27:00+00:00,82.85,82.85,82.61,82.67,3325.075
2026-03-09 01:28:00+00:00,82.67,82.71,82.59,82.6,1547.605
2026-03-09 01:29:00+00:00,82.6,82.6,82.53,82.54,1152.512
2026-03-09 01:30:00+00:00,82.54,82.55,82.42,82.46,2720.726
2026-03-09 01:31:00+00:00,82.45,82.56,82.22,82.24,2561.253
2026-03-09 01:32:00+00:00,82.25,82.51,82.22,82.51,2169.03
2026-03-09 01:33:00+00:00,82.5,82.76,82.5,82.76,6066.521
2026-03-09 01:34:00+00:00,82.76,82.85,82.67,82.72,4891.883
2026-03-09 01:35:00+00:00,82.72,82.79,82.64,82.79,4320.831
2026-03-09 01:36:00+00:00,82.8,82.82,82.67,82.72,6487.592
2026-03-09 01:37:00+00:00,82.71,82.79,82.65,82.68,625.203
2026-03-09 01:38:00+00:00,82.67,82.68,82.56,82.57,724.644
2026-03-09 01:39:00+00:00,82.57,82.62,82.57,82.58,429.093
2026-03-09 01:40:00+00:00,82.59,82.64,82.51,82.57,1418.704
2026-03-09 01:41:00+00:00,82.56,82.6,82.54,82.58,1825.713
2026-03-09 01:42:00+00:00,82.58,82.59,82.48,82.59,262.753
2026-03-09 01:43:00+00:00,82.6,82.6,82.56,82.59,248.466
2026-03-09 01:44:00+00:00,82.59,82.72,82.58,82.7,2072.347
2026-03-09 01:45:00+00:00,82.69,82.76,82.64,82.71,615.935
2026-03-09 01:46:00+00:00,82.7,82.75,82.62,82.64,1255.199
2026-03-09 01:47:00+00:00,82.65,82.66,82.53,82.58,733.409
2026-03-09 01:48:00+00:00,82.57,82.57,82.51,82.52,944.534
2026-03-09 01:49:00+00:00,82.53,82.54,82.47,82.51,2697.664
2026-03-09 01:50:00+00:00,82.51,82.54,82.41,82.46,724.919
2026-03-09 01:51:00+00:00,82.45,82.49,82.37,82.41,810.256
2026-03-09 01:52:00+00:00,82.41,82.43,82.35,82.42,982.121
2026-03-09 01:53:00+00:00,82.41,82.46,82.37,82.44,809.178
2026-03-09 01:54:00+00:00,82.43,82.55,82.41,82.41,1816.002
2026-03-09 01:55:00+00:00,82.4,82.51,82.34,82.38,2490.35
2026-03-09 01:56:00+00:00,82.39,82.48,82.22,82.27,2756.986
2026-03-09 01:57:00+00:00,82.27,82.27,82.12,82.2,2019.502
2026-03-09 01:58:00+00:00,82.19,82.2,82.14,82.19,797.948
2026-03-09 01:59:00+00:00,82.19,82.19,82.09,82.1,480.415
2026-03-09 02:00:00+00:00,82.11,82.11,82.01,82.04,3728.965
2026-03-09 02:01:00+00:00,82.04,82.19,82.01,82.15,1803.323
2026-03-09 02:02:00+00:00,82.15,82.27,82.15,82.15,1853.442
2026-03-09 02:03:00+00:00,82.15,82.19,82.09,82.11,2474.244
2026-03-09 02:04:00+00:00,82.11,82.14,82.03,82.04,866.313
2026-03-09 02:05:00+00:00,82.03,82.03,81.85,82.03,2457.149
2026-03-09 02:06:00+00:00,82.02,82.19,81.98,82.03,1303.048
2026-03-09 02:07:00+00:00,82.03,82.11,81.9,82.1,1858.451
2026-03-09 02:08:00+00:00,82.09,82.27,82.09,82.23,1561.253
2026-03-09 02:09:00+00:00,82.23,82.31,82.15,82.16,812.202
2026-03-09 02:10:00+00:00,82.16,82.25,82.11,82.2,1225.166
2026-03-09 02:11:00+00:00,82.21,82.35,82.15,82.15,1829.4
2026-03-09 02:12:00+00:00,82.15,82.17,82.03,82.06,1486.589
2026-03-09 02:13:00+00:00,82.05,82.05,81.93,81.94,2325.679
2026-03-09 02:14:00+00:00,81.93,82.03,81.92,82.03,871.971
2026-03-09 02:15:00+00:00,82.02,82.02,81.82,81.87,1886.398
2026-03-09 02:16:00+00:00,81.86,81.9,81.81,81.81,1157.534
2026-03-09 02:17:00+00:00,81.81,81.85,81.71,81.78,2959.122
2026-03-09 02:18:00+00:00,81.77,81.82,81.71,81.82,1086.437
2026-03-09 02:19:00+00:00,81.81,81.84,81.74,81.81,1270.033
2026-03-09 02:20:00+00:00,81.82,81.87,81.72,81.76,8573.046
2026-03-09 02:21:00+00:00,81.77,81.83,81.65,81.76,2588.327
2026-03-09 02:22:00+00:00,81.76,81.91,81.76,81.82,1047.2
2026-03-09 02:23:00+00:00,81.83,81.95,81.82,81.92,931.512
2026-03-09 02:24:00+00:00,81.92,81.97,81.9,81.94,295.781
2026-03-09 02:25:00+00:00,81.94,81.97,81.82,81.89,1478.129
2026-03-09 02:26:00+00:00,81.88,81.93,81.86,81.91,387.12
2026-03-09 02:27:00+00:00,81.91,81.92,81.82,81.9,468.256
2026-03-09 02:28:00+00:00,81.9,81.91,81.86,81.91,576.84
2026-03-09 02:29:00+00:00,81.91,82.0,81.89,81.93,748.423
2026-03-09 02:30:00+00:00,81.92,82.02,81.89,81.94,1716.414
2026-03-09 02:31:00+00:00,81.94,81.98,81.89,81.95,1439.924
2026-03-09 02:32:00+00:00,81.96,82.1,81.95,82.05,1488.734
2026-03-09 02:33:00+00:00,82.04,82.08,81.98,82.08,1068.153
2026-03-09 02:34:00+00:00,82.07,82.24,82.06,82.18,6411.353
2026-03-09 02:35:00+00:00,82.19,82.29,82.14,82.22,3178.358
2026-03-09 02:36:00+00:00,82.22,82.66,82.22,82.62,9028.969
2026-03-09 02:37:00+00:00,82.61,82.8,82.58,82.68,4531.05
2026-03-09 02:38:00+00:00,82.67,82.7,82.59,82.64,2358.689
2026-03-09 02:39:00+00:00,82.63,82.66,82.56,82.56,918.421
2026-03-09 02:40:00+00:00,82.56,82.7,82.53,82.69,2533.268
2026-03-09 02:41:00+00:00,82.69,82.73,82.63,82.69,1998.165
2026-03-09 02:42:00+00:00,82.7,82.82,82.68,82.8,4460.001
2026-03-09 02:43:00+00:00,82.81,82.85,82.74,82.77,1726.834
2026-03-09 02:44:00+00:00,82.77,82.85,82.76,82.84,1186.157
2026-03-09 02:45:00+00:00,82.83,82.86,82.77,82.77,1149.093
2026-03-09 02:46:00+00:00,82.77,82.79,82.68,82.71,1134.398
2026-03-09 02:47:00+00:00,82.72,82.76,82.7,82.72,683.026
2026-03-09 02:48:00+00:00,82.72,82.78,82.7,82.77,657.387
2026-03-09 02:49:00+00:00,82.77,82.85,82.75,82.8,885.875
2026-03-09 02:50:00+00:00,82.81,82.92,82.8,82.83,1859.945
2026-03-09 02:51:00+00:00,82.82,82.83,82.74,82.78,878.372
2026-03-09 02:52:00+00:00,82.79,82.8,82.7,82.71,833.02
2026-03-09 02:53:00+00:00,82.71,82.8,82.7,82.77,2219.955
2026-03-09 02:54:00+00:00,82.76,82.84,82.75,82.77,1080.175
2026-03-09 02:55:00+00:00,82.77,82.93,82.77,82.85,1180.771
2026-03-09 02:56:00+00:00,82.85,82.85,82.8,82.81,218.207
2026-03-09 02:57:00+00:00,82.82,82.82,82.68,82.7,908.536
2026-03-09 02:58:00+00:00,82.69,82.74,82.68,82.74,651.819
2026-03-09 02:59:00+00:00,82.73,82.75,82.67,82.67,1847.967
2026-03-09 03:00:00+00:00,82.67,82.8,82.62,82.78,1293.194
2026-03-09 03:01:00+00:00,82.78,83.01,82.74,83.01,1876.969
2026-03-09 03:02:00+00:00,83.01,83.23,83.01,83.04,6580.949
2026-03-09 03:03:00+00:00,83.05,83.23,83.01,83.17,8552.803
2026-03-09 03:04:00+00:00,83.16,83.3,83.13,83.21,5212.838
2026-03-09 03:05:00+00:00,83.2,83.26,83.04,83.24,3164.151
2026-03-09 03:06:00+00:00,83.24,83.26,83.13,83.16,872.981
2026-03-09 03:07:00+00:00,83.15,83.19,83.11,83.17,922.212
2026-03-09 03:08:00+00:00,83.17,83.61,83.17,83.49,7943.135
2026-03-09 03:09:00+00:00,83.49,83.68,83.49,83.63,7973.09
2026-03-09 03:10:00+00:00,83.63,84.01,83.62,83.86,15514.778
2026-03-09 03:11:00+00:00,83.86,84.3,83.86,84.17,15522.8
2026-03-09 03:12:00+00:00,84.17,84.35,84.05,84.27,5177.087
2026-03-09 03:13:00+00:00,84.27,84.33,84.12,84.17,8001.917
2026-03-09 03:14:00+00:00,84.17,84.25,84.04,84.25,5947.014
2026-03-09 03:15:00+00:00,84.25,84.37,84.04,84.12,9215.81
2026-03-09 03:16:00+00:00,84.13,84.25,84.1,84.18,4871.416
2026-03-09 03:17:00+00:00,84.18,84.27,84.06,84.08,4898.923
2026-03-09 03:18:00+00:00,84.07,84.17,84.05,84.11,5763.857
2026-03-09 03:19:00+00:00,84.1,84.5,84.1,84.38,9404.476
2026-03-09 03:20:00+00:00,84.37,84.46,83.72,83.75,14976.099
2026-03-09 03:21:00+00:00,83.75,83.78,83.67,83.68,5459.449
2026-03-09 03:22:00+00:00,83.69,83.72,83.59,83.65,2632.01
2026-03-09 03:23:00+00:00,83.65,83.69,83.4,83.52,4889.607
2026-03-09 03:24:00+00:00,83.53,83.55,83.43,83.49,10661.525
2026-03-09 03:25:00+00:00,83.49,83.52,83.4,83.49,1462.923
2026-03-09 03:26:00+00:00,83.49,83.56,83.34,83.41,1921.708
2026-03-09 03:27:00+00:00,83.4,83.46,83.39,83.43,426.193
2026-03-09 03:28:00+00:00,83.43,83.55,83.43,83.55,2150.089
2026-03-09 03:29:00+00:00,83.55,83.59,83.51,83.58,2004.127
2026-03-09 03:30:00+00:00,83.58,83.68,83.55,83.61,786.548
2026-03-09 03:31:00+00:00,83.61,83.7,83.51,83.68,1628.119
2026-03-09 03:32:00+00:00,83.68,83.7,83.53,83.63,824.805
2026-03-09 03:33:00+00:00,83.64,83.72,83.6,83.7,812.69
2026-03-09 03:34:00+00:00,83.71,83.73,83.59,83.6,1107.34
2026-03-09 03:35:00+00:00,83.6,83.64,83.5,83.54,981.204
2026-03-09 03:36:00+00:00,83.54,83.57,83.44,83.48,1608.65
2026-03-09 03:37:00+00:00,83.47,83.47,83.41,83.47,2236.449
2026-03-09 03:38:00+00:00,83.47,83.51,83.3,83.3,1947.643
2026-03-09 03:39:00+00:00,83.3,83.31,83.15,83.19,1750.356
2026-03-09 03:40:00+00:00,83.19,83.19,83.1,83.15,2473.672
2026-03-09 03:41:00+00:00,83.15,83.19,83.13,83.13,970.728
2026-03-09 03:42:00+00:00,83.14,83.17,83.1,83.13,1271.286
2026-03-09 03:43:00+00:00,83.13,83.18,83.1,83.13,1441.35
2026-03-09 03:44:00+00:00,83.14,83.16,83.12,83.14,293.327
2026-03-09 03:45:00+00:00,83.14,83.14,83.09,83.11,293.633
2026-03-09 03:46:00+00:00,83.11,83.18,82.97,83.02,2294.639
2026-03-09 03:47:00+00:00,83.01,83.17,83.0,83.17,4552.349
2026-03-09 03:48:00+00:00,83.16,83.18,83.12,83.13,224.135
2026-03-09 03:49:00+00:00,83.13,83.17,83.09,83.11,1721.611
2026-03-09 03:50:00+00:00,83.1,83.13,83.06,83.06,843.078
2026-03-09 03:51:00+00:00,83.07,83.27,83.07,83.21,1746.409
2026-03-09 03:52:00+00:00,83.2,83.28,83.16,83.21,815.739
2026-03-09 03:53:00+00:00,83.22,83.22,82.98,82.98,1992.863
2026-03-09 03:54:00+00:00,82.97,83.06,82.92,82.99,2415.905
2026-03-09 03:55:00+00:00,83.0,83.14,82.97,83.12,1145.258
2026-03-09 03:56:00+00:00,83.11,83.12,83.06,83.08,582.983
2026-03-09 03:57:00+00:00,83.09,83.14,83.08,83.14,2486.618
2026-03-09 03:58:00+00:00,83.15,83.16,83.13,83.15,308.089
2026-03-09 03:59:00+00:00,83.16,83.2,83.15,83.16,475.436
2026-03-09 04:00:00+00:00,83.16,83.27,83.16,83.19,1868.096
2026-03-09 04:01:00+00:00,83.18,83.24,83.15,83.24,1697.929
2026-03-09 04:02:00+00:00,83.24,83.36,83.23,83.36,9996.948
2026-03-09 04:03:00+00:00,83.35,83.42,83.25,83.29,4025.076
2026-03-09 04:04:00+00:00,83.3,83.33,83.25,83.26,4618.352
2026-03-09 04:05:00+00:00,83.26,83.3,83.23,83.29,340.468
2026-03-09 04:06:00+00:00,83.3,83.36,83.28,83.33,841.792
2026-03-09 04:07:00+00:00,83.33,83.34,83.23,83.25,779.424
2026-03-09 04:08:00+00:00,83.26,83.26,83.17,83.18,596.131
2026-03-09 04:09:00+00:00,83.18,83.2,83.16,83.17,537.701
2026-03-09 04:10:00+00:00,83.17,83.22,83.15,83.22,889.631
2026-03-09 04:11:00+00:00,83.23,83.34,83.22,83.23,794.452
2026-03-09 04:12:00+00:00,83.22,83.22,83.1,83.18,1539.378
2026-03-09 04:13:00+00:00,83.18,83.18,83.16,83.17,486.469
2026-03-09 04:14:00+00:00,83.17,83.2,83.15,83.16,531.975
2026-03-09 04:15:00+00:00,83.16,83.25,83.13,83.13,822.56
2026-03-09 04:16:00+00:00,83.13,83.16,83.11,83.15,653.457
2026-03-09 04:17:00+00:00,83.16,83.16,83.09,83.15,554.713
2026-03-09 04:18:00+00:00,83.15,83.16,83.14,83.16,511.817
2026-03-09 04:19:00+00:00,83.15,83.25,83.15,83.24,1322.194
2026-03-09 04:20:00+00:00,83.24,83.36,83.22,83.36,1090.954
2026-03-09 04:21:00+00:00,83.37,83.45,83.34,83.41,2158.452
2026-03-09 04:22:00+00:00,83.41,83.42,83.35,83.38,1959.879
2026-03-09 04:23:00+00:00,83.38,83.46,83.38,83.44,1548.382
2026-03-09 04:24:00+00:00,83.44,83.44,83.39,83.43,637.158
2026-03-09 04:25:00+00:00,83.43,83.54,83.41,83.53,714.35
2026-03-09 04:26:00+00:00,83.53,83.69,83.53,83.67,3289.274
2026-03-09 04:27:00+00:00,83.67,83.75,83.64,83.74,2341.032
2026-03-09 04:28:00+00:00,83.74,83.74,83.65,83.7,1117.225
2026-03-09 04:29:00+00:00,83.7,83.75,83.7,83.72,399.175
2026-03-09 04:30:00+00:00,83.72,83.72,83.56,83.6,1472.029
2026-03-09 04:31:00+00:00,83.61,83.65,83.55,83.57,1545.15
2026-03-09 04:32:00+00:00,83.57,83.64,83.55,83.58,1182.377
2026-03-09 04:33:00+00:00,83.57,83.57,83.53,83.56,865.093
2026-03-09 04:34:00+00:00,83.56,83.64,83.56,83.61,306.148
2026-03-09 04:35:00+00:00,83.6,83.62,83.55,83.6,677.519
2026-03-09 04:36:00+00:00,83.6,83.65,83.58,83.59,704.79
2026-03-09 04:37:00+00:00,83.59,83.68,83.59,83.65,2241.45
2026-03-09 04:38:00+00:00,83.66,83.67,83.63,83.63,609.546
2026-03-09 04:39:00+00:00,83.64,83.64,83.58,83.63,1662.033
2026-03-09 04:40:00+00:00,83.64,83.67,83.5,83.54,780.001
2026-03-09 04:41:00+00:00,83.54,83.56,83.48,83.51,1249.198
2026-03-09 04:42:00+00:00,83.5,83.65,83.5,83.61,4102.439
2026-03-09 04:43:00+00:00,83.61,83.7,83.59,83.68,3478.607
2026-03-09 04:44:00+00:00,83.68,83.8,83.68,83.73,1569.67
2026-03-09 04:45:00+00:00,83.72,83.89,83.7,83.89,4692.274
2026-03-09 04:46:00+00:00,83.88,83.88,83.73,83.79,3127.385
2026-03-09 04:47:00+00:00,83.79,83.82,83.73,83.78,791.214
2026-03-09 04:48:00+00:00,83.79,83.8,83.71,83.72,911.215
2026-03-09 04:49:00+00:00,83.73,83.75,83.72,83.74,586.652
2026-03-09 04:50:00+00:00,83.75,83.79,83.75,83.77,1123.522
2026-03-09 04:51:00+00:00,83.76,83.76,83.65,83.66,886.641
2026-03-09 04:52:00+00:00,83.66,83.68,83.56,83.59,1171.518
2026-03-09 04:53:00+00:00,83.58,83.59,83.48,83.52,3232.749
2026-03-09 04:54:00+00:00,83.52,83.55,83.49,83.53,521.129
2026-03-09 04:55:00+00:00,83.53,83.53,83.28,83.28,2443.85
2026-03-09 04:56:00+00:00,83.28,83.31,83.22,83.27,2534.259
2026-03-09 04:57:00+00:00,83.27,83.29,83.23,83.28,1789.983
2026-03-09 04:58:00+00:00,83.27,83.29,83.22,83.22,831.085
2026-03-09 04:59:00+00:00,83.23,83.24,83.16,83.19,1315.23
2026-03-09 05:00:00+00:00,83.2,83.24,83.13,83.17,536.599
2026-03-09 05:01:00+00:00,83.18,83.21,83.16,83.2,643.331
2026-03-09 05:02:00+00:00,83.2,83.2,83.16,83.19,542.451
2026-03-09 05:03:00+00:00,83.19,83.32,83.19,83.26,1745.388
2026-03-09 05:04:00+00:00,83.26,83.38,83.26,83.33,3126.432
2026-03-09 05:05:00+00:00,83.34,83.42,83.34,83.38,1683.67
2026-03-09 05:06:00+00:00,83.39,83.4,83.33,83.37,890.312
2026-03-09 05:07:00+00:00,83.36,83.38,83.34,83.35,504.803
2026-03-09 05:08:00+00:00,83.34,83.38,83.32,83.38,292.948
2026-03-09 05:09:00+00:00,83.38,83.42,83.38,83.42,1533.835
2026-03-09 05:10:00+00:00,83.42,83.43,83.29,83.29,721.013
2026-03-09 05:11:00+00:00,83.3,83.35,83.27,83.29,1395.355
2026-03-09 05:12:00+00:00,83.29,83.29,83.21,83.26,396.965
2026-03-09 05:13:00+00:00,83.26,83.34,83.26,83.32,405.346
2026-03-09 05:14:00+00:00,83.31,83.34,83.31,83.31,338.229
2026-03-09 05:15:00+00:00,83.31,83.35,83.22,83.28,1189.973
2026-03-09 05:16:00+00:00,83.27,83.38,83.27,83.31,739.513
2026-03-09 05:17:00+00:00,83.31,83.32,83.25,83.31,727.87
2026-03-09 05:18:00+00:00,83.32,83.38,83.31,83.38,650.6
2026-03-09 05:19:00+00:00,83.38,83.4,83.35,83.35,212.66
2026-03-09 05:20:00+00:00,83.35,83.35,83.27,83.32,3612.935
2026-03-09 05:21:00+00:00,83.32,83.6,83.31,83.56,2199.43
2026-03-09 05:22:00+00:00,83.57,83.67,83.47,83.66,1392.194
2026-03-09 05:23:00+00:00,83.66,83.68,83.52,83.52,2102.074
2026-03-09 05:24:00+00:00,83.52,83.61,83.45,83.47,2902.057
2026-03-09 05:25:00+00:00,83.47,83.51,83.45,83.48,957.8
2026-03-09 05:26:00+00:00,83.48,83.48,83.41,83.46,1601.02
2026-03-09 05:27:00+00:00,83.46,83.49,83.43,83.45,727.984
2026-03-09 05:28:00+00:00,83.45,83.6,83.45,83.55,1571.465
2026-03-09 05:29:00+00:00,83.55,83.56,83.47,83.52,492.718
2026-03-09 05:30:00+00:00,83.52,83.59,83.46,83.56,4875.632
2026-03-09 05:31:00+00:00,83.57,83.8,83.57,83.78,1110.505
2026-03-09 05:32:00+00:00,83.78,83.84,83.73,83.78,3983.353
2026-03-09 05:33:00+00:00,83.79,83.85,83.7,83.81,2890.886
2026-03-09 05:34:00+00:00,83.82,84.11,83.77,83.97,15309.642
2026-03-09 05:35:00+00:00,83.96,83.96,83.77,83.78,3089.533
2026-03-09 05:36:00+00:00,83.77,83.82,83.74,83.76,2041.395
2026-03-09 05:37:00+00:00,83.75,83.76,83.62,83.76,2496.987
2026-03-09 05:38:00+00:00,83.77,83.77,83.65,83.66,3833.265
2026-03-09 05:39:00+00:00,83.67,83.78,83.67,83.77,3909.569
2026-03-09 05:40:00+00:00,83.76,83.84,83.73,83.83,8309.394
2026-03-09 05:41:00+00:00,83.83,83.96,83.82,83.95,2854.613
2026-03-09 05:42:00+00:00,83.95,84.25,83.92,84.22,4719.165
2026-03-09 05:43:00+00:00,84.21,84.47,84.21,84.26,8878.808
2026-03-09 05:44:00+00:00,84.27,84.4,84.18,84.29,11406.037
2026-03-09 05:45:00+00:00,84.3,84.35,84.16,84.24,8087.982
2026-03-09 05:46:00+00:00,84.23,84.3,84.18,84.29,2379.911
2026-03-09 05:47:00+00:00,84.29,84.33,84.04,84.07,6930.418
2026-03-09 05:48:00+00:00,84.07,84.18,84.06,84.17,766.008
2026-03-09 05:49:00+00:00,84.18,84.58,84.18,84.57,8122.545
2026-03-09 05:50:00+00:00,84.58,84.6,84.51,84.56,4598.536
2026-03-09 05:51:00+00:00,84.56,84.61,84.41,84.49,5557.38
2026-03-09 05:52:00+00:00,84.49,84.49,84.21,84.29,9479.467
2026-03-09 05:53:00+00:00,84.3,84.3,84.2,84.22,3519.995
2026-03-09 05:54:00+00:00,84.23,84.31,84.21,84.22,2438.326
2026-03-09 05:55:00+00:00,84.22,84.23,84.17,84.17,3919.853
2026-03-09 05:56:00+00:00,84.18,84.2,84.12,84.18,2184.491
2026-03-09 05:57:00+00:00,84.18,84.25,84.15,84.15,1675.171
2026-03-09 05:58:00+00:00,84.15,84.25,84.1,84.24,595.518
2026-03-09 05:59:00+00:00,84.23,84.27,84.19,84.27,550.632
2026-03-09 06:00:00+00:00,84.28,84.31,84.16,84.17,2726.909
2026-03-09 06:01:00+00:00,84.17,84.29,84.17,84.28,1088.104
2026-03-09 06:02:00+00:00,84.29,84.29,84.18,84.21,923.409
2026-03-09 06:03:00+00:00,84.21,84.26,84.18,84.25,808.665
2026-03-09 06:04:00+00:00,84.25,84.29,84.15,84.17,3160.06
2026-03-09 06:05:00+00:00,84.17,84.17,84.03,84.04,1646.823
2026-03-09 06:06:00+00:00,84.03,84.11,84.01,84.06,1984.653
2026-03-09 06:07:00+00:00,84.05,84.06,83.98,84.03,1212.026
2026-03-09 06:08:00+00:00,84.03,84.06,83.99,84.02,929.849
2026-03-09 06:09:00+00:00,84.03,84.03,83.98,84.01,2065.627
2026-03-09 06:10:00+00:00,84.02,84.17,83.98,84.15,1478.054
2026-03-09 06:11:00+00:00,84.14,84.14,84.0,84.0,2474.349
2026-03-09 06:12:00+00:00,84.01,84.04,83.96,84.04,1077.637
2026-03-09 06:13:00+00:00,84.04,84.08,84.01,84.06,1885.918
2026-03-09 06:14:00+00:00,84.05,84.05,83.99,84.0,707.648
2026-03-09 06:15:00+00:00,84.01,84.04,83.92,83.96,1503.098
2026-03-09 06:16:00+00:00,83.95,84.13,83.95,84.1,915.72
2026-03-09 06:17:00+00:00,84.09,84.22,84.06,84.22,657.686
2026-03-09 06:18:00+00:00,84.22,84.27,84.13,84.14,689.11
2026-03-09 06:19:00+00:00,84.14,84.14,83.96,83.97,1182.438
2026-03-09 06:20:00+00:00,83.97,83.98,83.81,83.85,1955.571
2026-03-09 06:21:00+00:00,83.84,83.93,83.84,83.93,1018.53
2026-03-09 06:22:00+00:00,83.93,83.99,83.92,83.93,573.703
2026-03-09 06:23:00+00:00,83.93,83.94,83.89,83.94,240.115
2026-03-09 06:24:00+00:00,83.94,83.96,83.9,83.96,777.802
2026-03-09 06:25:00+00:00,83.95,84.01,83.95,84.01,760.774
2026-03-09 06:26:00+00:00,84.01,84.03,83.92,83.92,1098.076
2026-03-09 06:27:00+00:00,83.93,83.96,83.92,83.92,762.8
2026-03-09 06:28:00+00:00,83.93,83.93,83.73,83.74,2170.585
2026-03-09 06:29:00+00:00,83.73,83.77,83.71,83.77,3265.167
2026-03-09 06:30:00+00:00,83.77,83.79,83.7,83.7,1096.186
2026-03-09 06:31:00+00:00,83.71,83.83,83.71,83.83,2059.173
2026-03-09 06:32:00+00:00,83.83,83.83,83.75,83.76,1580.84
2026-03-09 06:33:00+00:00,83.77,83.78,83.63,83.63,1793.828
2026-03-09 06:34:00+00:00,83.64,83.69,83.64,83.65,595.775
2026-03-09 06:35:00+00:00,83.66,83.68,83.6,83.61,856.995
2026-03-09 06:36:00+00:00,83.62,83.64,83.53,83.63,3294.293
2026-03-09 06:37:00+00:00,83.63,83.63,83.5,83.52,968.76
2026-03-09 06:38:00+00:00,83.52,83.53,83.5,83.52,573.728
2026-03-09 06:39:00+00:00,83.52,83.58,83.51,83.52,4586.62
2026-03-09 06:40:00+00:00,83.51,83.51,83.4,83.41,4458.958
2026-03-09 06:41:00+00:00,83.42,83.42,83.21,83.28,1930.67
2026-03-09 06:42:00+00:00,83.27,83.32,83.22,83.32,848.67
2026-03-09 06:43:00+00:00,83.32,83.4,83.32,83.39,303.2
2026-03-09 06:44:00+00:00,83.39,83.39,83.33,83.34,572.125
2026-03-09 06:45:00+00:00,83.33,83.35,83.27,83.33,946.567
2026-03-09 06:46:00+00:00,83.32,83.33,83.25,83.25,1134.83
2026-03-09 06:47:00+00:00,83.25,83.3,83.24,83.24,1712.363
2026-03-09 06:48:00+00:00,83.25,83.29,83.21,83.29,1296.858
2026-03-09 06:49:00+00:00,83.29,83.35,83.28,83.29,1315.407
2026-03-09 06:50:00+00:00,83.29,83.31,83.25,83.31,1313.692
2026-03-09 06:51:00+00:00,83.32,83.37,83.28,83.36,777.928
2026-03-09 06:52:00+00:00,83.37,83.39,83.21,83.22,2488.654
2026-03-09 06:53:00+00:00,83.21,83.25,83.11,83.24,2243.49
2026-03-09 06:54:00+00:00,83.23,83.24,83.17,83.2,678.718
2026-03-09 06:55:00+00:00,83.2,83.23,83.16,83.18,1318.208
2026-03-09 06:56:00+00:00,83.17,83.2,83.17,83.18,671.356
2026-03-09 06:57:00+00:00,83.19,83.19,83.13,83.13,565.361
2026-03-09 06:58:00+00:00,83.13,83.18,83.13,83.17,211.49
2026-03-09 06:59:00+00:00,83.18,83.18,83.1,83.13,1888.557
2026-03-09 07:00:00+00:00,83.13,83.14,83.01,83.05,2435.671
2026-03-09 07:01:00+00:00,83.06,83.09,82.98,83.03,2984.834
2026-03-09 07:02:00+00:00,83.03,83.03,82.87,82.95,2951.238
2026-03-09 07:03:00+00:00,82.95,82.95,82.8,82.82,2734.465
2026-03-09 07:04:00+00:00,82.82,82.85,82.74,82.77,8174.711
2026-03-09 07:05:00+00:00,82.78,82.79,82.67,82.68,2606.35
2026-03-09 07:06:00+00:00,82.68,82.81,82.66,82.81,2923.016
2026-03-09 07:07:00+00:00,82.81,82.91,82.79,82.87,1723.432
2026-03-09 07:08:00+00:00,82.88,82.88,82.78,82.86,650.419
2026-03-09 07:09:00+00:00,82.85,82.94,82.82,82.88,1236.507
2026-03-09 07:10:00+00:00,82.89,82.97,82.87,82.9,882.398
2026-03-09 07:11:00+00:00,82.89,82.99,82.87,82.91,1729.288
2026-03-09 07:12:00+00:00,82.91,82.91,82.76,82.77,1533.526
2026-03-09 07:13:00+00:00,82.77,82.85,82.75,82.82,878.024
2026-03-09 07:14:00+00:00,82.83,82.88,82.81,82.82,1110.165
2026-03-09 07:15:00+00:00,82.81,82.92,82.79,82.92,1626.736
2026-03-09 07:16:00+00:00,82.91,83.0,82.87,82.88,1411.607
2026-03-09 07:17:00+00:00,82.89,82.91,82.54,82.65,3301.483
2026-03-09 07:18:00+00:00,82.65,82.67,82.38,82.38,5632.72
2026-03-09 07:19:00+00:00,82.38,82.53,82.33,82.52,5253.072
2026-03-09 07:20:00+00:00,82.52,82.72,82.52,82.67,3108.695
2026-03-09 07:21:00+00:00,82.66,82.68,82.63,82.67,1578.154
2026-03-09 07:22:00+00:00,82.67,82.8,82.65,82.79,761.932
2026-03-09 07:23:00+00:00,82.8,82.87,82.8,82.82,2150.415
2026-03-09 07:24:00+00:00,82.82,82.9,82.79,82.83,303.251
2026-03-09 07:25:00+00:00,82.83,82.91,82.8,82.88,794.976
2026-03-09 07:26:00+00:00,82.88,83.0,82.88,82.91,1265.977
2026-03-09 07:27:00+00:00,82.91,82.96,82.88,82.96,1160.108
2026-03-09 07:28:00+00:00,82.96,82.97,82.92,82.95,775.469
2026-03-09 07:29:00+00:00,82.95,82.98,82.88,82.92,4247.844
2026-03-09 07:30:00+00:00,82.92,83.0,82.9,82.96,982.227
2026-03-09 07:31:00+00:00,82.96,83.03,82.89,83.01,1444.184
2026-03-09 07:32:00+00:00,83.01,83.08,82.99,83.02,2044.556
2026-03-09 07:33:00+00:00,83.01,83.08,83.0,83.03,1232.011
2026-03-09 07:34:00+00:00,83.04,83.14,83.03,83.06,3199.948
2026-03-09 07:35:00+00:00,83.07,83.27,83.06,83.12,4272.862
2026-03-09 07:36:00+00:00,83.11,83.23,83.11,83.23,2739.04
2026-03-09 07:37:00+00:00,83.23,83.27,83.19,83.23,2054.986
2026-03-09 07:38:00+00:00,83.23,83.25,83.13,83.16,652.092
2026-03-09 07:39:00+00:00,83.15,83.15,83.07,83.09,384.897
2026-03-09 07:40:00+00:00,83.09,83.1,83.04,83.07,766.407
2026-03-09 07:41:00+00:00,83.08,83.11,83.05,83.08,346.67
2026-03-09 07:42:00+00:00,83.07,83.25,83.06,83.2,2455.767
2026-03-09 07:43:00+00:00,83.2,83.21,83.11,83.13,1584.711
2026-03-09 07:44:00+00:00,83.13,83.14,83.11,83.11,1187.083
2026-03-09 07:45:00+00:00,83.11,83.13,83.05,83.05,1681.268
2026-03-09 07:46:00+00:00,83.05,83.18,83.03,83.17,1926.992
2026-03-09 07:47:00+00:00,83.17,83.18,83.12,83.13,336.006
2026-03-09 07:48:00+00:00,83.14,83.19,83.14,83.19,589.777
2026-03-09 07:49:00+00:00,83.19,83.27,83.19,83.25,554.801
2026-03-09 07:50:00+00:00,83.25,83.3,83.19,83.2,4436.46
2026-03-09 07:51:00+00:00,83.21,83.21,83.03,83.08,1796.322
2026-03-09 07:52:00+00:00,83.08,83.13,83.01,83.13,913.164
2026-03-09 07:53:00+00:00,83.13,83.17,83.12,83.14,1189.16
2026-03-09 07:54:00+00:00,83.14,83.17,83.12,83.16,639.31
2026-03-09 07:55:00+00:00,83.15,83.23,83.12,83.17,375.844
2026-03-09 07:56:00+00:00,83.17,83.2,83.14,83.19,610.448
2026-03-09 07:57:00+00:00,83.19,83.29,83.19,83.21,970.176
2026-03-09 07:58:00+00:00,83.22,83.22,83.13,83.17,1371.795
2026-03-09 07:59:00+00:00,83.17,83.18,83.13,83.18,507.966
2026-03-09 08:00:00+00:00,83.18,83.23,83.12,83.19,1305.63
2026-03-09 08:01:00+00:00,83.18,83.32,83.16,83.21,2640.095
2026-03-09 08:02:00+00:00,83.22,83.22,83.02,83.06,1997.192
2026-03-09 08:03:00+00:00,83.06,83.13,83.03,83.05,2086.995
2026-03-09 08:04:00+00:00,83.06,83.09,83.0,83.02,1809.819
2026-03-09 08:05:00+00:00,83.01,83.11,82.94,83.06,2718.789
2026-03-09 08:06:00+00:00,83.06,83.14,83.04,83.09,516.732
2026-03-09 08:07:00+00:00,83.09,83.16,83.04,83.16,861.191
2026-03-09 08:08:00+00:00,83.16,83.27,83.11,83.27,1123.387
2026-03-09 08:09:00+00:00,83.27,83.31,83.21,83.25,1809.575
2026-03-09 08:10:00+00:00,83.24,83.3,83.14,83.15,2144.639
2026-03-09 08:11:00+00:00,83.15,83.16,83.09,83.15,1280.572
2026-03-09 08:12:00+00:00,83.16,83.29,83.15,83.27,1122.126
2026-03-09 08:13:00+00:00,83.27,83.27,83.18,83.2,163.043
2026-03-09 08:14:00+00:00,83.2,83.34,83.2,83.27,859.54
2026-03-09 08:15:00+00:00,83.27,83.27,83.17,83.23,1181.89
2026-03-09 08:16:00+00:00,83.22,83.23,83.08,83.14,770.999
2026-03-09 08:17:00+00:00,83.14,83.26,83.05,83.26,1002.245
2026-03-09 08:18:00+00:00,83.27,83.37,83.26,83.28,831.372
2026-03-09 08:19:00+00:00,83.28,83.29,83.18,83.21,738.656
2026-03-09 08:20:00+00:00,83.21,83.26,83.19,83.26,407.466
2026-03-09 08:21:00+00:00,83.26,83.43,83.26,83.42,2468.302
2026-03-09 08:22:00+00:00,83.42,83.62,83.41,83.59,4620.753
2026-03-09 08:23:00+00:00,83.58,83.8,83.53,83.73,3457.385
2026-03-09 08:24:00+00:00,83.74,83.74,83.58,83.64,2482.263
2026-03-09 08:25:00+00:00,83.63,83.74,83.62,83.68,972.728
2026-03-09 08:26:00+00:00,83.67,83.79,83.67,83.7,2442.458
2026-03-09 08:27:00+00:00,83.71,83.73,83.62,83.63,1755.248
2026-03-09 08:28:00+00:00,83.62,83.79,83.59,83.77,3854.616
2026-03-09 08:29:00+00:00,83.78,83.82,83.74,83.75,1698.214
2026-03-09 08:30:00+00:00,83.74,83.78,83.65,83.76,3564.455
2026-03-09 08:31:00+00:00,83.77,83.79,83.68,83.75,2406.88
2026-03-09 08:32:00+00:00,83.74,83.84,83.71,83.84,1745.195
2026-03-09 08:33:00+00:00,83.83,83.86,83.75,83.8,2686.074
2026-03-09 08:34:00+00:00,83.81,83.85,83.78,83.85,1094.727
2026-03-09 08:35:00+00:00,83.85,83.86,83.69,83.74,3348.796
2026-03-09 08:36:00+00:00,83.74,83.76,83.69,83.73,1646.991
2026-03-09 08:37:00+00:00,83.74,83.74,83.61,83.64,2131.023
2026-03-09 08:38:00+00:00,83.65,83.65,83.53,83.54,1746.769
2026-03-09 08:39:00+00:00,83.54,83.56,83.39,83.47,1268.225
2026-03-09 08:40:00+00:00,83.47,83.47,83.34,83.38,668.038
2026-03-09 08:41:00+00:00,83.39,83.41,83.37,83.41,1102.543
2026-03-09 08:42:00+00:00,83.4,83.58,83.4,83.56,985.518
2026-03-09 08:43:00+00:00,83.57,83.63,83.55,83.56,899.335
2026-03-09 08:44:00+00:00,83.55,83.58,83.47,83.55,1418.717
2026-03-09 08:45:00+00:00,83.55,83.57,83.52,83.53,1778.393
2026-03-09 08:46:00+00:00,83.54,83.61,83.51,83.6,837.437
2026-03-09 08:47:00+00:00,83.59,83.61,83.55,83.61,945.84
2026-03-09 08:48:00+00:00,83.61,83.69,83.6,83.69,597.026
2026-03-09 08:49:00+00:00,83.69,83.74,83.58,83.6,2170.133
2026-03-09 08:50:00+00:00,83.6,83.61,83.55,83.56,1591.511
2026-03-09 08:51:00+00:00,83.56,83.7,83.56,83.7,608.28
2026-03-09 08:52:00+00:00,83.71,83.82,83.71,83.74,879.804
2026-03-09 08:53:00+00:00,83.74,83.76,83.72,83.74,388.124
2026-03-09 08:54:00+00:00,83.75,83.81,83.73,83.73,1045.582
2026-03-09 08:55:00+00:00,83.74,83.77,83.68,83.73,1446.465
2026-03-09 08:56:00+00:00,83.73,83.79,83.73,83.76,1292.123
2026-03-09 08:57:00+00:00,83.76,83.78,83.68,83.68,311.943
2026-03-09 08:58:00+00:00,83.68,83.72,83.68,83.72,284.52
2026-03-09 08:59:00+00:00,83.71,83.73,83.68,83.73,1173.988
2026-03-09 09:00:00+00:00,83.73,83.77,83.68,83.68,600.094
2026-03-09 09:01:00+00:00,83.68,83.71,83.62,83.7,261.113
2026-03-09 09:02:00+00:00,83.7,83.7,83.64,83.66,653.275
2026-03-09 09:03:00+00:00,83.65,83.66,83.6,83.63,1027.326
2026-03-09 09:04:00+00:00,83.64,83.64,83.57,83.58,465.001
2026-03-09 09:05:00+00:00,83.57,83.61,83.49,83.6,449.788
2026-03-09 09:06:00+00:00,83.6,83.6,83.36,83.37,2674.462
2026-03-09 09:07:00+00:00,83.38,83.45,83.32,83.41,1466.0
2026-03-09 09:08:00+00:00,83.42,83.56,83.42,83.56,672.189
2026-03-09 09:09:00+00:00,83.56,83.56,83.49,83.52,569.514
2026-03-09 09:10:00+00:00,83.53,83.53,83.43,83.45,889.99
2026-03-09 09:11:00+00:00,83.45,83.52,83.41,83.52,1089.176
2026-03-09 09:12:00+00:00,83.52,83.63,83.51,83.62,905.289
2026-03-09 09:13:00+00:00,83.62,83.72,83.6,83.67,7959.187
2026-03-09 09:14:00+00:00,83.66,83.78,83.65,83.78,1498.942
2026-03-09 09:15:00+00:00,83.77,83.79,83.7,83.79,1076.296
2026-03-09 09:16:00+00:00,83.8,83.91,83.78,83.85,1311.267
2026-03-09 09:17:00+00:00,83.84,84.0,83.84,83.94,2472.606
2026-03-09 09:18:00+00:00,83.94,83.97,83.9,83.96,962.386
2026-03-09 09:19:00+00:00,83.96,83.96,83.75,83.78,1399.446
2026-03-09 09:20:00+00:00,83.78,83.89,83.78,83.88,460.457
2026-03-09 09:21:00+00:00,83.87,83.94,83.87,83.92,461.06
2026-03-09 09:22:00+00:00,83.93,83.99,83.92,83.93,675.305
2026-03-09 09:23:00+00:00,83.93,83.99,83.92,83.97,459.117
2026-03-09 09:24:00+00:00,83.97,84.0,83.92,83.98,1540.255
2026-03-09 09:25:00+00:00,83.97,83.97,83.9,83.94,742.748
2026-03-09 09:26:00+00:00,83.94,84.01,83.94,84.01,666.728
2026-03-09 09:27:00+00:00,84.01,84.13,84.0,84.09,3122.703
2026-03-09 09:28:00+00:00,84.09,84.13,84.06,84.06,2227.752
2026-03-09 09:29:00+00:00,84.06,84.09,84.03,84.05,1127.733
2026-03-09 09:30:00+00:00,84.05,84.05,83.89,83.9,2204.998
2026-03-09 09:31:00+00:00,83.9,83.99,83.86,83.99,3954.533
2026-03-09 09:32:00+00:00,83.99,84.26,83.95,84.22,2812.734
2026-03-09 09:33:00+00:00,84.22,84.44,84.22,84.41,5360.37
2026-03-09 09:34:00+00:00,84.41,84.44,84.3,84.3,2766.736
2026-03-09 09:35:00+00:00,84.31,84.6,84.25,84.57,11132.156
2026-03-09 09:36:00+00:00,84.57,84.57,84.36,84.44,7147.485
2026-03-09 09:37:00+00:00,84.43,84.43,84.31,84.35,1632.559
2026-03-09 09:38:00+00:00,84.35,84.4,84.31,84.4,3602.047
2026-03-09 09:39:00+00:00,84.41,84.41,84.37,84.4,2978.884
2026-03-09 09:40:00+00:00,84.41,84.44,84.33,84.37,4499.138
2026-03-09 09:41:00+00:00,84.37,84.46,84.36,84.44,5326.54
2026-03-09 09:42:00+00:00,84.44,84.57,84.44,84.5,8316.295
2026-03-09 09:43:00+00:00,84.5,84.59,84.41,84.51,8564.559
2026-03-09 09:44:00+00:00,84.51,84.53,84.45,84.45,4471.936
2026-03-09 09:45:00+00:00,84.46,84.56,84.45,84.53,5555.236
2026-03-09 09:46:00+00:00,84.52,84.55,84.32,84.34,6819.142
2026-03-09 09:47:00+00:00,84.34,84.37,84.28,84.33,6403.772
2026-03-09 09:48:00+00:00,84.32,84.34,84.27,84.32,4870.923
2026-03-09 09:49:00+00:00,84.33,84.33,84.23,84.32,6824.397
2026-03-09 09:50:00+00:00,84.32,84.32,84.27,84.27,4160.212
2026-03-09 09:51:00+00:00,84.27,84.3,84.23,84.27,4488.212
2026-03-09 09:52:00+00:00,84.27,84.29,84.1,84.17,6713.76
2026-03-09 09:53:00+00:00,84.18,84.23,84.15,84.21,2173.837
2026-03-09 09:54:00+00:00,84.21,84.22,84.13,84.16,4662.648
2026-03-09 09:55:00+00:00,84.16,84.16,84.01,84.1,7619.938
2026-03-09 09:56:00+00:00,84.09,84.09,84.02,84.04,5530.087
2026-03-09 09:57:00+00:00,84.04,84.07,83.87,83.88,6031.138
2026-03-09 09:58:00+00:00,83.88,84.01,83.88,84.0,4516.675
2026-03-09 09:59:00+00:00,84.01,84.06,84.01,84.05,2737.506
2026-03-09 10:00:00+00:00,84.05,84.09,84.03,84.08,3979.832
2026-03-09 10:01:00+00:00,84.09,84.14,84.05,84.12,5200.206
2026-03-09 10:02:00+00:00,84.12,84.14,83.98,84.01,7311.391
2026-03-09 10:03:00+00:00,84.02,84.25,83.96,84.25,5657.142
2026-03-09 10:04:00+00:00,84.24,84.26,84.13,84.16,5760.797
2026-03-09 10:05:00+00:00,84.17,84.17,84.06,84.1,5552.108
2026-03-09 10:06:00+00:00,84.1,84.19,84.08,84.12,5012.584
2026-03-09 10:07:00+00:00,84.12,84.13,84.06,84.09,1301.307
2026-03-09 10:08:00+00:00,84.09,84.09,83.91,83.94,1609.296
2026-03-09 10:09:00+00:00,83.95,84.08,83.94,84.07,1724.708
2026-03-09 10:10:00+00:00,84.07,84.09,83.95,83.97,2041.528
2026-03-09 10:11:00+00:00,83.98,83.99,83.92,83.97,956.677
2026-03-09 10:12:00+00:00,83.97,84.01,83.94,84.0,2230.45
2026-03-09 10:13:00+00:00,84.01,84.01,83.91,83.94,1279.55
2026-03-09 10:14:00+00:00,83.94,83.98,83.92,83.97,1114.615
2026-03-09 10:15:00+00:00,83.98,83.98,83.87,83.91,2083.218
2026-03-09 10:16:00+00:00,83.9,83.99,83.84,83.95,14258.761
2026-03-09 10:17:00+00:00,83.95,83.95,83.86,83.88,2729.373
2026-03-09 10:18:00+00:00,83.88,83.9,83.84,83.84,1355.191
2026-03-09 10:19:00+00:00,83.84,83.94,83.76,83.88,1327.248
2026-03-09 10:20:00+00:00,83.89,83.94,83.82,83.91,916.977
2026-03-09 10:21:00+00:00,83.92,84.02,83.91,83.97,1779.152
2026-03-09 10:22:00+00:00,83.97,83.97,83.89,83.95,1032.275
2026-03-09 10:23:00+00:00,83.94,83.95,83.89,83.94,1133.262
2026-03-09 10:24:00+00:00,83.94,83.99,83.93,83.95,940.944
2026-03-09 10:25:00+00:00,83.94,84.0,83.9,83.97,1618.775
2026-03-09 10:26:00+00:00,83.97,84.03,83.96,84.01,897.718
2026-03-09 10:27:00+00:00,84.02,84.03,83.97,84.01,13441.928
2026-03-09 10:28:00+00:00,84.0,84.02,83.96,83.96,629.661
2026-03-09 10:29:00+00:00,83.96,83.96,83.83,83.85,535.995
2026-03-09 10:30:00+00:00,83.85,83.85,83.71,83.78,1826.521
2026-03-09 10:31:00+00:00,83.78,83.88,83.78,83.86,1248.99
2026-03-09 10:32:00+00:00,83.85,83.89,83.82,83.89,324.166
2026-03-09 10:33:00+00:00,83.88,83.91,83.86,83.87,2655.169
2026-03-09 10:34:00+00:00,83.88,83.98,83.88,83.98,1559.257
2026-03-09 10:35:00+00:00,83.99,83.99,83.94,83.98,679.928
2026-03-09 10:36:00+00:00,83.97,83.98,83.95,83.98,724.52
2026-03-09 10:37:00+00:00,83.97,83.98,83.94,83.97,774.122
2026-03-09 10:38:00+00:00,83.97,84.02,83.77,83.78,3334.414
2026-03-09 10:39:00+00:00,83.77,83.86,83.74,83.82,833.125
2026-03-09 10:40:00+00:00,83.81,83.88,83.79,83.83,1653.08
2026-03-09 10:41:00+00:00,83.82,83.86,83.82,83.84,141.089
2026-03-09 10:42:00+00:00,83.84,83.86,83.78,83.78,3052.528
2026-03-09 10:43:00+00:00,83.79,83.79,83.6,83.63,1914.062
2026-03-09 10:44:00+00:00,83.64,83.71,83.63,83.68,1727.368
2026-03-09 10:45:00+00:00,83.68,83.68,83.54,83.58,2826.09
2026-03-09 10:46:00+00:00,83.59,83.67,83.56,83.67,2422.486
2026-03-09 10:47:00+00:00,83.66,83.71,83.63,83.67,5500.207
2026-03-09 10:48:00+00:00,83.67,83.68,83.64,83.68,1092.146
2026-03-09 10:49:00+00:00,83.67,83.68,83.61,83.65,1542.0
2026-03-09 10:50:00+00:00,83.65,83.66,83.57,83.58,793.417
2026-03-09 10:51:00+00:00,83.57,83.65,83.49,83.62,7724.804
2026-03-09 10:52:00+00:00,83.62,83.66,83.56,83.58,758.653
2026-03-09 10:53:00+00:00,83.57,83.65,83.56,83.65,1235.855
2026-03-09 10:54:00+00:00,83.65,83.74,83.64,83.72,447.809
2026-03-09 10:55:00+00:00,83.72,83.72,83.68,83.72,1107.296
2026-03-09 10:56:00+00:00,83.71,83.72,83.63,83.71,1373.917
2026-03-09 10:57:00+00:00,83.7,83.76,83.7,83.75,437.019
2026-03-09 10:58:00+00:00,83.76,83.78,83.74,83.76,1802.471
2026-03-09 10:59:00+00:00,83.76,83.79,83.75,83.75,780.542
2026-03-09 11:00:00+00:00,83.75,83.77,83.68,83.74,420.399
2026-03-09 11:01:00+00:00,83.74,83.8,83.72,83.8,545.279
2026-03-09 11:02:00+00:00,83.81,83.88,83.78,83.88,1723.165
2026-03-09 11:03:00+00:00,83.87,83.89,83.79,83.79,2236.657
2026-03-09 11:04:00+00:00,83.79,83.81,83.78,83.8,674.658
2026-03-09 11:05:00+00:00,83.8,83.88,83.78,83.85,825.218
2026-03-09 11:06:00+00:00,83.85,83.9,83.82,83.9,527.321
2026-03-09 11:07:00+00:00,83.91,83.93,83.89,83.89,721.197
2026-03-09 11:08:00+00:00,83.89,83.92,83.86,83.89,281.933
2026-03-09 11:09:00+00:00,83.89,83.91,83.87,83.88,173.086
2026-03-09 11:10:00+00:00,83.87,83.88,83.83,83.85,892.993
2026-03-09 11:11:00+00:00,83.84,83.84,83.77,83.81,506.957
2026-03-09 11:12:00+00:00,83.8,83.87,83.8,83.83,1357.551
2026-03-09 11:13:00+00:00,83.83,83.85,83.8,83.83,923.76
2026-03-09 11:14:00+00:00,83.82,83.82,83.77,83.79,460.913
2026-03-09 11:15:00+00:00,83.78,83.8,83.75,83.76,575.627
2026-03-09 11:16:00+00:00,83.76,83.77,83.6,83.64,789.751
2026-03-09 11:17:00+00:00,83.63,83.63,83.31,83.39,4436.599
2026-03-09 11:18:00+00:00,83.39,83.4,83.27,83.32,2771.77
2026-03-09 11:19:00+00:00,83.32,83.34,83.24,83.27,1739.262
2026-03-09 11:20:00+00:00,83.27,83.28,83.16,83.17,2499.029
2026-03-09 11:21:00+00:00,83.16,83.2,83.12,83.18,1919.426
2026-03-09 11:22:00+00:00,83.19,83.31,83.19,83.27,2346.708
2026-03-09 11:23:00+00:00,83.27,83.38,83.25,83.36,1173.752
2026-03-09 11:24:00+00:00,83.35,83.36,83.34,83.34,130.241
2026-03-09 11:25:00+00:00,83.34,83.36,83.32,83.36,496.892
2026-03-09 11:26:00+00:00,83.35,83.35,83.28,83.32,438.333
2026-03-09 11:27:00+00:00,83.33,83.37,83.31,83.34,610.984
2026-03-09 11:28:00+00:00,83.34,83.35,83.24,83.28,710.215
2026-03-09 11:29:00+00:00,83.28,83.28,83.23,83.24,1127.917
2026-03-09 11:30:00+00:00,83.25,83.26,83.2,83.23,1231.72
2026-03-09 11:31:00+00:00,83.24,83.3,83.23,83.3,1127.888
2026-03-09 11:32:00+00:00,83.3,83.35,83.28,83.29,935.17
2026-03-09 11:33:00+00:00,83.29,83.33,83.28,83.32,424.74
2026-03-09 11:34:00+00:00,83.32,83.52,83.31,83.51,1492.215
2026-03-09 11:35:00+00:00,83.52,83.61,83.5,83.61,1356.479
2026-03-09 11:36:00+00:00,83.6,83.6,83.56,83.59,746.587
2026-03-09 11:37:00+00:00,83.59,83.7,83.59,83.69,795.557
2026-03-09 11:38:00+00:00,83.68,83.69,83.58,83.62,670.584
2026-03-09 11:39:00+00:00,83.61,83.69,83.61,83.67,2120.113
2026-03-09 11:40:00+00:00,83.67,83.67,83.58,83.62,631.467
2026-03-09 11:41:00+00:00,83.62,83.63,83.56,83.58,1356.001
2026-03-09 11:42:00+00:00,83.59,83.63,83.57,83.6,2445.915
2026-03-09 11:43:00+00:00,83.61,83.63,83.58,83.6,767.329
2026-03-09 11:44:00+00:00,83.59,83.66,83.57,83.65,1527.426
2026-03-09 11:45:00+00:00,83.65,83.68,83.61,83.66,407.599
2026-03-09 11:46:00+00:00,83.66,83.7,83.66,83.7,1879.458
2026-03-09 11:47:00+00:00,83.7,83.77,83.7,83.71,912.149
2026-03-09 11:48:00+00:00,83.72,83.72,83.58,83.58,1090.549
2026-03-09 11:49:00+00:00,83.59,83.6,83.53,83.53,396.085
2026-03-09 11:50:00+00:00,83.53,83.56,83.49,83.55,1171.794
2026-03-09 11:51:00+00:00,83.55,83.6,83.55,83.6,370.704
2026-03-09 11:52:00+00:00,83.6,83.67,83.58,83.67,334.14
2026-03-09 11:53:00+00:00,83.68,83.72,83.68,83.71,633.335
2026-03-09 11:54:00+00:00,83.71,83.79,83.69,83.77,1230.227
2026-03-09 11:55:00+00:00,83.77,83.8,83.75,83.76,3359.821
2026-03-09 11:56:00+00:00,83.76,83.77,83.74,83.75,1436.202
2026-03-09 11:57:00+00:00,83.75,83.76,83.62,83.63,450.819
2026-03-09 11:58:00+00:00,83.63,83.66,83.6,83.6,481.107
2026-03-09 11:59:00+00:00,83.61,83.61,83.56,83.59,1213.528
2026-03-09 12:00:00+00:00,83.58,83.64,83.58,83.61,1125.105
2026-03-09 12:01:00+00:00,83.61,83.7,83.59,83.69,992.012
2026-03-09 12:02:00+00:00,83.69,83.8,83.67,83.68,1608.615
2026-03-09 12:03:00+00:00,83.68,83.73,83.68,83.7,605.277
2026-03-09 12:04:00+00:00,83.7,83.79,83.68,83.76,829.668
2026-03-09 12:05:00+00:00,83.75,83.76,83.7,83.74,810.797
2026-03-09 12:06:00+00:00,83.74,83.74,83.71,83.73,158.586
2026-03-09 12:07:00+00:00,83.73,83.73,83.69,83.72,207.243
2026-03-09 12:08:00+00:00,83.71,83.73,83.67,83.67,127.568
2026-03-09 12:09:00+00:00,83.66,83.69,83.65,83.66,535.288
2026-03-09 12:10:00+00:00,83.65,83.65,83.61,83.64,366.398
2026-03-09 12:11:00+00:00,83.64,83.67,83.6,83.61,635.38
2026-03-09 12:12:00+00:00,83.6,83.65,83.59,83.64,282.55
2026-03-09 12:13:00+00:00,83.65,83.69,83.65,83.68,347.695
2026-03-09 12:14:00+00:00,83.68,83.75,83.66,83.75,431.124
2026-03-09 12:15:00+00:00,83.75,83.87,83.75,83.8,2831.466
2026-03-09 12:16:00+00:00,83.8,83.82,83.74,83.79,864.972
2026-03-09 12:17:00+00:00,83.79,83.79,83.73,83.76,430.021
2026-03-09 12:18:00+00:00,83.77,83.81,83.76,83.79,227.946
2026-03-09 12:19:00+00:00,83.8,83.98,83.8,83.97,3071.856
2026-03-09 12:20:00+00:00,83.96,84.0,83.91,83.97,5830.522
2026-03-09 12:21:00+00:00,83.97,83.97,83.88,83.9,569.004
2026-03-09 12:22:00+00:00,83.9,84.0,83.89,83.94,2615.904
2026-03-09 12:23:00+00:00,83.94,83.95,83.79,83.82,3130.663
2026-03-09 12:24:00+00:00,83.82,83.83,83.73,83.77,2660.333
2026-03-09 12:25:00+00:00,83.77,83.79,83.54,83.55,3752.121
2026-03-09 12:26:00+00:00,83.55,83.59,83.43,83.48,2824.387
2026-03-09 12:27:00+00:00,83.48,83.63,83.41,83.63,3784.211
2026-03-09 12:28:00+00:00,83.62,83.82,83.61,83.82,1100.906
2026-03-09 12:29:00+00:00,83.82,83.96,83.82,83.95,1766.477
2026-03-09 12:30:00+00:00,83.96,83.99,83.88,83.94,1504.562
2026-03-09 12:31:00+00:00,83.95,83.98,83.92,83.92,871.444
2026-03-09 12:32:00+00:00,83.92,83.93,83.81,83.86,847.246
2026-03-09 12:33:00+00:00,83.85,83.86,83.77,83.78,373.009
2026-03-09 12:34:00+00:00,83.78,83.79,83.74,83.77,752.78
2026-03-09 12:35:00+00:00,83.77,83.85,83.77,83.82,475.982
2026-03-09 12:36:00+00:00,83.81,83.94,83.81,83.91,745.138
2026-03-09 12:37:00+00:00,83.91,84.22,83.89,84.02,15742.96
2026-03-09 12:38:00+00:00,84.01,84.19,84.01,84.07,2073.057
2026-03-09 12:39:00+00:00,84.07,84.19,84.06,84.11,2848.77
2026-03-09 12:40:00+00:00,84.11,84.11,83.98,84.04,3130.014
2026-03-09 12:41:00+00:00,84.03,84.17,84.0,84.16,1179.488
2026-03-09 12:42:00+00:00,84.15,84.17,83.98,84.03,3164.003
2026-03-09 12:43:00+00:00,84.02,84.05,83.9,83.9,889.579
2026-03-09 12:44:00+00:00,83.89,83.92,83.85,83.91,2048.058
2026-03-09 12:45:00+00:00,83.92,83.97,83.86,83.97,951.386
2026-03-09 12:46:00+00:00,83.98,84.0,83.91,83.92,1189.016
2026-03-09 12:47:00+00:00,83.93,83.98,83.92,83.94,2221.824
2026-03-09 12:48:00+00:00,83.94,83.98,83.92,83.96,1260.85
2026-03-09 12:49:00+00:00,83.96,83.98,83.94,83.95,439.217
2026-03-09 12:50:00+00:00,83.94,83.96,83.86,83.95,979.034
2026-03-09 12:51:00+00:00,83.94,84.0,83.9,84.0,943.389
2026-03-09 12:52:00+00:00,84.0,84.03,83.97,83.97,263.612
2026-03-09 12:53:00+00:00,83.97,84.04,83.96,84.01,791.932
2026-03-09 12:54:00+00:00,84.01,84.02,83.9,83.96,742.025
2026-03-09 12:55:00+00:00,83.97,84.02,83.97,83.99,2266.298
2026-03-09 12:56:00+00:00,84.0,84.02,83.98,84.01,495.02
2026-03-09 12:57:00+00:00,84.0,84.08,83.99,84.0,438.436
2026-03-09 12:58:00+00:00,84.01,84.12,83.99,84.11,1393.86
2026-03-09 12:59:00+00:00,84.12,84.12,84.0,84.0,1015.286
2026-03-09 13:00:00+00:00,84.01,84.04,83.98,84.04,529.136
2026-03-09 13:01:00+00:00,84.05,84.12,84.04,84.11,2058.217
2026-03-09 13:02:00+00:00,84.11,84.17,84.1,84.15,870.872
2026-03-09 13:03:00+00:00,84.14,84.14,84.03,84.12,837.452
2026-03-09 13:04:00+00:00,84.11,84.15,84.09,84.14,551.142
2026-03-09 13:05:00+00:00,84.14,84.18,84.11,84.17,1778.661
2026-03-09 13:06:00+00:00,84.17,84.22,84.13,84.16,4430.515
2026-03-09 13:07:00+00:00,84.15,84.17,84.07,84.13,617.843
2026-03-09 13:08:00+00:00,84.12,84.15,84.11,84.14,603.644
2026-03-09 13:09:00+00:00,84.13,84.18,84.11,84.17,495.826
2026-03-09 13:10:00+00:00,84.18,84.43,84.17,84.35,3380.018
2026-03-09 13:11:00+00:00,84.34,84.54,84.34,84.45,5590.452
2026-03-09 13:12:00+00:00,84.45,84.48,84.37,84.45,2627.78
2026-03-09 13:13:00+00:00,84.44,84.48,84.37,84.37,1224.247
2026-03-09 13:14:00+00:00,84.38,84.49,84.37,84.43,2265.541
2026-03-09 13:15:00+00:00,84.42,84.45,84.35,84.38,1741.124
2026-03-09 13:16:00+00:00,84.38,84.42,84.29,84.33,1356.236
2026-03-09 13:17:00+00:00,84.33,84.35,84.28,84.35,889.83
2026-03-09 13:18:00+00:00,84.35,84.35,84.26,84.26,602.639
2026-03-09 13:19:00+00:00,84.25,84.27,84.15,84.2,3414.191
2026-03-09 13:20:00+00:00,84.19,84.24,84.14,84.15,2097.84
2026-03-09 13:21:00+00:00,84.15,84.23,84.15,84.17,1148.765
2026-03-09 13:22:00+00:00,84.18,84.2,84.13,84.14,560.846
2026-03-09 13:23:00+00:00,84.13,84.19,84.13,84.18,1020.67
2026-03-09 13:24:00+00:00,84.18,84.2,84.15,84.15,2018.993
2026-03-09 13:25:00+00:00,84.15,84.44,84.12,84.43,2190.353
2026-03-09 13:26:00+00:00,84.44,84.8,84.44,84.8,9312.021
2026-03-09 13:27:00+00:00,84.8,84.9,84.63,84.75,9226.322
2026-03-09 13:28:00+00:00,84.75,84.9,84.75,84.88,3379.945
2026-03-09 13:29:00+00:00,84.88,85.03,84.79,85.01,33583.282
2026-03-09 13:30:00+00:00,85.0,85.05,84.87,84.93,7636.632
2026-03-09 13:31:00+00:00,84.93,85.12,84.9,84.91,5666.314
2026-03-09 13:32:00+00:00,84.92,85.12,84.92,85.08,7436.596
2026-03-09 13:33:00+00:00,85.08,85.14,84.83,84.87,11418.029
2026-03-09 13:34:00+00:00,84.86,85.32,84.84,85.3,9996.364
2026-03-09 13:35:00+00:00,85.3,85.33,85.12,85.21,9064.361
2026-03-09 13:36:00+00:00,85.2,85.2,84.9,84.9,6919.008
2026-03-09 13:37:00+00:00,84.9,85.01,84.78,84.79,18459.375
2026-03-09 13:38:00+00:00,84.78,84.82,84.67,84.81,17499.409
2026-03-09 13:39:00+00:00,84.8,84.96,84.73,84.73,3154.132
2026-03-09 13:40:00+00:00,84.74,84.94,84.73,84.86,5059.029
2026-03-09 13:41:00+00:00,84.86,84.98,84.73,84.84,4994.255
2026-03-09 13:42:00+00:00,84.85,85.04,84.83,84.99,2506.877
2026-03-09 13:43:00+00:00,84.99,85.58,84.98,85.58,8846.9
2026-03-09 13:44:00+00:00,85.59,85.59,85.34,85.52,5621.513
2026-03-09 13:45:00+00:00,85.52,85.64,85.27,85.28,5596.221
2026-03-09 13:46:00+00:00,85.27,85.49,85.27,85.44,4069.286
2026-03-09 13:47:00+00:00,85.45,85.7,85.43,85.69,5743.451
2026-03-09 13:48:00+00:00,85.69,85.75,85.52,85.58,7392.589
2026-03-09 13:49:00+00:00,85.58,85.59,85.2,85.22,5785.907
2026-03-09 13:50:00+00:00,85.23,85.43,85.13,85.13,6044.958
2026-03-09 13:51:00+00:00,85.14,85.34,85.09,85.31,5539.593
2026-03-09 13:52:00+00:00,85.32,85.43,85.26,85.35,4951.714
2026-03-09 13:53:00+00:00,85.34,85.34,85.01,85.07,2552.936
2026-03-09 13:54:00+00:00,85.07,85.17,85.04,85.08,4776.887
2026-03-09 13:55:00+00:00,85.07,85.26,85.0,85.26,5421.747
2026-03-09 13:56:00+00:00,85.26,85.37,85.18,85.31,5789.402
2026-03-09 13:57:00+00:00,85.3,85.39,85.26,85.38,2903.636
2026-03-09 13:58:00+00:00,85.37,85.45,85.25,85.26,4910.57
2026-03-09 13:59:00+00:00,85.26,85.34,85.16,85.16,3240.154
2026-03-09 14:00:00+00:00,85.15,85.21,85.11,85.15,2853.405
2026-03-09 14:01:00+00:00,85.15,85.23,85.08,85.22,1668.99
2026-03-09 14:02:00+00:00,85.23,85.44,85.22,85.43,5707.72
2026-03-09 14:03:00+00:00,85.42,85.54,85.34,85.36,4040.074
2026-03-09 14:04:00+00:00,85.36,85.4,85.3,85.36,1706.467
2026-03-09 14:05:00+00:00,85.37,85.38,84.9,84.9,6639.151
2026-03-09 14:06:00+00:00,84.91,85.09,84.81,84.96,12126.635
2026-03-09 14:07:00+00:00,84.97,84.98,84.85,84.94,2059.153
2026-03-09 14:08:00+00:00,84.93,84.97,84.67,84.75,6792.292
2026-03-09 14:09:00+00:00,84.75,84.77,84.69,84.74,4416.781
2026-03-09 14:10:00+00:00,84.74,84.82,84.65,84.66,3513.957
2026-03-09 14:11:00+00:00,84.67,84.69,84.56,84.58,3077.649
2026-03-09 14:12:00+00:00,84.59,84.73,84.57,84.71,2087.659
2026-03-09 14:13:00+00:00,84.71,84.82,84.71,84.77,1891.578
2026-03-09 14:14:00+00:00,84.76,84.88,84.76,84.8,1524.97
2026-03-09 14:15:00+00:00,84.79,84.95,84.76,84.78,2923.528
2026-03-09 14:16:00+00:00,84.78,85.44,84.78,85.44,8693.743
2026-03-09 14:17:00+00:00,85.44,85.52,85.27,85.46,18731.802
2026-03-09 14:18:00+00:00,85.47,85.47,85.27,85.33,3928.338
2026-03-09 14:19:00+00:00,85.33,85.36,85.18,85.2,2801.976
2026-03-09 14:20:00+00:00,85.19,85.21,85.09,85.15,1209.513
2026-03-09 14:21:00+00:00,85.14,85.14,84.93,85.02,2092.465
2026-03-09 14:22:00+00:00,85.01,85.31,85.01,85.31,4056.909
2026-03-09 14:23:00+00:00,85.3,85.3,85.19,85.21,2537.411
2026-03-09 14:24:00+00:00,85.22,85.22,85.07,85.11,1977.181
2026-03-09 14:25:00+00:00,85.1,85.25,85.07,85.22,1500.653
2026-03-09 14:26:00+00:00,85.22,85.25,85.1,85.23,4225.829
2026-03-09 14:27:00+00:00,85.22,85.23,84.92,84.94,4211.568
2026-03-09 14:28:00+00:00,84.93,85.05,84.93,85.04,867.893
2026-03-09 14:29:00+00:00,85.04,85.1,84.99,85.05,1175.088
2026-03-09 14:30:00+00:00,85.04,85.18,85.02,85.14,2550.659
2026-03-09 14:31:00+00:00,85.13,85.25,85.11,85.19,3791.464
2026-03-09 14:32:00+00:00,85.19,85.24,84.99,85.0,1901.801
2026-03-09 14:33:00+00:00,85.0,85.07,84.92,84.94,2187.871
2026-03-09 14:34:00+00:00,84.94,85.18,84.94,85.13,2661.605
2026-03-09 14:35:00+00:00,85.13,85.16,85.04,85.14,1056.691
2026-03-09 14:36:00+00:00,85.14,85.42,85.11,85.15,5071.941
2026-03-09 14:37:00+00:00,85.14,85.36,85.11,85.28,4174.146
2026-03-09 14:38:00+00:00,85.28,85.47,85.21,85.42,5815.575
2026-03-09 14:39:00+00:00,85.41,85.48,85.36,85.48,5975.73
2026-03-09 14:40:00+00:00,85.48,85.57,85.37,85.5,8375.98
2026-03-09 14:41:00+00:00,85.5,85.71,85.5,85.63,13038.669
2026-03-09 14:42:00+00:00,85.62,85.64,85.4,85.64,6066.118
2026-03-09 14:43:00+00:00,85.63,85.67,85.51,85.52,6777.448
2026-03-09 14:44:00+00:00,85.52,85.63,85.45,85.62,2802.951
2026-03-09 14:45:00+00:00,85.62,85.65,85.5,85.57,6604.658
2026-03-09 14:46:00+00:00,85.58,85.6,85.43,85.5,3810.478
2026-03-09 14:47:00+00:00,85.51,85.58,85.45,85.56,2895.346
2026-03-09 14:48:00+00:00,85.55,85.55,85.43,85.47,1389.914
2026-03-09 14:49:00+00:00,85.47,85.49,85.3,85.39,3671.489
2026-03-09 14:50:00+00:00,85.38,85.5,85.36,85.5,1572.969
2026-03-09 14:51:00+00:00,85.5,85.65,85.49,85.62,3125.401
2026-03-09 14:52:00+00:00,85.62,85.62,85.42,85.5,3715.479
2026-03-09 14:53:00+00:00,85.5,85.5,85.35,85.45,1862.063
2026-03-09 14:54:00+00:00,85.45,85.56,85.44,85.52,1863.11
2026-03-09 14:55:00+00:00,85.51,85.54,85.46,85.48,1367.02
2026-03-09 14:56:00+00:00,85.49,85.49,85.29,85.33,3857.337
2026-03-09 14:57:00+00:00,85.32,85.32,85.19,85.22,2457.407
2026-03-09 14:58:00+00:00,85.21,85.28,85.2,85.25,1766.595
2026-03-09 14:59:00+00:00,85.24,85.31,85.23,85.3,2430.923
2026-03-09 15:00:00+00:00,85.3,85.36,85.29,85.34,1807.512
2026-03-09 15:01:00+00:00,85.33,85.42,85.32,85.39,707.859
2026-03-09 15:02:00+00:00,85.38,85.39,85.29,85.29,902.167
2026-03-09 15:03:00+00:00,85.29,85.45,85.19,85.4,6232.708
2026-03-09 15:04:00+00:00,85.4,85.4,85.21,85.22,2296.419
2026-03-09 15:05:00+00:00,85.22,85.4,85.2,85.39,2070.872
2026-03-09 15:06:00+00:00,85.4,85.4,85.3,85.33,701.269
2026-03-09 15:07:00+00:00,85.32,85.32,85.24,85.24,1105.956
2026-03-09 15:08:00+00:00,85.23,85.26,85.18,85.19,741.582
2026-03-09 15:09:00+00:00,85.18,85.21,84.93,84.96,3013.232
2026-03-09 15:10:00+00:00,84.95,85.13,84.94,85.11,2618.51
2026-03-09 15:11:00+00:00,85.11,85.12,85.0,85.09,2162.365
2026-03-09 15:12:00+00:00,85.09,85.21,85.06,85.11,8975.322
2026-03-09 15:13:00+00:00,85.12,85.16,85.09,85.11,370.964
2026-03-09 15:14:00+00:00,85.12,85.29,85.12,85.29,2413.48
2026-03-09 15:15:00+00:00,85.3,85.38,85.28,85.38,2182.506
2026-03-09 15:16:00+00:00,85.37,85.37,85.26,85.3,1389.573
2026-03-09 15:17:00+00:00,85.31,85.44,85.31,85.32,761.286
2026-03-09 15:18:00+00:00,85.32,85.33,85.18,85.2,1557.854
2026-03-09 15:19:00+00:00,85.21,85.21,85.04,85.05,1792.568
2026-03-09 15:20:00+00:00,85.06,85.21,85.04,85.17,1124.681
2026-03-09 15:21:00+00:00,85.16,85.17,85.1,85.16,1592.299
2026-03-09 15:22:00+00:00,85.17,85.23,85.15,85.2,1325.788
2026-03-09 15:23:00+00:00,85.19,85.26,85.18,85.25,531.044
2026-03-09 15:24:00+00:00,85.25,85.26,85.19,85.24,864.275
2026-03-09 15:25:00+00:00,85.23,85.37,85.23,85.33,751.984
2026-03-09 15:26:00+00:00,85.33,85.34,85.28,85.31,950.153
2026-03-09 15:27:00+00:00,85.31,85.31,85.21,85.23,1556.034
2026-03-09 15:28:00+00:00,85.23,85.24,85.15,85.17,628.473
2026-03-09 15:29:00+00:00,85.16,85.22,85.16,85.18,842.135
2026-03-09 15:30:00+00:00,85.18,85.2,85.13,85.2,808.673
2026-03-09 15:31:00+00:00,85.19,85.32,85.19,85.21,2065.247
2026-03-09 15:32:00+00:00,85.21,85.21,85.07,85.13,1470.893
2026-03-09 15:33:00+00:00,85.12,85.12,84.8,84.84,5487.561
2026-03-09 15:34:00+00:00,84.85,84.86,84.7,84.77,2796.076
2026-03-09 15:35:00+00:00,84.77,84.82,84.62,84.74,5025.078
2026-03-09 15:36:00+00:00,84.73,84.79,84.7,84.77,4064.198
2026-03-09 15:37:00+00:00,84.77,84.82,84.74,84.81,1122.768
2026-03-09 15:38:00+00:00,84.81,84.88,84.78,84.82,1908.977
2026-03-09 15:39:00+00:00,84.82,84.82,84.72,84.75,2506.796
2026-03-09 15:40:00+00:00,84.74,84.84,84.73,84.83,1229.509
2026-03-09 15:41:00+00:00,84.84,84.98,84.84,84.97,2869.146
2026-03-09 15:42:00+00:00,84.97,84.98,84.8,84.8,1033.256
2026-03-09 15:43:00+00:00,84.8,84.83,84.78,84.79,981.922
2026-03-09 15:44:00+00:00,84.8,84.82,84.79,84.81,534.91
2026-03-09 15:45:00+00:00,84.8,84.92,84.75,84.92,518.512
2026-03-09 15:46:00+00:00,84.92,85.07,84.91,85.01,716.682
2026-03-09 15:47:00+00:00,85.01,85.01,84.92,84.97,1179.42
2026-03-09 15:48:00+00:00,84.96,84.98,84.9,84.9,1549.284
2026-03-09 15:49:00+00:00,84.91,84.98,84.91,84.93,519.072
2026-03-09 15:50:00+00:00,84.94,84.96,84.86,84.9,862.642
2026-03-09 15:51:00+00:00,84.91,84.98,84.9,84.97,982.887
2026-03-09 15:52:00+00:00,84.96,84.99,84.91,84.95,1919.711
2026-03-09 15:53:00+00:00,84.94,84.99,84.93,84.97,1510.226
2026-03-09 15:54:00+00:00,84.97,85.02,84.96,84.99,737.018
2026-03-09 15:55:00+00:00,84.99,85.08,84.99,85.08,850.294
2026-03-09 15:56:00+00:00,85.08,85.35,85.06,85.27,7844.711
2026-03-09 15:57:00+00:00,85.26,85.3,85.2,85.29,381.684
2026-03-09 15:58:00+00:00,85.28,85.28,85.19,85.2,420.169
2026-03-09 15:59:00+00:00,85.19,85.19,85.04,85.05,665.298
2026-03-09 16:00:00+00:00,85.05,85.11,85.04,85.08,1583.63
2026-03-09 16:01:00+00:00,85.09,85.09,84.98,85.01,3326.539
2026-03-09 16:02:00+00:00,85.02,85.08,85.01,85.06,789.396
2026-03-09 16:03:00+00:00,85.07,85.27,85.07,85.18,2813.389
2026-03-09 16:04:00+00:00,85.17,85.21,85.1,85.15,4875.609
2026-03-09 16:05:00+00:00,85.14,85.21,85.06,85.16,2766.766
2026-03-09 16:06:00+00:00,85.16,85.2,85.08,85.13,2611.438
2026-03-09 16:07:00+00:00,85.13,85.28,85.12,85.25,1793.04
2026-03-09 16:08:00+00:00,85.25,85.25,85.09,85.11,1519.773
2026-03-09 16:09:00+00:00,85.1,85.1,84.99,85.03,838.187
2026-03-09 16:10:00+00:00,85.04,85.04,84.91,84.95,1467.725
2026-03-09 16:11:00+00:00,84.95,84.97,84.88,84.88,529.589
2026-03-09 16:12:00+00:00,84.89,84.96,84.88,84.96,893.079
2026-03-09 16:13:00+00:00,84.96,84.98,84.91,84.95,363.227
2026-03-09 16:14:00+00:00,84.95,84.96,84.89,84.9,1233.96
2026-03-09 16:15:00+00:00,84.91,84.93,84.86,84.86,985.01
2026-03-09 16:16:00+00:00,84.86,84.94,84.85,84.9,1521.33
2026-03-09 16:17:00+00:00,84.89,84.9,84.85,84.85,659.744
2026-03-09 16:18:00+00:00,84.85,84.92,84.85,84.85,539.026
2026-03-09 16:19:00+00:00,84.85,84.89,84.81,84.84,1676.372
2026-03-09 16:20:00+00:00,84.84,84.88,84.73,84.73,3033.021
2026-03-09 16:21:00+00:00,84.72,84.81,84.7,84.78,2171.41
2026-03-09 16:22:00+00:00,84.77,84.85,84.77,84.84,1445.705
2026-03-09 16:23:00+00:00,84.84,85.01,84.83,84.94,5218.534
2026-03-09 16:24:00+00:00,84.93,85.04,84.93,85.03,2071.74
2026-03-09 16:25:00+00:00,85.02,85.02,84.91,84.93,1176.311
2026-03-09 16:26:00+00:00,84.92,85.08,84.87,85.01,2578.812
2026-03-09 16:27:00+00:00,85.0,85.11,84.98,85.08,2502.367
2026-03-09 16:28:00+00:00,85.07,85.27,85.07,85.22,3786.905
2026-03-09 16:29:00+00:00,85.22,85.22,85.07,85.11,1223.619
2026-03-09 16:30:00+00:00,85.11,85.14,85.0,85.05,1062.273
2026-03-09 16:31:00+00:00,85.05,85.14,85.04,85.08,2302.639
2026-03-09 16:32:00+00:00,85.07,85.14,84.96,85.08,7232.326
2026-03-09 16:33:00+00:00,85.08,85.09,84.89,84.93,3886.787
2026-03-09 16:34:00+00:00,84.93,84.95,84.78,84.9,2724.531
2026-03-09 16:35:00+00:00,84.9,85.14,84.88,85.04,2035.986
2026-03-09 16:36:00+00:00,85.04,85.23,85.03,85.22,2031.523
2026-03-09 16:37:00+00:00,85.22,85.22,85.07,85.08,1731.184
2026-03-09 16:38:00+00:00,85.07,85.2,85.06,85.19,946.104
2026-03-09 16:39:00+00:00,85.18,85.25,85.16,85.23,753.289
2026-03-09 16:40:00+00:00,85.22,85.39,85.2,85.3,3880.249
2026-03-09 16:41:00+00:00,85.29,85.29,85.2,85.21,635.037
2026-03-09 16:42:00+00:00,85.22,85.26,85.21,85.24,370.76
2026-03-09 16:43:00+00:00,85.24,85.34,85.22,85.28,1570.729
2026-03-09 16:44:00+00:00,85.27,85.31,85.24,85.25,1531.245
2026-03-09 16:45:00+00:00,85.25,85.3,85.08,85.08,2052.377
2026-03-09 16:46:00+00:00,85.07,85.08,85.0,85.04,916.065
2026-03-09 16:47:00+00:00,85.04,85.15,85.04,85.1,437.544
2026-03-09 16:48:00+00:00,85.11,85.13,85.08,85.13,660.119
2026-03-09 16:49:00+00:00,85.13,85.19,85.12,85.17,827.151
2026-03-09 16:50:00+00:00,85.17,85.23,85.11,85.22,497.826
2026-03-09 16:51:00+00:00,85.23,85.28,85.17,85.22,767.368
2026-03-09 16:52:00+00:00,85.22,85.63,85.22,85.6,9779.537
2026-03-09 16:53:00+00:00,85.6,85.6,85.43,85.44,3404.054
2026-03-09 16:54:00+00:00,85.44,85.44,85.14,85.15,1278.99
2026-03-09 16:55:00+00:00,85.16,85.16,85.04,85.11,1930.405
2026-03-09 16:56:00+00:00,85.12,85.28,85.12,85.22,720.232
2026-03-09 16:57:00+00:00,85.23,85.23,85.09,85.1,600.104
2026-03-09 16:58:00+00:00,85.1,85.19,85.1,85.12,614.692
2026-03-09 16:59:00+00:00,85.12,85.14,85.09,85.14,228.241
2026-03-09 17:00:00+00:00,85.14,85.15,85.07,85.13,722.154
2026-03-09 17:01:00+00:00,85.14,85.2,85.11,85.14,721.337
2026-03-09 17:02:00+00:00,85.13,85.13,84.95,85.0,1126.057
2026-03-09 17:03:00+00:00,85.0,85.1,85.0,85.08,1028.306
2026-03-09 17:04:00+00:00,85.07,85.09,85.02,85.06,1915.989
2026-03-09 17:05:00+00:00,85.06,85.16,85.05,85.12,255.363
2026-03-09 17:06:00+00:00,85.11,85.24,85.09,85.18,573.983
2026-03-09 17:07:00+00:00,85.17,85.2,85.12,85.13,271.9
2026-03-09 17:08:00+00:00,85.14,85.23,85.11,85.12,789.951
2026-03-09 17:09:00+00:00,85.12,85.2,85.12,85.18,318.082
2026-03-09 17:10:00+00:00,85.17,85.28,85.17,85.17,661.549
2026-03-09 17:11:00+00:00,85.17,85.31,85.16,85.22,1152.389
2026-03-09 17:12:00+00:00,85.22,85.22,85.13,85.15,333.384
2026-03-09 17:13:00+00:00,85.14,85.18,85.12,85.15,2340.641
2026-03-09 17:14:00+00:00,85.15,85.16,85.1,85.16,902.158
2026-03-09 17:15:00+00:00,85.16,85.29,85.15,85.16,623.89
2026-03-09 17:16:00+00:00,85.15,85.2,85.08,85.17,2236.211
2026-03-09 17:17:00+00:00,85.17,85.19,85.16,85.16,766.325
2026-03-09 17:18:00+00:00,85.15,85.22,85.1,85.1,269.115
2026-03-09 17:19:00+00:00,85.1,85.1,84.95,85.04,2831.796
2026-03-09 17:20:00+00:00,85.04,85.04,84.94,84.97,869.308
2026-03-09 17:21:00+00:00,84.97,85.02,84.88,84.93,1723.164
2026-03-09 17:22:00+00:00,84.94,84.94,84.82,84.82,2418.015
2026-03-09 17:23:00+00:00,84.82,84.85,84.73,84.82,7966.359
2026-03-09 17:24:00+00:00,84.83,84.99,84.83,84.97,1694.395
2026-03-09 17:25:00+00:00,84.97,85.06,84.96,84.97,4083.138
2026-03-09 17:26:00+00:00,84.97,84.99,84.86,84.9,1660.388
2026-03-09 17:27:00+00:00,84.91,84.93,84.79,84.9,1572.85
2026-03-09 17:28:00+00:00,84.89,84.98,84.89,84.93,1277.589
2026-03-09 17:29:00+00:00,84.92,84.94,84.83,84.84,1154.948
2026-03-09 17:30:00+00:00,84.83,84.92,84.82,84.91,1250.62
2026-03-09 17:31:00+00:00,84.91,85.02,84.88,84.88,971.891
2026-03-09 17:32:00+00:00,84.88,84.95,84.85,84.92,901.836
2026-03-09 17:33:00+00:00,84.91,84.98,84.9,84.94,981.818
2026-03-09 17:34:00+00:00,84.95,85.02,84.9,84.91,2533.043
2026-03-09 17:35:00+00:00,84.91,84.97,84.9,84.91,1736.075
2026-03-09 17:36:00+00:00,84.9,84.92,84.79,84.81,1208.343
2026-03-09 17:37:00+00:00,84.81,84.86,84.76,84.84,1291.022
2026-03-09 17:38:00+00:00,84.83,84.87,84.7,84.71,991.991
2026-03-09 17:39:00+00:00,84.71,84.75,84.67,84.68,1943.526
2026-03-09 17:40:00+00:00,84.69,84.75,84.67,84.68,1201.35
2026-03-09 17:41:00+00:00,84.67,84.67,84.55,84.58,3481.445
2026-03-09 17:42:00+00:00,84.57,84.6,84.49,84.51,2931.391
2026-03-09 17:43:00+00:00,84.51,84.54,84.26,84.38,8767.777
2026-03-09 17:44:00+00:00,84.38,84.52,84.37,84.49,3895.986
2026-03-09 17:45:00+00:00,84.48,84.59,84.48,84.59,1961.726
2026-03-09 17:46:00+00:00,84.59,84.59,84.48,84.51,1744.453
2026-03-09 17:47:00+00:00,84.51,84.58,84.49,84.55,1001.476
2026-03-09 17:48:00+00:00,84.56,84.73,84.56,84.68,2100.901
2026-03-09 17:49:00+00:00,84.69,84.76,84.63,84.63,1225.791
2026-03-09 17:50:00+00:00,84.63,84.67,84.59,84.66,624.505
2026-03-09 17:51:00+00:00,84.65,84.76,84.65,84.76,2851.331
2026-03-09 17:52:00+00:00,84.75,85.04,84.7,85.01,7714.637
2026-03-09 17:53:00+00:00,85.0,85.14,84.99,85.1,7552.021
2026-03-09 17:54:00+00:00,85.09,85.31,85.05,85.26,6784.056
2026-03-09 17:55:00+00:00,85.27,85.4,85.19,85.27,10517.865
2026-03-09 17:56:00+00:00,85.27,85.42,85.26,85.41,5906.855
2026-03-09 17:57:00+00:00,85.41,85.41,85.28,85.28,2530.867
2026-03-09 17:58:00+00:00,85.28,85.28,85.15,85.18,1185.005
2026-03-09 17:59:00+00:00,85.18,85.18,85.09,85.09,630.224
2026-03-09 18:00:00+00:00,85.09,85.1,84.97,84.98,1858.327
2026-03-09 18:01:00+00:00,84.98,85.01,84.94,84.95,494.402
2026-03-09 18:02:00+00:00,84.95,84.95,84.86,84.89,4233.464
2026-03-09 18:03:00+00:00,84.9,85.02,84.9,84.95,7364.549
2026-03-09 18:04:00+00:00,84.95,84.96,84.78,84.8,3171.276
2026-03-09 18:05:00+00:00,84.8,84.83,84.74,84.78,1341.062
2026-03-09 18:06:00+00:00,84.78,84.81,84.67,84.69,8241.911
2026-03-09 18:07:00+00:00,84.69,84.7,84.56,84.58,6618.11
2026-03-09 18:08:00+00:00,84.57,84.58,84.48,84.52,2724.954
2026-03-09 18:09:00+00:00,84.52,84.61,84.52,84.58,2065.467
2026-03-09 18:10:00+00:00,84.59,84.66,84.57,84.65,823.234
2026-03-09 18:11:00+00:00,84.66,84.75,84.66,84.71,1564.717
2026-03-09 18:12:00+00:00,84.71,84.76,84.64,84.76,2581.155
2026-03-09 18:13:00+00:00,84.77,84.78,84.71,84.75,332.823
2026-03-09 18:14:00+00:00,84.75,84.75,84.74,84.74,205.26
2026-03-09 18:15:00+00:00,84.74,84.85,84.72,84.84,4928.26
2026-03-09 18:16:00+00:00,84.84,84.88,84.78,84.87,697.858
2026-03-09 18:17:00+00:00,84.87,85.05,84.85,85.02,5296.578
2026-03-09 18:18:00+00:00,85.02,85.25,85.02,85.24,3706.201
2026-03-09 18:19:00+00:00,85.24,85.42,85.23,85.28,5831.668
2026-03-09 18:20:00+00:00,85.28,85.38,85.15,85.18,14292.088
2026-03-09 18:21:00+00:00,85.19,85.38,85.19,85.29,5956.481
2026-03-09 18:22:00+00:00,85.28,85.29,85.13,85.2,1867.498
2026-03-09 18:23:00+00:00,85.19,85.26,85.19,85.22,635.189
2026-03-09 18:24:00+00:00,85.21,85.26,85.21,85.23,704.415
2026-03-09 18:25:00+00:00,85.22,85.28,85.16,85.26,729.568
2026-03-09 18:26:00+00:00,85.26,85.26,85.19,85.23,460.455
2026-03-09 18:27:00+00:00,85.24,85.27,85.2,85.21,1606.246
2026-03-09 18:28:00+00:00,85.2,85.28,85.2,85.26,416.873
2026-03-09 18:29:00+00:00,85.26,85.38,85.24,85.37,3820.413
2026-03-09 18:30:00+00:00,85.38,85.53,85.38,85.48,7529.685
2026-03-09 18:31:00+00:00,85.48,85.5,85.41,85.41,2118.482
2026-03-09 18:32:00+00:00,85.4,85.4,85.31,85.33,2725.707
2026-03-09 18:33:00+00:00,85.33,85.34,85.26,85.28,3052.175
2026-03-09 18:34:00+00:00,85.28,85.58,85.28,85.5,9341.476
2026-03-09 18:35:00+00:00,85.5,85.5,85.38,85.42,2939.435
2026-03-09 18:36:00+00:00,85.42,85.49,85.42,85.43,353.739
2026-03-09 18:37:00+00:00,85.42,85.46,85.39,85.45,4371.393
2026-03-09 18:38:00+00:00,85.46,85.46,85.34,85.36,2999.175
2026-03-09 18:39:00+00:00,85.36,85.4,85.35,85.38,1790.482
2026-03-09 18:40:00+00:00,85.38,85.49,85.38,85.48,2940.755
2026-03-09 18:41:00+00:00,85.48,85.52,85.48,85.49,1581.462
2026-03-09 18:42:00+00:00,85.5,85.52,85.42,85.51,721.242
2026-03-09 18:43:00+00:00,85.51,85.51,85.31,85.32,3626.056
2026-03-09 18:44:00+00:00,85.32,85.35,85.32,85.35,1600.285
2026-03-09 18:45:00+00:00,85.35,85.44,85.35,85.4,1710.932
2026-03-09 18:46:00+00:00,85.4,85.43,85.38,85.42,1041.768
2026-03-09 18:47:00+00:00,85.42,85.42,85.37,85.38,688.139
2026-03-09 18:48:00+00:00,85.38,85.38,85.28,85.29,806.048
2026-03-09 18:49:00+00:00,85.29,85.3,85.17,85.18,595.478
2026-03-09 18:50:00+00:00,85.19,85.28,85.18,85.23,2160.62
2026-03-09 18:51:00+00:00,85.23,85.29,85.2,85.28,1485.076
2026-03-09 18:52:00+00:00,85.28,85.3,85.23,85.3,1086.433
2026-03-09 18:53:00+00:00,85.3,85.3,85.21,85.21,1903.579
2026-03-09 18:54:00+00:00,85.21,85.27,85.2,85.27,678.305
2026-03-09 18:55:00+00:00,85.27,85.31,85.17,85.22,3445.394
2026-03-09 18:56:00+00:00,85.23,85.25,85.19,85.19,1525.248
2026-03-09 18:57:00+00:00,85.19,85.23,85.18,85.2,729.73
2026-03-09 18:58:00+00:00,85.19,85.19,85.07,85.1,4307.745
2026-03-09 18:59:00+00:00,85.09,85.23,85.09,85.19,1639.206
2026-03-09 19:00:00+00:00,85.18,85.27,85.18,85.27,917.881
2026-03-09 19:01:00+00:00,85.26,85.36,85.26,85.29,1886.752
2026-03-09 19:02:00+00:00,85.29,85.33,85.27,85.28,2399.207
2026-03-09 19:03:00+00:00,85.27,85.31,85.27,85.29,528.721
2026-03-09 19:04:00+00:00,85.29,85.32,85.28,85.28,831.465
2026-03-09 19:05:00+00:00,85.28,85.28,85.2,85.2,673.591
2026-03-09 19:06:00+00:00,85.19,85.2,85.09,85.13,2755.615
2026-03-09 19:07:00+00:00,85.14,85.23,85.13,85.23,1268.304
2026-03-09 19:08:00+00:00,85.23,85.25,85.18,85.23,2099.129
2026-03-09 19:09:00+00:00,85.23,85.26,85.21,85.23,799.465
2026-03-09 19:10:00+00:00,85.24,85.31,85.2,85.29,1719.06
2026-03-09 19:11:00+00:00,85.3,85.34,85.29,85.29,1138.304
2026-03-09 19:12:00+00:00,85.29,85.32,85.26,85.32,935.792
2026-03-09 19:13:00+00:00,85.31,85.31,85.14,85.17,1693.437
2026-03-09 19:14:00+00:00,85.17,85.18,85.09,85.1,1314.328
2026-03-09 19:15:00+00:00,85.1,85.12,85.09,85.1,235.496
2026-03-09 19:16:00+00:00,85.1,85.2,85.09,85.17,2021.258
2026-03-09 19:17:00+00:00,85.17,85.24,85.12,85.18,1944.784
2026-03-09 19:18:00+00:00,85.18,85.2,85.07,85.09,326.624
2026-03-09 19:19:00+00:00,85.09,85.74,85.09,85.72,13070.492
2026-03-09 19:20:00+00:00,85.72,85.76,85.57,85.57,8348.264
2026-03-09 19:21:00+00:00,85.57,85.94,85.57,85.89,12287.982
2026-03-09 19:22:00+00:00,85.89,86.19,85.84,86.16,31069.099
2026-03-09 19:23:00+00:00,86.16,86.18,86.01,86.02,6679.448
2026-03-09 19:24:00+00:00,86.01,86.23,86.0,86.18,5738.962
2026-03-09 19:25:00+00:00,86.17,86.75,86.17,86.67,33908.141
2026-03-09 19:26:00+00:00,86.67,86.72,86.56,86.62,7467.553
2026-03-09 19:27:00+00:00,86.61,86.8,86.6,86.7,6773.119
2026-03-09 19:28:00+00:00,86.71,86.73,86.55,86.57,7278.319
2026-03-09 19:29:00+00:00,86.57,86.92,86.57,86.87,15662.16
2026-03-09 19:30:00+00:00,86.86,87.06,86.73,86.78,18538.313
2026-03-09 19:31:00+00:00,86.78,86.87,86.64,86.82,5532.668
2026-03-09 19:32:00+00:00,86.82,86.84,86.68,86.71,6757.956
2026-03-09 19:33:00+00:00,86.72,86.86,86.61,86.68,6831.295
2026-03-09 19:34:00+00:00,86.67,86.68,86.38,86.49,11088.479
2026-03-09 19:35:00+00:00,86.5,86.61,86.43,86.48,6078.266
2026-03-09 19:36:00+00:00,86.48,86.49,86.17,86.24,9153.354
2026-03-09 19:37:00+00:00,86.25,86.29,86.16,86.27,6988.323
2026-03-09 19:38:00+00:00,86.28,86.4,86.17,86.21,3284.948
2026-03-09 19:39:00+00:00,86.21,86.38,86.18,86.36,2242.698
2026-03-09 19:40:00+00:00,86.35,86.35,86.06,86.1,4488.731
2026-03-09 19:41:00+00:00,86.09,86.25,86.03,86.12,3431.125
2026-03-09 19:42:00+00:00,86.12,86.33,86.09,86.18,4491.175
2026-03-09 19:43:00+00:00,86.17,86.37,86.1,86.31,4450.593
2026-03-09 19:44:00+00:00,86.31,86.39,86.21,86.31,2346.241
2026-03-09 19:45:00+00:00,86.3,86.32,86.16,86.26,3918.892
2026-03-09 19:46:00+00:00,86.25,86.36,86.19,86.32,2687.281
2026-03-09 19:47:00+00:00,86.31,86.41,86.24,86.39,2167.142
2026-03-09 19:48:00+00:00,86.39,86.39,86.25,86.25,2678.206
2026-03-09 19:49:00+00:00,86.24,86.24,86.13,86.16,2485.34
2026-03-09 19:50:00+00:00,86.16,86.18,85.92,85.94,6044.707
2026-03-09 19:51:00+00:00,85.94,85.99,85.86,85.89,3352.21
2026-03-09 19:52:00+00:00,85.88,86.02,85.88,86.01,1668.605
2026-03-09 19:53:00+00:00,86.0,86.12,85.97,86.12,2173.355
2026-03-09 19:54:00+00:00,86.11,86.11,85.99,86.04,1869.14
2026-03-09 19:55:00+00:00,86.04,86.06,85.93,85.95,1431.868
2026-03-09 19:56:00+00:00,85.96,86.03,85.96,86.03,2353.203
2026-03-09 19:57:00+00:00,86.02,86.02,85.95,86.01,2983.273
2026-03-09 19:58:00+00:00,86.0,86.09,86.0,86.02,2071.921
2026-03-09 19:59:00+00:00,86.02,86.03,85.9,85.97,5154.982
2026-03-09 20:00:00+00:00,85.97,86.13,85.96,86.13,3261.424
2026-03-09 20:01:00+00:00,86.12,86.16,86.08,86.14,1365.268
2026-03-09 20:02:00+00:00,86.14,86.18,86.04,86.04,2049.889
2026-03-09 20:03:00+00:00,86.04,86.08,85.99,85.99,1622.428
2026-03-09 20:04:00+00:00,85.99,86.0,85.91,85.96,1482.995
2026-03-09 20:05:00+00:00,85.96,86.06,85.84,85.84,5484.453
2026-03-09 20:06:00+00:00,85.85,86.0,85.77,85.89,9761.742
2026-03-09 20:07:00+00:00,85.9,86.05,85.89,85.98,3291.056
2026-03-09 20:08:00+00:00,85.98,85.98,85.87,85.87,740.389
2026-03-09 20:09:00+00:00,85.86,85.88,85.72,85.73,936.925
2026-03-09 20:10:00+00:00,85.73,85.73,85.6,85.68,3754.093
2026-03-09 20:11:00+00:00,85.69,85.84,85.65,85.66,5161.979
2026-03-09 20:12:00+00:00,85.66,85.68,85.63,85.64,1986.151
2026-03-09 20:13:00+00:00,85.64,85.68,85.64,85.66,457.728
2026-03-09 20:14:00+00:00,85.66,85.78,85.66,85.78,1818.324
2026-03-09 20:15:00+00:00,85.78,85.84,85.77,85.8,855.286
2026-03-09 20:16:00+00:00,85.81,85.81,85.73,85.73,1149.2
2026-03-09 20:17:00+00:00,85.74,85.86,85.74,85.79,3743.885
2026-03-09 20:18:00+00:00,85.78,85.85,85.77,85.84,3717.541
2026-03-09 20:19:00+00:00,85.83,85.91,85.79,85.91,1228.56
2026-03-09 20:20:00+00:00,85.92,85.92,85.84,85.88,1537.977
2026-03-09 20:21:00+00:00,85.88,85.88,85.78,85.82,524.988
2026-03-09 20:22:00+00:00,85.82,85.85,85.81,85.83,141.827
2026-03-09 20:23:00+00:00,85.82,85.88,85.82,85.87,1927.768
2026-03-09 20:24:00+00:00,85.87,85.89,85.83,85.84,940.619
2026-03-09 20:25:00+00:00,85.83,85.84,85.74,85.78,2914.792
2026-03-09 20:26:00+00:00,85.79,85.86,85.79,85.86,1684.144
2026-03-09 20:27:00+00:00,85.86,85.94,85.86,85.93,929.15
2026-03-09 20:28:00+00:00,85.93,85.93,85.85,85.86,1295.829
2026-03-09 20:29:00+00:00,85.87,85.88,85.84,85.85,758.265
2026-03-09 20:30:00+00:00,85.85,85.86,85.78,85.84,1313.642
2026-03-09 20:31:00+00:00,85.84,85.84,85.75,85.75,322.545
2026-03-09 20:32:00+00:00,85.74,85.74,85.59,85.65,4088.485
2026-03-09 20:33:00+00:00,85.64,85.64,85.55,85.55,1119.929
2026-03-09 20:34:00+00:00,85.55,85.55,85.38,85.51,3732.121
2026-03-09 20:35:00+00:00,85.51,85.52,85.45,85.51,2017.887
2026-03-09 20:36:00+00:00,85.52,85.53,85.46,85.48,712.331
2026-03-09 20:37:00+00:00,85.48,85.5,85.33,85.42,1336.285
2026-03-09 20:38:00+00:00,85.42,85.56,85.41,85.49,1738.753
2026-03-09 20:39:00+00:00,85.49,85.53,85.46,85.49,668.177
2026-03-09 20:40:00+00:00,85.48,85.52,85.47,85.51,1076.151
2026-03-09 20:41:00+00:00,85.52,85.58,85.49,85.52,1870.682
2026-03-09 20:42:00+00:00,85.51,85.53,85.47,85.47,702.585
2026-03-09 20:43:00+00:00,85.47,85.47,85.41,85.45,503.336
2026-03-09 20:44:00+00:00,85.45,85.48,85.43,85.47,220.678
2026-03-09 20:45:00+00:00,85.46,85.5,85.44,85.45,809.043
2026-03-09 20:46:00+00:00,85.45,85.46,85.42,85.44,512.577
2026-03-09 20:47:00+00:00,85.43,85.48,85.28,85.3,2664.354
2026-03-09 20:48:00+00:00,85.31,85.37,85.29,85.36,584.031
2026-03-09 20:49:00+00:00,85.37,85.43,85.37,85.41,303.96
2026-03-09 20:50:00+00:00,85.4,85.4,85.29,85.3,1452.39
2026-03-09 20:51:00+00:00,85.31,85.34,85.29,85.31,546.521
2026-03-09 20:52:00+00:00,85.31,85.41,85.3,85.38,899.665
2026-03-09 20:53:00+00:00,85.39,85.55,85.38,85.55,917.184
2026-03-09 20:54:00+00:00,85.55,85.65,85.51,85.64,1221.99
2026-03-09 20:55:00+00:00,85.65,85.65,85.56,85.61,1624.082
2026-03-09 20:56:00+00:00,85.61,85.66,85.6,85.66,456.482
2026-03-09 20:57:00+00:00,85.66,85.79,85.66,85.78,2152.88
2026-03-09 20:58:00+00:00,85.79,85.91,85.78,85.84,4357.794
2026-03-09 20:59:00+00:00,85.85,85.85,85.79,85.81,1901.064
2026-03-09 21:00:00+00:00,85.8,85.98,85.76,85.97,3278.209
2026-03-09 21:01:00+00:00,85.98,86.09,85.97,86.07,3943.804
2026-03-09 21:02:00+00:00,86.07,86.11,86.03,86.08,1047.696
2026-03-09 21:03:00+00:00,86.08,86.2,86.07,86.15,3245.498
2026-03-09 21:04:00+00:00,86.16,86.36,86.15,86.3,9107.374
2026-03-09 21:05:00+00:00,86.29,86.29,86.22,86.23,3457.45
2026-03-09 21:06:00+00:00,86.22,86.24,86.13,86.18,3232.57
2026-03-09 21:07:00+00:00,86.18,86.24,86.17,86.19,1245.973
2026-03-09 21:08:00+00:00,86.18,86.34,86.18,86.29,4918.82
2026-03-09 21:09:00+00:00,86.3,86.33,86.23,86.33,2444.242
2026-03-09 21:10:00+00:00,86.33,86.33,86.21,86.28,1764.505
2026-03-09 21:11:00+00:00,86.28,86.3,86.18,86.19,605.876
2026-03-09 21:12:00+00:00,86.18,86.23,86.16,86.23,425.208
2026-03-09 21:13:00+00:00,86.22,86.24,86.17,86.23,893.937
2026-03-09 21:14:00+00:00,86.22,86.28,86.22,86.28,139.393
2026-03-09 21:15:00+00:00,86.27,86.28,86.22,86.22,246.178
2026-03-09 21:16:00+00:00,86.22,86.24,86.16,86.18,337.012
2026-03-09 21:17:00+00:00,86.17,86.17,86.09,86.1,3035.04
2026-03-09 21:18:00+00:00,86.09,86.24,86.07,86.16,1913.077
2026-03-09 21:19:00+00:00,86.16,86.16,86.06,86.1,1324.2
2026-03-09 21:20:00+00:00,86.1,86.1,86.04,86.07,620.941
2026-03-09 21:21:00+00:00,86.08,86.11,85.99,86.02,5571.93
2026-03-09 21:22:00+00:00,86.01,86.01,85.93,86.0,3913.16
2026-03-09 21:23:00+00:00,86.0,86.01,85.95,85.97,906.754
2026-03-09 21:24:00+00:00,85.97,86.05,85.97,86.04,691.52
2026-03-09 21:25:00+00:00,86.04,86.11,86.03,86.05,712.823
2026-03-09 21:26:00+00:00,86.04,86.04,85.97,86.0,1126.284
2026-03-09 21:27:00+00:00,86.01,86.12,86.0,86.11,582.329
2026-03-09 21:28:00+00:00,86.11,86.18,86.1,86.13,1633.664
2026-03-09 21:29:00+00:00,86.13,86.14,86.03,86.03,908.091
2026-03-09 21:30:00+00:00,86.03,86.05,85.94,86.04,1286.44
2026-03-09 21:31:00+00:00,86.04,86.06,86.01,86.03,453.212
2026-03-09 21:32:00+00:00,86.02,86.03,85.95,85.97,829.958
2026-03-09 21:33:00+00:00,85.97,86.01,85.97,86.01,337.644
2026-03-09 21:34:00+00:00,86.01,86.07,85.99,86.0,1512.221
2026-03-09 21:35:00+00:00,86.0,86.0,85.93,85.96,356.291
2026-03-09 21:36:00+00:00,85.96,85.97,85.94,85.95,462.951
2026-03-09 21:37:00+00:00,85.95,85.95,85.84,85.86,1435.208
2026-03-09 21:38:00+00:00,85.86,85.87,85.76,85.86,1872.319
2026-03-09 21:39:00+00:00,85.87,85.95,85.87,85.95,1430.189
2026-03-09 21:40:00+00:00,85.95,85.95,85.69,85.8,3446.646
2026-03-09 21:41:00+00:00,85.81,85.96,85.81,85.96,1273.146
2026-03-09 21:42:00+00:00,85.96,86.04,85.93,86.0,2657.19
2026-03-09 21:43:00+00:00,86.0,86.04,85.99,86.01,2287.633
2026-03-09 21:44:00+00:00,86.0,86.03,85.97,86.01,999.526
2026-03-09 21:45:00+00:00,86.01,86.02,85.99,85.99,385.239
2026-03-09 21:46:00+00:00,85.98,86.02,85.93,85.98,1575.529
2026-03-09 21:47:00+00:00,85.98,86.02,85.95,85.98,957.975
2026-03-09 21:48:00+00:00,85.98,86.03,85.95,86.03,418.076
2026-03-09 21:49:00+00:00,86.03,86.03,85.95,85.96,790.666
2026-03-09 21:50:00+00:00,85.95,86.03,85.95,86.0,817.788
2026-03-09 21:51:00+00:00,86.0,86.0,85.95,85.98,331.856
2026-03-09 21:52:00+00:00,85.99,86.01,85.92,85.94,421.02
2026-03-09 21:53:00+00:00,85.94,86.0,85.94,85.95,359.99
2026-03-09 21:54:00+00:00,85.95,85.95,85.92,85.94,585.113
2026-03-09 21:55:00+00:00,85.94,85.98,85.94,85.95,510.83
2026-03-09 21:56:00+00:00,85.95,86.0,85.93,86.0,679.704
2026-03-09 21:57:00+00:00,85.99,86.04,85.99,86.04,976.084
2026-03-09 21:58:00+00:00,86.04,86.08,86.03,86.08,855.447
2026-03-09 21:59:00+00:00,86.08,86.2,86.0,86.0,4326.173
2026-03-09 22:00:00+00:00,86.01,86.13,86.01,86.08,1289.452
2026-03-09 22:01:00+00:00,86.07,86.09,86.04,86.06,957.599
2026-03-09 22:02:00+00:00,86.05,86.08,86.03,86.03,1126.057
2026-03-09 22:03:00+00:00,86.04,86.12,85.91,85.93,2536.857
2026-03-09 22:04:00+00:00,85.92,85.95,85.85,85.91,2000.323
2026-03-09 22:05:00+00:00,85.91,86.0,85.91,86.0,1058.446
2026-03-09 22:06:00+00:00,85.99,86.05,85.93,86.05,565.312
2026-03-09 22:07:00+00:00,86.05,86.1,86.02,86.02,678.193
2026-03-09 22:08:00+00:00,86.01,86.05,85.89,85.92,1084.492
2026-03-09 22:09:00+00:00,85.92,85.95,85.89,85.92,4128.546
2026-03-09 22:10:00+00:00,85.92,86.0,85.92,85.97,899.164
2026-03-09 22:11:00+00:00,85.96,86.08,85.94,85.97,1690.374
2026-03-09 22:12:00+00:00,85.96,86.03,85.96,86.01,696.43
2026-03-09 22:13:00+00:00,86.01,86.1,86.01,86.05,1710.533
2026-03-09 22:14:00+00:00,86.04,86.18,86.03,86.18,1484.606
2026-03-09 22:15:00+00:00,86.18,86.18,86.12,86.12,2690.126
2026-03-09 22:16:00+00:00,86.13,86.14,86.11,86.13,1824.447
2026-03-09 22:17:00+00:00,86.14,86.24,86.13,86.2,1199.884
2026-03-09 22:18:00+00:00,86.2,86.22,86.13,86.15,2097.524
2026-03-09 22:19:00+00:00,86.15,86.2,86.12,86.19,614.378
2026-03-09 22:20:00+00:00,86.19,86.26,86.19,86.25,1361.334
2026-03-09 22:21:00+00:00,86.25,86.28,86.22,86.26,1272.706
2026-03-09 22:22:00+00:00,86.26,86.3,86.21,86.21,1666.797
2026-03-09 22:23:00+00:00,86.21,86.21,86.14,86.18,834.854
2026-03-09 22:24:00+00:00,86.18,86.18,86.05,86.07,3465.197
2026-03-09 22:25:00+00:00,86.06,86.14,86.06,86.14,310.396
2026-03-09 22:26:00+00:00,86.14,86.18,86.12,86.14,805.283
2026-03-09 22:27:00+00:00,86.14,86.21,86.14,86.19,709.692
2026-03-09 22:28:00+00:00,86.19,86.25,86.19,86.2,1309.225
2026-03-09 22:29:00+00:00,86.2,86.26,86.18,86.24,1027.24
2026-03-09 22:30:00+00:00,86.24,86.3,86.23,86.23,1676.063
2026-03-09 22:31:00+00:00,86.23,86.24,86.17,86.17,516.412
2026-03-09 22:32:00+00:00,86.18,86.25,86.16,86.24,2982.599
2026-03-09 22:33:00+00:00,86.24,86.25,86.17,86.17,257.122
2026-03-09 22:34:00+00:00,86.17,86.19,86.15,86.19,917.923
2026-03-09 22:35:00+00:00,86.19,86.19,86.05,86.06,2307.259
2026-03-09 22:36:00+00:00,86.07,86.07,85.83,85.94,12501.966
2026-03-09 22:37:00+00:00,85.94,85.94,85.74,85.76,3989.116
2026-03-09 22:38:00+00:00,85.76,85.86,85.7,85.72,3310.906
2026-03-09 22:39:00+00:00,85.71,85.74,85.64,85.74,2171.49
2026-03-09 22:40:00+00:00,85.74,85.81,85.7,85.81,1156.0
2026-03-09 22:41:00+00:00,85.81,85.89,85.81,85.82,9094.361
2026-03-09 22:42:00+00:00,85.82,85.87,85.76,85.84,2346.26
2026-03-09 22:43:00+00:00,85.83,85.87,85.83,85.86,700.642
2026-03-09 22:44:00+00:00,85.86,85.88,85.84,85.87,1406.948
2026-03-09 22:45:00+00:00,85.86,85.87,85.83,85.87,1013.945
2026-03-09 22:46:00+00:00,85.87,85.87,85.72,85.74,6053.947
2026-03-09 22:47:00+00:00,85.75,85.85,85.75,85.85,5723.636
2026-03-09 22:48:00+00:00,85.84,85.85,85.82,85.82,312.143
2026-03-09 22:49:00+00:00,85.82,85.92,85.82,85.9,6152.846
2026-03-09 22:50:00+00:00,85.9,85.92,85.68,85.77,25733.126
2026-03-09 22:51:00+00:00,85.77,85.79,85.59,85.65,3888.921
2026-03-09 22:52:00+00:00,85.66,85.72,85.66,85.68,2016.329
2026-03-09 22:53:00+00:00,85.69,85.7,85.65,85.67,778.585
2026-03-09 22:54:00+00:00,85.66,85.7,85.65,85.69,300.562
2026-03-09 22:55:00+00:00,85.7,85.74,85.68,85.68,13237.432
2026-03-09 22:56:00+00:00,85.68,85.71,85.62,85.66,10870.916
2026-03-09 22:57:00+00:00,85.67,85.67,85.61,85.66,831.037
2026-03-09 22:58:00+00:00,85.66,85.74,85.66,85.72,1779.045
2026-03-09 22:59:00+00:00,85.72,85.75,85.72,85.74,385.302
2026-03-09 23:00:00+00:00,85.73,85.75,85.68,85.72,1958.381
2026-03-09 23:01:00+00:00,85.72,85.72,85.6,85.64,10755.915
2026-03-09 23:02:00+00:00,85.64,85.65,85.63,85.65,600.954
2026-03-09 23:03:00+00:00,85.65,85.67,85.62,85.62,687.005
2026-03-09 23:04:00+00:00,85.63,85.65,85.62,85.65,855.771
2026-03-09 23:05:00+00:00,85.65,85.65,85.52,85.56,1234.188
2026-03-09 23:06:00+00:00,85.57,85.73,85.57,85.73,3437.906
2026-03-09 23:07:00+00:00,85.72,85.91,85.72,85.86,10418.807
2026-03-09 23:08:00+00:00,85.86,86.01,85.85,86.0,4967.176
2026-03-09 23:09:00+00:00,86.0,86.02,85.89,85.9,11967.503
2026-03-09 23:10:00+00:00,85.91,85.92,85.83,85.86,1534.204
2026-03-09 23:11:00+00:00,85.87,85.9,85.77,85.8,4670.894
2026-03-09 23:12:00+00:00,85.79,85.79,85.67,85.68,954.927
2026-03-09 23:13:00+00:00,85.68,85.68,85.61,85.65,2032.995
2026-03-09 23:14:00+00:00,85.66,85.74,85.66,85.72,1180.63
2026-03-09 23:15:00+00:00,85.71,85.72,85.69,85.72,583.389
2026-03-09 23:16:00+00:00,85.71,85.71,85.61,85.61,1139.141
2026-03-09 23:17:00+00:00,85.61,85.62,85.5,85.53,2037.098
2026-03-09 23:18:00+00:00,85.52,85.53,85.4,85.44,850.191
2026-03-09 23:19:00+00:00,85.45,85.48,85.42,85.45,1610.145
2026-03-09 23:20:00+00:00,85.46,85.48,85.41,85.45,1269.338
2026-03-09 23:21:00+00:00,85.45,85.48,85.36,85.37,3134.077
2026-03-09 23:22:00+00:00,85.38,85.38,85.36,85.38,2198.299
2026-03-09 23:23:00+00:00,85.38,85.46,85.32,85.46,1177.768
2026-03-09 23:24:00+00:00,85.45,85.47,85.39,85.39,1144.098
2026-03-09 23:25:00+00:00,85.4,85.42,85.39,85.4,2023.141
2026-03-09 23:26:00+00:00,85.4,85.45,85.4,85.43,1027.641
2026-03-09 23:27:00+00:00,85.42,85.42,85.32,85.33,1440.714
2026-03-09 23:28:00+00:00,85.33,85.33,85.27,85.28,631.314
2026-03-09 23:29:00+00:00,85.29,85.32,85.27,85.28,396.95
2026-03-09 23:30:00+00:00,85.28,85.29,85.22,85.27,1237.969
2026-03-09 23:31:00+00:00,85.27,85.33,85.27,85.32,679.606
2026-03-09 23:32:00+00:00,85.33,85.36,85.32,85.33,1194.521
2026-03-09 23:33:00+00:00,85.33,85.33,85.26,85.28,307.326
2026-03-09 23:34:00+00:00,85.28,85.32,85.27,85.29,1048.918
2026-03-09 23:35:00+00:00,85.29,85.3,85.21,85.23,1695.028
2026-03-09 23:36:00+00:00,85.23,85.27,85.22,85.24,2735.857
2026-03-09 23:37:00+00:00,85.24,85.25,85.21,85.22,192.194
2026-03-09 23:38:00+00:00,85.21,85.25,85.19,85.25,857.479
2026-03-09 23:39:00+00:00,85.25,85.32,85.16,85.2,980.024
2026-03-09 23:40:00+00:00,85.2,85.21,85.12,85.21,2568.921
2026-03-09 23:41:00+00:00,85.21,85.26,85.2,85.21,642.189
2026-03-09 23:42:00+00:00,85.22,85.31,85.21,85.31,2208.817
2026-03-09 23:43:00+00:00,85.31,85.31,85.26,85.27,1275.716
2026-03-09 23:44:00+00:00,85.26,85.26,85.2,85.21,1314.668
2026-03-09 23:45:00+00:00,85.2,85.2,84.89,84.89,29885.538
2026-03-09 23:46:00+00:00,84.9,84.99,84.86,84.9,18885.078
2026-03-09 23:47:00+00:00,84.89,84.99,84.89,84.97,14645.082
2026-03-09 23:48:00+00:00,84.98,85.04,84.97,85.03,3208.128
2026-03-09 23:49:00+00:00,85.03,85.04,84.88,84.92,12753.214
2026-03-09 23:50:00+00:00,84.92,84.95,84.84,84.86,2734.131
2026-03-09 23:51:00+00:00,84.85,84.94,84.84,84.93,1648.929
2026-03-09 23:52:00+00:00,84.92,84.98,84.9,84.95,1386.77
2026-03-09 23:53:00+00:00,84.95,84.99,84.94,84.96,428.675
2026-03-09 23:54:00+00:00,84.95,84.99,84.95,84.98,749.721
2026-03-09 23:55:00+00:00,84.98,84.98,84.87,84.87,1459.871
2026-03-09 23:56:00+00:00,84.88,84.92,84.88,84.91,1468.185
2026-03-09 23:57:00+00:00,84.92,84.95,84.86,84.89,4654.936
2026-03-09 23:58:00+00:00,84.88,84.93,84.88,84.92,1405.872
2026-03-09 23:59:00+00:00,84.92,85.02,84.92,84.96,834.656
2026-03-10 00:00:00+00:00,84.95,84.96,84.89,84.91,1734.21
2026-03-10 00:01:00+00:00,84.9,84.9,84.84,84.9,816.971
2026-03-10 00:02:00+00:00,84.89,84.99,84.83,84.99,1494.452
2026-03-10 00:03:00+00:00,84.98,85.13,84.98,85.07,6107.711
2026-03-10 00:04:00+00:00,85.07,85.07,84.95,84.95,2677.343
2026-03-10 00:05:00+00:00,84.94,84.98,84.93,84.98,419.357
2026-03-10 00:06:00+00:00,84.98,85.03,84.98,85.0,1538.56
2026-03-10 00:07:00+00:00,85.0,85.0,84.94,84.95,505.482
2026-03-10 00:08:00+00:00,84.95,85.0,84.92,84.99,1661.591
2026-03-10 00:09:00+00:00,84.99,85.0,84.94,84.97,1073.044
2026-03-10 00:10:00+00:00,84.96,84.96,84.87,84.89,942.404
2026-03-10 00:11:00+00:00,84.89,84.94,84.87,84.94,1002.883
2026-03-10 00:12:00+00:00,84.94,84.94,84.88,84.89,1388.886
2026-03-10 00:13:00+00:00,84.88,84.97,84.88,84.91,688.16
2026-03-10 00:14:00+00:00,84.91,84.92,84.86,84.88,2559.528
2026-03-10 00:15:00+00:00,84.88,84.98,84.87,84.96,3774.393
2026-03-10 00:16:00+00:00,84.96,85.12,84.96,85.12,5176.895
2026-03-10 00:17:00+00:00,85.12,85.15,85.06,85.1,2070.559
2026-03-10 00:18:00+00:00,85.11,85.24,85.07,85.23,4113.89
2026-03-10 00:19:00+00:00,85.22,85.28,85.2,85.28,2151.307
2026-03-10 00:20:00+00:00,85.28,85.3,85.19,85.19,4493.806
2026-03-10 00:21:00+00:00,85.19,85.24,85.18,85.23,2601.547
2026-03-10 00:22:00+00:00,85.22,85.29,85.16,85.28,582.089
2026-03-10 00:23:00+00:00,85.27,85.27,85.22,85.24,1059.892
2026-03-10 00:24:00+00:00,85.25,85.4,85.25,85.32,1331.405
2026-03-10 00:25:00+00:00,85.32,85.34,85.28,85.32,703.98
2026-03-10 00:26:00+00:00,85.31,85.35,85.28,85.35,193.607
2026-03-10 00:27:00+00:00,85.35,85.55,85.35,85.47,3630.966
2026-03-10 00:28:00+00:00,85.48,85.59,85.48,85.59,2366.536
2026-03-10 00:29:00+00:00,85.58,85.65,85.58,85.62,2315.907
2026-03-10 00:30:00+00:00,85.61,85.62,85.55,85.55,1174.267
2026-03-10 00:31:00+00:00,85.55,85.59,85.5,85.58,8093.744
2026-03-10 00:32:00+00:00,85.59,85.59,85.55,85.56,654.822
2026-03-10 00:33:00+00:00,85.55,85.58,85.47,85.57,1165.062
2026-03-10 00:34:00+00:00,85.57,85.73,85.56,85.71,1713.907
2026-03-10 00:35:00+00:00,85.72,85.9,85.69,85.82,4737.654
2026-03-10 00:36:00+00:00,85.81,85.81,85.69,85.74,2631.449
2026-03-10 00:37:00+00:00,85.75,85.8,85.73,85.74,882.317
2026-03-10 00:38:00+00:00,85.74,85.79,85.73,85.74,662.785
2026-03-10 00:39:00+00:00,85.74,85.77,85.73,85.77,1012.315
2026-03-10 00:40:00+00:00,85.77,85.77,85.69,85.72,862.781
2026-03-10 00:41:00+00:00,85.71,85.71,85.67,85.69,183.27
2026-03-10 00:42:00+00:00,85.68,85.77,85.62,85.77,863.826
2026-03-10 00:43:00+00:00,85.77,85.84,85.77,85.8,960.532
2026-03-10 00:44:00+00:00,85.79,85.82,85.79,85.79,213.72
2026-03-10 00:45:00+00:00,85.8,85.8,85.75,85.79,912.415
2026-03-10 00:46:00+00:00,85.8,85.96,85.8,85.93,1921.63
2026-03-10 00:47:00+00:00,85.92,85.94,85.85,85.88,635.04
2026-03-10 00:48:00+00:00,85.87,85.87,85.74,85.78,935.056
2026-03-10 00:49:00+00:00,85.78,85.85,85.77,85.83,879.873
2026-03-10 00:50:00+00:00,85.82,85.84,85.69,85.69,3387.649
2026-03-10 00:51:00+00:00,85.7,85.75,85.68,85.69,1117.646
2026-03-10 00:52:00+00:00,85.7,85.72,85.67,85.7,1959.444
2026-03-10 00:53:00+00:00,85.71,85.71,85.52,85.57,11741.439
2026-03-10 00:54:00+00:00,85.58,85.6,85.51,85.52,588.668
2026-03-10 00:55:00+00:00,85.52,85.55,85.49,85.53,2137.165
2026-03-10 00:56:00+00:00,85.53,85.61,85.51,85.59,1100.266
2026-03-10 00:57:00+00:00,85.58,85.59,85.55,85.56,170.177
2026-03-10 00:58:00+00:00,85.56,85.59,85.53,85.58,1080.946
2026-03-10 00:59:00+00:00,85.57,85.6,85.55,85.57,889.008
2026-03-10 01:00:00+00:00,85.56,85.56,85.5,85.53,1403.175
2026-03-10 01:01:00+00:00,85.53,85.62,85.51,85.61,1976.968
2026-03-10 01:02:00+00:00,85.62,85.71,85.62,85.64,1165.24
2026-03-10 01:03:00+00:00,85.63,85.67,85.59,85.59,925.132
2026-03-10 01:04:00+00:00,85.58,85.58,85.44,85.44,933.609
2026-03-10 01:05:00+00:00,85.44,85.51,85.38,85.48,783.794
2026-03-10 01:06:00+00:00,85.48,85.66,85.48,85.64,849.632
2026-03-10 01:07:00+00:00,85.64,85.68,85.63,85.65,1137.423
2026-03-10 01:08:00+00:00,85.65,85.68,85.62,85.64,670.001
2026-03-10 01:09:00+00:00,85.64,85.68,85.62,85.67,495.659
2026-03-10 01:10:00+00:00,85.67,85.71,85.64,85.65,1468.954
2026-03-10 01:11:00+00:00,85.66,85.76,85.66,85.72,2649.473
2026-03-10 01:12:00+00:00,85.72,85.74,85.7,85.71,1230.968
2026-03-10 01:13:00+00:00,85.72,85.72,85.67,85.71,416.504
2026-03-10 01:14:00+00:00,85.7,85.71,85.65,85.66,220.42
2026-03-10 01:15:00+00:00,85.66,85.72,85.63,85.64,942.142
2026-03-10 01:16:00+00:00,85.64,85.65,85.58,85.6,370.611
2026-03-10 01:17:00+00:00,85.6,85.61,85.48,85.49,1027.063
2026-03-10 01:18:00+00:00,85.49,85.5,85.4,85.45,1924.02
2026-03-10 01:19:00+00:00,85.45,85.45,85.37,85.39,1981.014
2026-03-10 01:20:00+00:00,85.39,85.39,85.29,85.31,3690.241
2026-03-10 01:21:00+00:00,85.31,85.34,85.26,85.34,2290.388
2026-03-10 01:22:00+00:00,85.34,85.41,85.32,85.33,1072.193
2026-03-10 01:23:00+00:00,85.33,85.41,85.33,85.4,425.613
2026-03-10 01:24:00+00:00,85.41,85.45,85.41,85.43,906.418
2026-03-10 01:25:00+00:00,85.42,85.53,85.38,85.51,643.387
2026-03-10 01:26:00+00:00,85.52,85.52,85.35,85.36,789.448
2026-03-10 01:27:00+00:00,85.36,85.38,85.28,85.28,622.574
2026-03-10 01:28:00+00:00,85.28,85.3,85.28,85.29,365.639
2026-03-10 01:29:00+00:00,85.29,85.33,85.29,85.32,1029.308
2026-03-10 01:30:00+00:00,85.32,85.33,85.26,85.33,404.984
2026-03-10 01:31:00+00:00,85.34,85.43,85.34,85.38,639.575
2026-03-10 01:32:00+00:00,85.37,85.39,85.33,85.35,532.884
2026-03-10 01:33:00+00:00,85.36,85.52,85.36,85.48,1152.618
2026-03-10 01:34:00+00:00,85.47,85.48,85.34,85.34,1763.471
2026-03-10 01:35:00+00:00,85.33,85.36,85.3,85.36,1591.835
2026-03-10 01:36:00+00:00,85.36,85.45,85.34,85.42,402.95
2026-03-10 01:37:00+00:00,85.42,85.42,85.28,85.28,1662.431
2026-03-10 01:38:00+00:00,85.29,85.3,85.11,85.12,3995.584
2026-03-10 01:39:00+00:00,85.13,85.17,85.11,85.12,1432.345
2026-03-10 01:40:00+00:00,85.13,85.17,85.12,85.15,401.129
2026-03-10 01:41:00+00:00,85.15,85.16,85.13,85.16,676.501
2026-03-10 01:42:00+00:00,85.17,85.22,85.16,85.19,273.878
2026-03-10 01:43:00+00:00,85.19,85.23,85.16,85.23,1651.735
2026-03-10 01:44:00+00:00,85.23,85.27,85.18,85.25,1096.881
2026-03-10 01:45:00+00:00,85.25,85.25,85.2,85.21,565.125
2026-03-10 01:46:00+00:00,85.22,85.34,85.21,85.27,1969.301
2026-03-10 01:47:00+00:00,85.28,85.28,85.25,85.28,792.305
2026-03-10 01:48:00+00:00,85.27,85.38,85.27,85.36,1444.715
2026-03-10 01:49:00+00:00,85.36,85.39,85.33,85.37,589.102
2026-03-10 01:50:00+00:00,85.37,85.72,85.37,85.72,3023.826
2026-03-10 01:51:00+00:00,85.71,85.78,85.61,85.66,1408.272
2026-03-10 01:52:00+00:00,85.66,85.72,85.63,85.71,2281.791
2026-03-10 01:53:00+00:00,85.72,85.74,85.67,85.69,589.795
2026-03-10 01:54:00+00:00,85.69,85.71,85.67,85.71,518.929
2026-03-10 01:55:00+00:00,85.72,85.88,85.71,85.86,1247.075
2026-03-10 01:56:00+00:00,85.86,85.97,85.86,85.94,2523.028
2026-03-10 01:57:00+00:00,85.94,85.94,85.75,85.75,2133.494
2026-03-10 01:58:00+00:00,85.75,85.89,85.75,85.84,1642.922
2026-03-10 01:59:00+00:00,85.83,85.84,85.73,85.74,4073.741
2026-03-10 02:00:00+00:00,85.73,85.83,85.7,85.7,2698.395
2026-03-10 02:01:00+00:00,85.7,85.8,85.7,85.8,2421.577
2026-03-10 02:02:00+00:00,85.79,85.8,85.73,85.75,949.604
2026-03-10 02:03:00+00:00,85.74,85.74,85.59,85.63,2155.659
2026-03-10 02:04:00+00:00,85.62,85.63,85.53,85.56,1045.156
2026-03-10 02:05:00+00:00,85.57,85.58,85.46,85.48,1190.176
2026-03-10 02:06:00+00:00,85.49,85.57,85.48,85.57,744.467
2026-03-10 02:07:00+00:00,85.57,85.6,85.55,85.57,433.461
2026-03-10 02:08:00+00:00,85.57,85.57,85.53,85.57,259.624
2026-03-10 02:09:00+00:00,85.56,85.59,85.53,85.59,746.716
2026-03-10 02:10:00+00:00,85.58,85.68,85.58,85.64,951.217
2026-03-10 02:11:00+00:00,85.64,85.65,85.59,85.64,1689.167
2026-03-10 02:12:00+00:00,85.63,85.65,85.6,85.64,716.592
2026-03-10 02:13:00+00:00,85.64,85.68,85.6,85.67,594.34
2026-03-10 02:14:00+00:00,85.68,85.68,85.65,85.66,767.132
2026-03-10 02:15:00+00:00,85.66,85.66,85.6,85.62,345.285
2026-03-10 02:16:00+00:00,85.62,85.69,85.62,85.64,680.327
2026-03-10 02:17:00+00:00,85.65,85.69,85.59,85.59,822.847
2026-03-10 02:18:00+00:00,85.59,85.65,85.57,85.65,1811.634
2026-03-10 02:19:00+00:00,85.65,85.74,85.63,85.73,767.215
2026-03-10 02:20:00+00:00,85.73,85.87,85.68,85.76,1353.626
2026-03-10 02:21:00+00:00,85.76,85.76,85.66,85.66,1807.182
2026-03-10 02:22:00+00:00,85.65,85.65,85.61,85.64,216.925
2026-03-10 02:23:00+00:00,85.64,85.64,85.61,85.64,429.015
2026-03-10 02:24:00+00:00,85.64,85.64,85.57,85.61,588.957
2026-03-10 02:25:00+00:00,85.62,85.71,85.62,85.7,1263.008
2026-03-10 02:26:00+00:00,85.7,85.7,85.6,85.6,688.803
2026-03-10 02:27:00+00:00,85.59,85.62,85.59,85.62,609.842
2026-03-10 02:28:00+00:00,85.61,85.64,85.6,85.62,2083.519
2026-03-10 02:29:00+00:00,85.62,85.74,85.62,85.71,551.083
2026-03-10 02:30:00+00:00,85.72,86.35,85.69,86.18,16654.752
2026-03-10 02:31:00+00:00,86.17,86.28,86.08,86.21,2909.609
2026-03-10 02:32:00+00:00,86.2,86.26,86.09,86.21,5941.868
2026-03-10 02:33:00+00:00,86.21,86.29,86.16,86.28,3342.786
2026-03-10 02:34:00+00:00,86.27,86.43,86.22,86.41,12431.0
2026-03-10 02:35:00+00:00,86.42,86.67,86.34,86.62,10910.182
2026-03-10 02:36:00+00:00,86.61,86.75,86.39,86.43,11534.271
2026-03-10 02:37:00+00:00,86.42,86.46,86.37,86.4,3871.513
2026-03-10 02:38:00+00:00,86.4,86.46,86.28,86.3,9615.774
2026-03-10 02:39:00+00:00,86.3,86.38,86.26,86.37,3496.595
2026-03-10 02:40:00+00:00,86.37,86.49,86.37,86.43,2822.001
2026-03-10 02:41:00+00:00,86.43,86.5,86.37,86.42,1706.562
2026-03-10 02:42:00+00:00,86.42,86.89,86.4,86.85,10629.567
2026-03-10 02:43:00+00:00,86.85,86.88,86.72,86.74,2314.742
2026-03-10 02:44:00+00:00,86.74,86.74,86.58,86.66,6402.169
2026-03-10 02:45:00+00:00,86.66,86.87,86.59,86.7,8596.134
2026-03-10 02:46:00+00:00,86.69,86.76,86.59,86.62,3926.471
2026-03-10 02:47:00+00:00,86.62,86.7,86.6,86.68,1226.459
2026-03-10 02:48:00+00:00,86.67,86.73,86.62,86.7,1173.835
2026-03-10 02:49:00+00:00,86.7,86.91,86.68,86.88,3369.318
2026-03-10 02:50:00+00:00,86.87,86.87,86.74,86.78,4203.429
2026-03-10 02:51:00+00:00,86.78,86.82,86.72,86.73,2683.211
2026-03-10 02:52:00+00:00,86.72,86.72,86.56,86.58,3044.023
2026-03-10 02:53:00+00:00,86.59,86.59,86.5,86.53,1759.54
2026-03-10 02:54:00+00:00,86.54,86.6,86.5,86.59,1841.89
2026-03-10 02:55:00+00:00,86.6,86.63,86.56,86.56,2410.767
2026-03-10 02:56:00+00:00,86.57,86.62,86.49,86.5,1349.696
2026-03-10 02:57:00+00:00,86.49,86.56,86.44,86.56,1030.615
2026-03-10 02:58:00+00:00,86.56,86.63,86.54,86.59,1480.71
2026-03-10 02:59:00+00:00,86.59,86.65,86.57,86.62,992.91
2026-03-10 03:00:00+00:00,86.62,86.63,86.55,86.61,3228.625
2026-03-10 03:01:00+00:00,86.61,86.75,86.6,86.69,3260.149
2026-03-10 03:02:00+00:00,86.69,86.73,86.55,86.57,2063.235
2026-03-10 03:03:00+00:00,86.57,86.61,86.47,86.5,3113.05
2026-03-10 03:04:00+00:00,86.5,86.52,86.36,86.39,4252.89
2026-03-10 03:05:00+00:00,86.39,86.53,86.35,86.53,2494.632
2026-03-10 03:06:00+00:00,86.52,86.52,86.43,86.43,1116.425
2026-03-10 03:07:00+00:00,86.43,86.51,86.41,86.51,1398.798
2026-03-10 03:08:00+00:00,86.52,86.6,86.45,86.51,1224.484
2026-03-10 03:09:00+00:00,86.51,86.54,86.46,86.51,739.698
2026-03-10 03:10:00+00:00,86.52,86.63,86.51,86.62,10096.96
2026-03-10 03:11:00+00:00,86.62,86.69,86.57,86.57,2864.231
2026-03-10 03:12:00+00:00,86.57,86.58,86.51,86.53,850.379
2026-03-10 03:13:00+00:00,86.53,86.63,86.53,86.61,1554.779
2026-03-10 03:14:00+00:00,86.61,86.64,86.59,86.64,1049.049
2026-03-10 03:15:00+00:00,86.64,86.64,86.5,86.54,2315.482
2026-03-10 03:16:00+00:00,86.54,86.59,86.54,86.56,1017.631
2026-03-10 03:17:00+00:00,86.57,86.67,86.57,86.62,3359.489
2026-03-10 03:18:00+00:00,86.62,86.62,86.5,86.56,1120.409
2026-03-10 03:19:00+00:00,86.56,86.58,86.53,86.58,2017.44
2026-03-10 03:20:00+00:00,86.59,86.63,86.51,86.61,2090.887
2026-03-10 03:21:00+00:00,86.6,86.7,86.59,86.6,3176.91
2026-03-10 03:22:00+00:00,86.6,86.6,86.53,86.55,835.762
2026-03-10 03:23:00+00:00,86.55,86.56,86.53,86.54,349.034
2026-03-10 03:24:00+00:00,86.55,86.59,86.55,86.59,866.053
2026-03-10 03:25:00+00:00,86.58,86.58,86.5,86.52,614.549
2026-03-10 03:26:00+00:00,86.51,86.59,86.51,86.58,2272.134
2026-03-10 03:27:00+00:00,86.57,86.57,86.48,86.49,2313.497
2026-03-10 03:28:00+00:00,86.49,86.55,86.49,86.54,1845.261
2026-03-10 03:29:00+00:00,86.54,86.55,86.47,86.51,1601.374
2026-03-10 03:30:00+00:00,86.5,86.53,86.47,86.47,1259.625
2026-03-10 03:31:00+00:00,86.46,86.49,86.43,86.47,2696.522
2026-03-10 03:32:00+00:00,86.48,86.51,86.43,86.45,1079.855
2026-03-10 03:33:00+00:00,86.45,86.54,86.44,86.51,1761.272
2026-03-10 03:34:00+00:00,86.52,86.53,86.46,86.48,595.064
2026-03-10 03:35:00+00:00,86.48,86.48,86.35,86.39,1244.183
2026-03-10 03:36:00+00:00,86.39,86.4,86.31,86.32,1983.167
2026-03-10 03:37:00+00:00,86.32,86.34,86.27,86.33,1428.844
2026-03-10 03:38:00+00:00,86.33,86.34,86.26,86.34,1854.318
2026-03-10 03:39:00+00:00,86.34,86.37,86.29,86.37,1417.212
2026-03-10 03:40:00+00:00,86.36,86.38,86.31,86.33,1582.142
2026-03-10 03:41:00+00:00,86.33,86.38,86.32,86.37,370.54
2026-03-10 03:42:00+00:00,86.36,86.36,86.23,86.27,6387.971
2026-03-10 03:43:00+00:00,86.27,86.27,86.06,86.06,8579.791
2026-03-10 03:44:00+00:00,86.07,86.19,86.06,86.08,2115.239
2026-03-10 03:45:00+00:00,86.08,86.08,85.9,85.96,5750.732
2026-03-10 03:46:00+00:00,85.95,85.97,85.7,85.7,6907.322
2026-03-10 03:47:00+00:00,85.71,85.74,85.6,85.64,13982.369
2026-03-10 03:48:00+00:00,85.65,85.67,85.59,85.64,4207.999
2026-03-10 03:49:00+00:00,85.64,85.73,85.63,85.67,6569.517
2026-03-10 03:50:00+00:00,85.66,85.68,85.58,85.64,5025.344
2026-03-10 03:51:00+00:00,85.63,85.65,85.5,85.62,4718.806
2026-03-10 03:52:00+00:00,85.61,85.8,85.5,85.72,11456.572
2026-03-10 03:53:00+00:00,85.72,85.72,85.61,85.61,1660.287
2026-03-10 03:54:00+00:00,85.62,85.69,85.59,85.68,1355.132
2026-03-10 03:55:00+00:00,85.68,85.71,85.64,85.67,849.321
2026-03-10 03:56:00+00:00,85.67,85.67,85.62,85.65,1681.948
2026-03-10 03:57:00+00:00,85.64,85.66,85.63,85.65,1167.5
2026-03-10 03:58:00+00:00,85.64,85.64,85.5,85.52,3293.135
2026-03-10 03:59:00+00:00,85.52,85.57,85.51,85.55,673.214
2026-03-10 04:00:00+00:00,85.56,85.62,85.55,85.55,1693.659
2026-03-10 04:01:00+00:00,85.55,85.62,85.54,85.62,1084.963
2026-03-10 04:02:00+00:00,85.62,85.69,85.62,85.68,915.118
2026-03-10 04:03:00+00:00,85.69,85.74,85.69,85.7,1886.234
2026-03-10 04:04:00+00:00,85.7,85.79,85.7,85.72,1020.675
2026-03-10 04:05:00+00:00,85.72,85.74,85.65,85.74,671.636
2026-03-10 04:06:00+00:00,85.74,85.74,85.69,85.7,428.118
2026-03-10 04:07:00+00:00,85.7,85.78,85.61,85.76,1125.306
2026-03-10 04:08:00+00:00,85.76,85.79,85.69,85.72,1124.81
2026-03-10 04:09:00+00:00,85.73,85.73,85.6,85.65,2799.242
2026-03-10 04:10:00+00:00,85.66,85.8,85.65,85.74,2106.801
2026-03-10 04:11:00+00:00,85.73,85.82,85.69,85.8,1008.045
2026-03-10 04:12:00+00:00,85.79,85.83,85.63,85.67,8746.366
2026-03-10 04:13:00+00:00,85.67,85.69,85.52,85.56,6520.938
2026-03-10 04:14:00+00:00,85.56,85.63,85.48,85.57,9063.975
2026-03-10 04:15:00+00:00,85.57,85.59,85.42,85.56,4760.862
2026-03-10 04:16:00+00:00,85.57,85.59,85.42,85.45,4158.952
2026-03-10 04:17:00+00:00,85.46,85.49,85.41,85.49,2327.689
2026-03-10 04:18:00+00:00,85.48,85.55,85.44,85.46,1744.229
2026-03-10 04:19:00+00:00,85.45,85.6,85.45,85.58,2259.062
2026-03-10 04:20:00+00:00,85.57,85.65,85.56,85.64,1244.221
2026-03-10 04:21:00+00:00,85.65,85.75,85.64,85.75,550.811
2026-03-10 04:22:00+00:00,85.75,85.85,85.75,85.81,779.575
2026-03-10 04:23:00+00:00,85.8,85.8,85.73,85.78,1188.861
2026-03-10 04:24:00+00:00,85.77,85.78,85.74,85.78,588.527
2026-03-10 04:25:00+00:00,85.77,85.79,85.73,85.78,283.916
2026-03-10 04:26:00+00:00,85.79,85.85,85.79,85.83,1212.845
2026-03-10 04:27:00+00:00,85.83,85.85,85.82,85.85,435.306
2026-03-10 04:28:00+00:00,85.85,85.89,85.84,85.87,344.984
2026-03-10 04:29:00+00:00,85.88,85.9,85.82,85.82,900.461
2026-03-10 04:30:00+00:00,85.82,85.9,85.82,85.85,666.222
2026-03-10 04:31:00+00:00,85.86,85.91,85.8,85.91,548.844
2026-03-10 04:32:00+00:00,85.9,85.9,85.8,85.82,555.44
2026-03-10 04:33:00+00:00,85.81,85.94,85.81,85.93,553.494
2026-03-10 04:34:00+00:00,85.93,86.0,85.93,85.96,1555.919
2026-03-10 04:35:00+00:00,85.95,86.0,85.95,86.0,841.498
2026-03-10 04:36:00+00:00,86.01,86.23,86.0,86.22,2743.293
2026-03-10 04:37:00+00:00,86.21,86.26,86.2,86.2,1956.11
2026-03-10 04:38:00+00:00,86.21,86.31,86.18,86.21,1125.162
2026-03-10 04:39:00+00:00,86.2,86.23,86.17,86.23,527.006
2026-03-10 04:40:00+00:00,86.23,86.33,86.23,86.32,986.79
2026-03-10 04:41:00+00:00,86.32,86.35,86.18,86.23,6482.118
2026-03-10 04:42:00+00:00,86.23,86.23,86.16,86.18,373.815
2026-03-10 04:43:00+00:00,86.18,86.23,86.17,86.2,879.032
2026-03-10 04:44:00+00:00,86.21,86.23,86.19,86.2,934.786
2026-03-10 04:45:00+00:00,86.2,86.26,86.2,86.26,667.534
2026-03-10 04:46:00+00:00,86.25,86.26,86.16,86.21,424.963
2026-03-10 04:47:00+00:00,86.21,86.24,86.14,86.16,811.228
2026-03-10 04:48:00+00:00,86.16,86.24,86.16,86.21,1066.86
2026-03-10 04:49:00+00:00,86.2,86.28,86.2,86.26,2028.117
2026-03-10 04:50:00+00:00,86.25,86.25,86.13,86.13,2160.244
2026-03-10 04:51:00+00:00,86.13,86.17,86.13,86.17,316.154
2026-03-10 04:52:00+00:00,86.17,86.26,86.17,86.24,375.415
2026-03-10 04:53:00+00:00,86.24,86.28,86.22,86.24,752.265
2026-03-10 04:54:00+00:00,86.23,86.31,86.23,86.31,921.011
2026-03-10 04:55:00+00:00,86.31,86.41,86.3,86.4,1507.2
2026-03-10 04:56:00+00:00,86.41,86.65,86.41,86.59,7493.068
2026-03-10 04:57:00+00:00,86.59,86.59,86.51,86.53,1787.533
2026-03-10 04:58:00+00:00,86.53,86.54,86.51,86.52,435.228
2026-03-10 04:59:00+00:00,86.51,86.54,86.49,86.54,1407.729
2026-03-10 05:00:00+00:00,86.54,86.57,86.45,86.5,2454.618
2026-03-10 05:01:00+00:00,86.5,86.7,86.49,86.67,4676.018
2026-03-10 05:02:00+00:00,86.67,86.72,86.64,86.72,4464.721
2026-03-10 05:03:00+00:00,86.72,86.74,86.66,86.72,1248.159
2026-03-10 05:04:00+00:00,86.73,86.73,86.67,86.69,1381.185
2026-03-10 05:05:00+00:00,86.69,86.74,86.65,86.74,2281.841
2026-03-10 05:06:00+00:00,86.73,86.79,86.68,86.69,2575.612
2026-03-10 05:07:00+00:00,86.69,86.69,86.64,86.66,857.847
2026-03-10 05:08:00+00:00,86.67,86.7,86.62,86.68,2195.679
2026-03-10 05:09:00+00:00,86.69,86.7,86.63,86.64,991.509
2026-03-10 05:10:00+00:00,86.65,86.75,86.65,86.66,3506.737
2026-03-10 05:11:00+00:00,86.67,86.7,86.64,86.7,1869.977
2026-03-10 05:12:00+00:00,86.71,86.76,86.7,86.76,642.524
2026-03-10 05:13:00+00:00,86.76,86.91,86.7,86.74,6775.54
2026-03-10 05:14:00+00:00,86.75,86.76,86.67,86.68,2282.787
2026-03-10 05:15:00+00:00,86.68,86.71,86.67,86.7,504.822
2026-03-10 05:16:00+00:00,86.69,86.82,86.66,86.79,2636.101
2026-03-10 05:17:00+00:00,86.78,86.99,86.74,86.91,6194.375
2026-03-10 05:18:00+00:00,86.91,86.91,86.71,86.71,2608.216
2026-03-10 05:19:00+00:00,86.71,86.79,86.71,86.76,1458.776
2026-03-10 05:20:00+00:00,86.76,86.77,86.66,86.71,1667.852
2026-03-10 05:21:00+00:00,86.71,86.73,86.64,86.67,2086.196
2026-03-10 05:22:00+00:00,86.67,86.77,86.67,86.76,1537.136
2026-03-10 05:23:00+00:00,86.75,86.76,86.6,86.63,834.336
2026-03-10 05:24:00+00:00,86.62,86.63,86.58,86.63,1357.577
2026-03-10 05:25:00+00:00,86.63,86.73,86.6,86.73,4715.045
2026-03-10 05:26:00+00:00,86.72,86.75,86.67,86.68,2352.427
2026-03-10 05:27:00+00:00,86.69,86.72,86.65,86.68,2146.302
2026-03-10 05:28:00+00:00,86.67,86.7,86.64,86.65,835.267
2026-03-10 05:29:00+00:00,86.64,86.69,86.64,86.69,2053.752
2026-03-10 05:30:00+00:00,86.68,86.73,86.6,86.73,5390.557
2026-03-10 05:31:00+00:00,86.74,86.75,86.65,86.69,2149.71
2026-03-10 05:32:00+00:00,86.69,86.75,86.69,86.73,508.029
2026-03-10 05:33:00+00:00,86.72,86.8,86.72,86.76,1696.751
2026-03-10 05:34:00+00:00,86.76,86.77,86.71,86.72,2448.529
2026-03-10 05:35:00+00:00,86.72,86.73,86.63,86.63,676.724
2026-03-10 05:36:00+00:00,86.64,86.68,86.47,86.54,1448.669
2026-03-10 05:37:00+00:00,86.54,86.54,86.48,86.5,1513.388
2026-03-10 05:38:00+00:00,86.49,86.5,86.4,86.48,2162.496
2026-03-10 05:39:00+00:00,86.49,86.52,86.44,86.45,2040.683
2026-03-10 05:40:00+00:00,86.45,86.46,86.37,86.4,402.313
2026-03-10 05:41:00+00:00,86.39,86.48,86.39,86.47,1450.583
2026-03-10 05:42:00+00:00,86.46,86.47,86.46,86.47,301.903
2026-03-10 05:43:00+00:00,86.47,86.54,86.46,86.49,865.109
2026-03-10 05:44:00+00:00,86.48,86.48,86.42,86.42,517.551
2026-03-10 05:45:00+00:00,86.42,86.45,86.38,86.43,1690.547
2026-03-10 05:46:00+00:00,86.42,86.43,86.39,86.39,379.357
2026-03-10 05:47:00+00:00,86.4,86.41,86.34,86.35,1075.04
2026-03-10 05:48:00+00:00,86.35,86.41,86.34,86.41,10519.8
2026-03-10 05:49:00+00:00,86.41,86.41,86.35,86.35,553.307
2026-03-10 05:50:00+00:00,86.34,86.4,86.34,86.38,778.754
2026-03-10 05:51:00+00:00,86.39,86.41,86.37,86.38,1003.671
2026-03-10 05:52:00+00:00,86.39,86.44,86.37,86.43,186.114
2026-03-10 05:53:00+00:00,86.43,86.44,86.4,86.41,601.822
2026-03-10 05:54:00+00:00,86.42,86.44,86.41,86.42,763.785
2026-03-10 05:55:00+00:00,86.42,86.47,86.38,86.38,1475.974
2026-03-10 05:56:00+00:00,86.38,86.41,86.34,86.41,1104.677
2026-03-10 05:57:00+00:00,86.4,86.42,86.39,86.4,855.025
2026-03-10 05:58:00+00:00,86.39,86.43,86.39,86.4,370.898
2026-03-10 05:59:00+00:00,86.39,86.41,86.35,86.4,1291.909
2026-03-10 06:00:00+00:00,86.41,86.43,86.3,86.31,955.388
2026-03-10 06:01:00+00:00,86.32,86.33,86.27,86.27,1659.808
2026-03-10 06:02:00+00:00,86.28,86.32,86.28,86.31,533.404
2026-03-10 06:03:00+00:00,86.31,86.32,86.27,86.31,1538.789
2026-03-10 06:04:00+00:00,86.32,86.32,86.25,86.27,774.947
2026-03-10 06:05:00+00:00,86.26,86.29,86.26,86.29,750.993
2026-03-10 06:06:00+00:00,86.29,86.33,86.29,86.32,499.28
2026-03-10 06:07:00+00:00,86.33,86.33,86.25,86.29,1034.378
2026-03-10 06:08:00+00:00,86.29,86.31,86.25,86.25,1155.317
2026-03-10 06:09:00+00:00,86.25,86.33,86.23,86.33,1764.089
2026-03-10 06:10:00+00:00,86.32,86.33,86.19,86.19,2238.569
2026-03-10 06:11:00+00:00,86.19,86.25,86.19,86.24,488.887
2026-03-10 06:12:00+00:00,86.23,86.23,86.2,86.21,454.872
2026-03-10 06:13:00+00:00,86.21,86.23,86.19,86.22,239.975
2026-03-10 06:14:00+00:00,86.21,86.26,86.21,86.26,1386.855
2026-03-10 06:15:00+00:00,86.25,86.26,86.2,86.21,233.123
2026-03-10 06:16:00+00:00,86.22,86.22,86.09,86.12,2240.849
2026-03-10 06:17:00+00:00,86.12,86.13,86.05,86.06,607.503
2026-03-10 06:18:00+00:00,86.06,86.11,86.03,86.09,1856.845
2026-03-10 06:19:00+00:00,86.09,86.12,86.08,86.09,411.846
2026-03-10 06:20:00+00:00,86.09,86.09,86.01,86.01,857.207
2026-03-10 06:21:00+00:00,86.01,86.05,85.99,86.03,1801.558
2026-03-10 06:22:00+00:00,86.03,86.09,86.03,86.06,492.694
2026-03-10 06:23:00+00:00,86.06,86.08,86.02,86.08,1070.568
2026-03-10 06:24:00+00:00,86.08,86.16,86.06,86.14,597.002
2026-03-10 06:25:00+00:00,86.15,86.32,86.15,86.29,1910.606
2026-03-10 06:26:00+00:00,86.3,86.42,86.26,86.41,3880.876
2026-03-10 06:27:00+00:00,86.41,86.59,86.41,86.57,3923.348
2026-03-10 06:28:00+00:00,86.57,86.63,86.55,86.61,5835.371
2026-03-10 06:29:00+00:00,86.61,86.67,86.57,86.65,1456.07
2026-03-10 06:30:00+00:00,86.64,86.67,86.56,86.67,2685.642
2026-03-10 06:31:00+00:00,86.68,86.69,86.59,86.67,863.68
2026-03-10 06:32:00+00:00,86.66,86.69,86.61,86.61,1380.996
2026-03-10 06:33:00+00:00,86.62,86.62,86.53,86.55,2025.05
2026-03-10 06:34:00+00:00,86.54,86.55,86.47,86.55,744.612
2026-03-10 06:35:00+00:00,86.54,86.54,86.37,86.38,1424.8
2026-03-10 06:36:00+00:00,86.39,86.45,86.39,86.39,934.264
2026-03-10 06:37:00+00:00,86.39,86.44,86.39,86.42,230.225
2026-03-10 06:38:00+00:00,86.42,86.46,86.42,86.45,1703.127
2026-03-10 06:39:00+00:00,86.45,86.52,86.45,86.52,1164.683
2026-03-10 06:40:00+00:00,86.52,86.52,86.43,86.44,768.936
2026-03-10 06:41:00+00:00,86.44,86.48,86.43,86.44,647.186
2026-03-10 06:42:00+00:00,86.43,86.45,86.42,86.43,266.072
2026-03-10 06:43:00+00:00,86.42,86.42,86.34,86.34,480.446
2026-03-10 06:44:00+00:00,86.35,86.41,86.34,86.38,330.096
2026-03-10 06:45:00+00:00,86.38,86.38,86.27,86.32,727.754
2026-03-10 06:46:00+00:00,86.31,86.33,86.29,86.33,641.696
2026-03-10 06:47:00+00:00,86.33,86.41,86.3,86.31,577.836
2026-03-10 06:48:00+00:00,86.31,86.34,86.3,86.32,640.919
2026-03-10 06:49:00+00:00,86.31,86.35,86.25,86.34,1849.158
2026-03-10 06:50:00+00:00,86.34,86.4,86.3,86.37,3039.276
2026-03-10 06:51:00+00:00,86.36,86.37,86.3,86.37,1423.59
2026-03-10 06:52:00+00:00,86.36,86.36,86.32,86.33,2007.726
2026-03-10 06:53:00+00:00,86.34,86.36,86.33,86.36,521.923
2026-03-10 06:54:00+00:00,86.35,86.36,86.31,86.31,356.514
2026-03-10 06:55:00+00:00,86.32,86.32,86.28,86.29,633.314
2026-03-10 06:56:00+00:00,86.28,86.3,86.26,86.28,183.44
2026-03-10 06:57:00+00:00,86.29,86.34,86.29,86.31,423.459
2026-03-10 06:58:00+00:00,86.31,86.34,86.3,86.34,229.664
2026-03-10 06:59:00+00:00,86.35,86.42,86.34,86.35,3441.049
2026-03-10 07:00:00+00:00,86.36,86.36,86.3,86.32,1468.103
2026-03-10 07:01:00+00:00,86.31,86.32,86.22,86.26,3662.241
2026-03-10 07:02:00+00:00,86.26,86.36,86.24,86.25,1340.067
2026-03-10 07:03:00+00:00,86.24,86.26,86.2,86.21,1421.071
2026-03-10 07:04:00+00:00,86.21,86.26,86.21,86.24,1558.819
2026-03-10 07:05:00+00:00,86.24,86.48,86.23,86.41,3853.692
2026-03-10 07:06:00+00:00,86.41,86.46,86.36,86.43,1210.302
2026-03-10 07:07:00+00:00,86.42,86.66,86.35,86.63,9930.645
2026-03-10 07:08:00+00:00,86.62,86.68,86.38,86.39,8921.194
2026-03-10 07:09:00+00:00,86.38,86.39,86.31,86.38,1565.598
2026-03-10 07:10:00+00:00,86.38,86.69,86.36,86.64,11962.766
2026-03-10 07:11:00+00:00,86.64,86.65,86.49,86.5,1144.043
2026-03-10 07:12:00+00:00,86.5,86.52,86.42,86.5,828.412
2026-03-10 07:13:00+00:00,86.51,86.52,86.48,86.52,517.89
2026-03-10 07:14:00+00:00,86.51,86.51,86.47,86.47,1940.39
2026-03-10 07:15:00+00:00,86.46,86.52,86.43,86.49,1507.2
2026-03-10 07:16:00+00:00,86.48,86.58,86.48,86.57,402.541
2026-03-10 07:17:00+00:00,86.58,86.69,86.55,86.64,1818.749
2026-03-10 07:18:00+00:00,86.64,86.64,86.51,86.54,372.171
2026-03-10 07:19:00+00:00,86.54,86.63,86.53,86.63,2081.972
2026-03-10 07:20:00+00:00,86.63,86.65,86.55,86.56,1120.459
2026-03-10 07:21:00+00:00,86.56,86.62,86.51,86.58,2000.226
2026-03-10 07:22:00+00:00,86.57,86.7,86.56,86.63,8977.072
2026-03-10 07:23:00+00:00,86.62,86.77,86.62,86.76,1695.925
2026-03-10 07:24:00+00:00,86.76,86.9,86.72,86.73,3631.098
2026-03-10 07:25:00+00:00,86.72,86.72,86.63,86.67,1500.392
2026-03-10 07:26:00+00:00,86.67,86.68,86.62,86.63,2133.774
2026-03-10 07:27:00+00:00,86.63,86.67,86.62,86.62,1094.844
2026-03-10 07:28:00+00:00,86.62,86.62,86.55,86.57,3548.757
2026-03-10 07:29:00+00:00,86.58,86.67,86.58,86.67,623.103
2026-03-10 07:30:00+00:00,86.66,86.66,86.57,86.62,3025.403
2026-03-10 07:31:00+00:00,86.61,86.65,86.61,86.64,1540.237
2026-03-10 07:32:00+00:00,86.64,86.7,86.57,86.67,6078.564
2026-03-10 07:33:00+00:00,86.66,86.83,86.65,86.81,3766.806
2026-03-10 07:34:00+00:00,86.81,86.85,86.75,86.8,4421.228
2026-03-10 07:35:00+00:00,86.79,86.88,86.78,86.84,3876.718
2026-03-10 07:36:00+00:00,86.83,86.89,86.78,86.87,4829.713
2026-03-10 07:37:00+00:00,86.86,86.86,86.8,86.82,2616.836
2026-03-10 07:38:00+00:00,86.83,86.84,86.76,86.77,2178.752
2026-03-10 07:39:00+00:00,86.77,86.83,86.76,86.77,2047.072
2026-03-10 07:40:00+00:00,86.76,86.8,86.74,86.75,2012.757
2026-03-10 07:41:00+00:00,86.76,86.79,86.73,86.74,2151.934
2026-03-10 07:42:00+00:00,86.74,86.75,86.7,86.73,1671.667
2026-03-10 07:43:00+00:00,86.72,86.73,86.67,86.68,1548.479
2026-03-10 07:44:00+00:00,86.68,86.75,86.65,86.66,4718.471
2026-03-10 07:45:00+00:00,86.66,86.67,86.59,86.6,3037.778
2026-03-10 07:46:00+00:00,86.61,86.66,86.6,86.61,3552.664
2026-03-10 07:47:00+00:00,86.6,86.62,86.57,86.58,2023.494
2026-03-10 07:48:00+00:00,86.57,86.6,86.57,86.59,1515.301
2026-03-10 07:49:00+00:00,86.59,86.71,86.57,86.7,3636.765
2026-03-10 07:50:00+00:00,86.7,86.74,86.63,86.73,2594.813
2026-03-10 07:51:00+00:00,86.72,86.72,86.59,86.63,2122.364
2026-03-10 07:52:00+00:00,86.63,86.63,86.57,86.61,1513.752
2026-03-10 07:53:00+00:00,86.62,86.62,86.55,86.55,5655.581
2026-03-10 07:54:00+00:00,86.56,86.61,86.55,86.58,3158.163
2026-03-10 07:55:00+00:00,86.57,86.64,86.57,86.61,1724.45
2026-03-10 07:56:00+00:00,86.61,86.61,86.49,86.51,6043.825
2026-03-10 07:57:00+00:00,86.5,86.58,86.5,86.58,2395.756
2026-03-10 07:58:00+00:00,86.58,86.61,86.56,86.61,1073.009
2026-03-10 07:59:00+00:00,86.61,86.7,86.61,86.7,2608.641
2026-03-10 08:00:00+00:00,86.71,86.88,86.71,86.88,6080.227
2026-03-10 08:01:00+00:00,86.88,86.94,86.87,86.9,1429.769
2026-03-10 08:02:00+00:00,86.9,86.93,86.83,86.9,4363.296
2026-03-10 08:03:00+00:00,86.91,86.92,86.83,86.84,1989.501
2026-03-10 08:04:00+00:00,86.84,86.95,86.84,86.89,1472.809
2026-03-10 08:05:00+00:00,86.88,87.11,86.84,86.93,14299.578
2026-03-10 08:06:00+00:00,86.94,86.98,86.65,86.72,4935.779
2026-03-10 08:07:00+00:00,86.73,87.17,86.73,87.12,6924.419
2026-03-10 08:08:00+00:00,87.11,87.35,87.11,87.31,6537.214
2026-03-10 08:09:00+00:00,87.3,87.39,87.22,87.37,4237.108
2026-03-10 08:10:00+00:00,87.37,87.43,87.28,87.29,3622.211
2026-03-10 08:11:00+00:00,87.29,87.29,87.14,87.17,3493.056
2026-03-10 08:12:00+00:00,87.17,87.17,87.08,87.11,9938.402
2026-03-10 08:13:00+00:00,87.1,87.12,87.05,87.07,6352.371
2026-03-10 08:14:00+00:00,87.07,87.08,87.03,87.08,3561.02
2026-03-10 08:15:00+00:00,87.07,87.17,87.01,87.07,8105.255
2026-03-10 08:16:00+00:00,87.07,87.13,86.86,86.87,12181.411
2026-03-10 08:17:00+00:00,86.87,86.87,86.79,86.83,3311.95
2026-03-10 08:18:00+00:00,86.84,86.97,86.82,86.97,3769.424
2026-03-10 08:19:00+00:00,86.96,87.07,86.96,87.06,1500.176
2026-03-10 08:20:00+00:00,87.05,87.06,87.0,87.06,2337.974
2026-03-10 08:21:00+00:00,87.05,87.19,87.03,87.13,4477.501
2026-03-10 08:22:00+00:00,87.13,87.2,87.07,87.15,1986.921
2026-03-10 08:23:00+00:00,87.14,87.19,87.0,87.01,3328.902
2026-03-10 08:24:00+00:00,87.0,87.12,87.0,87.07,891.259
2026-03-10 08:25:00+00:00,87.06,87.06,87.0,87.04,1093.454
2026-03-10 08:26:00+00:00,87.05,87.06,87.0,87.01,515.609
2026-03-10 08:27:00+00:00,87.01,87.06,87.0,87.06,1368.337
2026-03-10 08:28:00+00:00,87.06,87.07,86.99,86.99,705.679
2026-03-10 08:29:00+00:00,86.99,87.07,86.99,87.04,1232.417
2026-03-10 08:30:00+00:00,87.04,87.14,87.04,87.13,779.211
2026-03-10 08:31:00+00:00,87.13,87.3,87.13,87.19,1581.483
2026-03-10 08:32:00+00:00,87.18,87.29,87.17,87.26,1664.564
2026-03-10 08:33:00+00:00,87.26,87.3,87.17,87.21,2034.581
2026-03-10 08:34:00+00:00,87.21,87.28,87.1,87.13,2726.104
2026-03-10 08:35:00+00:00,87.13,87.19,87.02,87.02,10518.164
2026-03-10 08:36:00+00:00,87.02,87.02,86.88,86.91,2117.264
2026-03-10 08:37:00+00:00,86.91,86.91,86.75,86.89,1878.73
2026-03-10 08:38:00+00:00,86.9,86.9,86.71,86.75,2936.752
2026-03-10 08:39:00+00:00,86.75,86.89,86.75,86.88,2390.769
2026-03-10 08:40:00+00:00,86.87,87.01,86.86,87.01,1986.962
2026-03-10 08:41:00+00:00,87.01,87.1,86.97,87.1,1923.975
2026-03-10 08:42:00+00:00,87.11,87.26,87.09,87.23,3165.096
2026-03-10 08:43:00+00:00,87.22,87.23,87.11,87.15,3000.643
2026-03-10 08:44:00+00:00,87.15,87.23,87.15,87.15,2710.072
2026-03-10 08:45:00+00:00,87.15,87.16,86.99,87.01,2061.131
2026-03-10 08:46:00+00:00,87.02,87.02,86.93,86.96,2057.331
2026-03-10 08:47:00+00:00,86.95,87.0,86.93,86.94,730.341
2026-03-10 08:48:00+00:00,86.93,86.99,86.92,86.99,1550.301
2026-03-10 08:49:00+00:00,86.99,86.99,86.94,86.95,941.479
2026-03-10 08:50:00+00:00,86.96,86.97,86.93,86.94,746.661
2026-03-10 08:51:00+00:00,86.94,86.94,86.74,86.8,4055.841
2026-03-10 08:52:00+00:00,86.8,86.8,86.58,86.67,4371.437
2026-03-10 08:53:00+00:00,86.67,86.72,86.65,86.69,2670.011
2026-03-10 08:54:00+00:00,86.69,86.73,86.67,86.73,785.163
2026-03-10 08:55:00+00:00,86.73,86.77,86.71,86.71,725.56
2026-03-10 08:56:00+00:00,86.71,86.73,86.68,86.71,1392.474
2026-03-10 08:57:00+00:00,86.72,86.73,86.68,86.68,933.177
2026-03-10 08:58:00+00:00,86.69,86.71,86.65,86.65,1997.485
2026-03-10 08:59:00+00:00,86.65,86.71,86.64,86.71,1128.307
2026-03-10 09:00:00+00:00,86.71,86.73,86.65,86.7,906.453
2026-03-10 09:01:00+00:00,86.71,86.76,86.64,86.75,2267.463
2026-03-10 09:02:00+00:00,86.75,86.75,86.69,86.74,399.124
2026-03-10 09:03:00+00:00,86.73,86.77,86.73,86.74,412.255
2026-03-10 09:04:00+00:00,86.74,86.74,86.68,86.7,831.447
2026-03-10 09:05:00+00:00,86.7,86.74,86.66,86.73,461.482
2026-03-10 09:06:00+00:00,86.72,86.78,86.72,86.75,658.336
2026-03-10 09:07:00+00:00,86.75,86.77,86.73,86.77,685.414
2026-03-10 09:08:00+00:00,86.77,86.77,86.75,86.77,170.945
2026-03-10 09:09:00+00:00,86.77,86.86,86.74,86.78,1696.801
2026-03-10 09:10:00+00:00,86.78,86.89,86.76,86.89,913.039
2026-03-10 09:11:00+00:00,86.89,86.89,86.79,86.84,1922.602
2026-03-10 09:12:00+00:00,86.83,86.97,86.83,86.91,968.724
2026-03-10 09:13:00+00:00,86.9,86.94,86.87,86.93,627.276
2026-03-10 09:14:00+00:00,86.93,86.96,86.88,86.88,899.37
2026-03-10 09:15:00+00:00,86.88,86.88,86.78,86.82,329.644
2026-03-10 09:16:00+00:00,86.82,86.84,86.74,86.77,2203.87
2026-03-10 09:17:00+00:00,86.78,86.85,86.77,86.83,900.732
2026-03-10 09:18:00+00:00,86.83,86.95,86.83,86.95,1124.39
2026-03-10 09:19:00+00:00,86.94,86.95,86.87,86.88,1178.993
2026-03-10 09:20:00+00:00,86.88,86.88,86.79,86.8,759.681
2026-03-10 09:21:00+00:00,86.8,86.97,86.8,86.93,1467.662
2026-03-10 09:22:00+00:00,86.93,87.07,86.89,87.07,10959.715
2026-03-10 09:23:00+00:00,87.07,87.27,87.04,87.26,18685.14
2026-03-10 09:24:00+00:00,87.27,87.46,87.14,87.4,10063.425
2026-03-10 09:25:00+00:00,87.41,87.48,87.16,87.21,5159.562
2026-03-10 09:26:00+00:00,87.2,87.32,87.16,87.27,3775.537
2026-03-10 09:27:00+00:00,87.27,87.38,87.25,87.37,3458.425
2026-03-10 09:28:00+00:00,87.36,87.37,87.22,87.22,2255.454
2026-03-10 09:29:00+00:00,87.22,87.3,87.2,87.27,2280.149
2026-03-10 09:30:00+00:00,87.27,87.29,87.18,87.21,2836.634
2026-03-10 09:31:00+00:00,87.22,87.27,87.2,87.27,857.176
2026-03-10 09:32:00+00:00,87.26,87.29,87.21,87.24,1686.051
2026-03-10 09:33:00+00:00,87.23,87.23,87.19,87.19,2507.416
2026-03-10 09:34:00+00:00,87.2,87.23,87.15,87.22,2111.273
2026-03-10 09:35:00+00:00,87.22,87.24,87.18,87.24,1785.68
2026-03-10 09:36:00+00:00,87.23,87.29,87.21,87.23,1822.602
2026-03-10 09:37:00+00:00,87.24,87.44,87.23,87.37,6862.505
2026-03-10 09:38:00+00:00,87.37,87.39,87.31,87.31,2850.842
2026-03-10 09:39:00+00:00,87.32,87.34,87.29,87.31,3005.328
2026-03-10 09:40:00+00:00,87.31,87.4,87.3,87.37,10686.307
2026-03-10 09:41:00+00:00,87.38,87.4,87.28,87.28,4580.21
2026-03-10 09:42:00+00:00,87.29,87.29,87.21,87.23,3352.43
2026-03-10 09:43:00+00:00,87.24,87.28,87.2,87.28,876.338
2026-03-10 09:44:00+00:00,87.28,87.3,87.23,87.3,2265.897
2026-03-10 09:45:00+00:00,87.29,87.29,87.17,87.2,1226.852
2026-03-10 09:46:00+00:00,87.2,87.21,87.16,87.18,952.624
2026-03-10 09:47:00+00:00,87.18,87.2,87.09,87.12,1776.273
2026-03-10 09:48:00+00:00,87.13,87.21,87.12,87.21,611.161
2026-03-10 09:49:00+00:00,87.21,87.21,87.18,87.2,674.618
2026-03-10 09:50:00+00:00,87.2,87.26,87.19,87.26,1411.629
2026-03-10 09:51:00+00:00,87.25,87.3,87.22,87.28,650.393
2026-03-10 09:52:00+00:00,87.27,87.31,87.21,87.31,948.91
2026-03-10 09:53:00+00:00,87.31,87.31,87.23,87.24,854.935
2026-03-10 09:54:00+00:00,87.23,87.27,87.23,87.25,849.086
2026-03-10 09:55:00+00:00,87.26,87.29,87.22,87.22,425.29
2026-03-10 09:56:00+00:00,87.22,87.26,87.21,87.25,1312.649
2026-03-10 09:57:00+00:00,87.25,87.25,87.22,87.23,417.563
2026-03-10 09:58:00+00:00,87.24,87.25,87.22,87.25,681.387
2026-03-10 09:59:00+00:00,87.24,87.27,87.21,87.24,2233.197
2026-03-10 10:00:00+00:00,87.23,87.26,87.17,87.21,1538.038
2026-03-10 10:01:00+00:00,87.21,87.22,87.15,87.15,763.293
2026-03-10 10:02:00+00:00,87.16,87.37,87.16,87.29,11543.125
2026-03-10 10:03:00+00:00,87.29,87.32,87.25,87.32,2397.358
2026-03-10 10:04:00+00:00,87.32,87.42,87.31,87.35,3495.036
2026-03-10 10:05:00+00:00,87.36,87.48,87.34,87.47,2376.577
2026-03-10 10:06:00+00:00,87.48,87.67,87.46,87.49,15936.313
2026-03-10 10:07:00+00:00,87.5,87.52,87.38,87.45,2285.278
2026-03-10 10:08:00+00:00,87.45,87.45,87.29,87.29,2012.093
2026-03-10 10:09:00+00:00,87.29,87.32,87.29,87.3,835.106
2026-03-10 10:10:00+00:00,87.29,87.3,87.26,87.27,1012.561
2026-03-10 10:11:00+00:00,87.28,87.31,87.27,87.3,870.228
2026-03-10 10:12:00+00:00,87.3,87.33,87.28,87.3,654.495
2026-03-10 10:13:00+00:00,87.29,87.3,87.14,87.15,2561.335
2026-03-10 10:14:00+00:00,87.16,87.22,87.15,87.21,1428.371
2026-03-10 10:15:00+00:00,87.2,87.21,87.16,87.16,1380.57
2026-03-10 10:16:00+00:00,87.17,87.2,87.13,87.14,1178.85
2026-03-10 10:17:00+00:00,87.14,87.16,87.0,87.07,3279.409
2026-03-10 10:18:00+00:00,87.06,87.12,87.06,87.12,460.777
2026-03-10 10:19:00+00:00,87.11,87.12,87.01,87.04,1791.948
2026-03-10 10:20:00+00:00,87.04,87.09,87.03,87.08,784.55
2026-03-10 10:21:00+00:00,87.09,87.12,87.08,87.09,938.785
2026-03-10 10:22:00+00:00,87.1,87.12,87.05,87.11,1739.155
2026-03-10 10:23:00+00:00,87.1,87.15,87.08,87.15,556.045
2026-03-10 10:24:00+00:00,87.14,87.15,87.07,87.1,1471.365
2026-03-10 10:25:00+00:00,87.09,87.14,87.09,87.09,968.956
2026-03-10 10:26:00+00:00,87.09,87.11,87.07,87.07,238.104
2026-03-10 10:27:00+00:00,87.07,87.1,87.07,87.1,1112.4
2026-03-10 10:28:00+00:00,87.1,87.13,87.09,87.13,694.921
2026-03-10 10:29:00+00:00,87.12,87.14,87.08,87.09,2741.557
2026-03-10 10:30:00+00:00,87.09,87.27,87.08,87.26,3929.147
2026-03-10 10:31:00+00:00,87.26,87.27,87.18,87.23,3026.827
2026-03-10 10:32:00+00:00,87.22,87.22,87.17,87.17,1086.244
2026-03-10 10:33:00+00:00,87.17,87.22,87.16,87.18,2772.852
2026-03-10 10:34:00+00:00,87.17,87.18,87.14,87.15,308.332
2026-03-10 10:35:00+00:00,87.14,87.15,87.09,87.1,438.9
2026-03-10 10:36:00+00:00,87.1,87.1,86.91,86.92,3686.246
2026-03-10 10:37:00+00:00,86.91,86.94,86.86,86.86,2003.226
2026-03-10 10:38:00+00:00,86.85,86.89,86.85,86.86,1376.807
2026-03-10 10:39:00+00:00,86.86,86.87,86.8,86.84,1329.998
2026-03-10 10:40:00+00:00,86.83,86.87,86.82,86.82,541.519
2026-03-10 10:41:00+00:00,86.82,86.91,86.82,86.91,532.213
2026-03-10 10:42:00+00:00,86.91,86.95,86.87,86.94,615.208
2026-03-10 10:43:00+00:00,86.94,87.0,86.94,86.96,267.602
2026-03-10 10:44:00+00:00,86.95,86.97,86.93,86.95,2753.793
2026-03-10 10:45:00+00:00,86.94,86.96,86.88,86.9,707.406
2026-03-10 10:46:00+00:00,86.9,86.95,86.87,86.88,1607.459
2026-03-10 10:47:00+00:00,86.88,86.93,86.87,86.93,1515.754
2026-03-10 10:48:00+00:00,86.92,86.97,86.91,86.96,593.527
2026-03-10 10:49:00+00:00,86.95,86.96,86.92,86.94,522.041
2026-03-10 10:50:00+00:00,86.94,87.03,86.94,87.03,1087.411
2026-03-10 10:51:00+00:00,87.03,87.19,87.02,87.16,2076.575
2026-03-10 10:52:00+00:00,87.16,87.23,87.13,87.14,1804.242
2026-03-10 10:53:00+00:00,87.15,87.18,87.12,87.17,1145.995
2026-03-10 10:54:00+00:00,87.17,87.17,87.12,87.13,393.317
2026-03-10 10:55:00+00:00,87.12,87.17,87.09,87.14,1165.297
2026-03-10 10:56:00+00:00,87.14,87.14,87.11,87.11,694.696
2026-03-10 10:57:00+00:00,87.11,87.11,87.09,87.11,138.33
2026-03-10 10:58:00+00:00,87.1,87.13,87.08,87.1,1063.194
2026-03-10 10:59:00+00:00,87.1,87.11,87.09,87.09,576.236
2026-03-10 11:00:00+00:00,87.1,87.1,87.05,87.06,530.479
2026-03-10 11:01:00+00:00,87.06,87.06,86.97,86.98,1994.789
2026-03-10 11:02:00+00:00,86.97,86.98,86.86,86.89,3516.544
2026-03-10 11:03:00+00:00,86.88,86.91,86.87,86.9,447.188
2026-03-10 11:04:00+00:00,86.89,87.2,86.89,87.11,4014.883
2026-03-10 11:05:00+00:00,87.11,87.16,87.05,87.1,1805.59
2026-03-10 11:06:00+00:00,87.1,87.14,87.0,87.14,2857.408
2026-03-10 11:07:00+00:00,87.13,87.13,87.04,87.05,1140.802
2026-03-10 11:08:00+00:00,87.04,87.05,86.94,86.95,667.761
2026-03-10 11:09:00+00:00,86.94,86.95,86.85,86.88,2252.209
2026-03-10 11:10:00+00:00,86.88,86.89,86.83,86.85,1703.022
2026-03-10 11:11:00+00:00,86.85,86.88,86.82,86.88,1397.741
2026-03-10 11:12:00+00:00,86.88,86.91,86.86,86.88,1966.865
2026-03-10 11:13:00+00:00,86.87,86.88,86.78,86.8,1713.072
2026-03-10 11:14:00+00:00,86.8,86.82,86.69,86.71,1702.291
2026-03-10 11:15:00+00:00,86.72,86.73,86.62,86.64,1237.211
2026-03-10 11:16:00+00:00,86.64,86.78,86.64,86.74,1735.462
2026-03-10 11:17:00+00:00,86.75,86.79,86.72,86.76,1553.475
2026-03-10 11:18:00+00:00,86.76,86.79,86.75,86.78,724.173
2026-03-10 11:19:00+00:00,86.78,86.79,86.75,86.77,747.84
2026-03-10 11:20:00+00:00,86.77,86.78,86.75,86.75,1162.775
2026-03-10 11:21:00+00:00,86.76,86.85,86.76,86.83,4357.01
2026-03-10 11:22:00+00:00,86.82,86.9,86.8,86.85,1671.987
2026-03-10 11:23:00+00:00,86.86,86.97,86.86,86.96,1616.912
2026-03-10 11:24:00+00:00,86.96,86.99,86.94,86.97,1531.891
2026-03-10 11:25:00+00:00,86.98,87.0,86.94,86.99,3104.22
2026-03-10 11:26:00+00:00,86.99,87.0,86.94,86.95,964.854
2026-03-10 11:27:00+00:00,86.96,86.96,86.85,86.87,1596.966
2026-03-10 11:28:00+00:00,86.88,86.88,86.78,86.79,429.964
2026-03-10 11:29:00+00:00,86.79,86.88,86.79,86.87,408.001
2026-03-10 11:30:00+00:00,86.87,86.89,86.84,86.85,495.43
2026-03-10 11:31:00+00:00,86.84,86.84,86.74,86.75,1897.448
2026-03-10 11:32:00+00:00,86.75,86.79,86.75,86.77,537.47
2026-03-10 11:33:00+00:00,86.77,86.81,86.75,86.75,2665.242
2026-03-10 11:34:00+00:00,86.75,86.82,86.74,86.82,2034.957
2026-03-10 11:35:00+00:00,86.81,86.81,86.78,86.81,1487.918
2026-03-10 11:36:00+00:00,86.8,86.83,86.8,86.81,271.412
2026-03-10 11:37:00+00:00,86.81,86.81,86.76,86.8,282.218
2026-03-10 11:38:00+00:00,86.8,86.82,86.79,86.82,148.296
2026-03-10 11:39:00+00:00,86.81,86.81,86.74,86.77,1881.716
2026-03-10 11:40:00+00:00,86.76,86.78,86.72,86.73,401.427
2026-03-10 11:41:00+00:00,86.72,86.78,86.7,86.77,1553.405
2026-03-10 11:42:00+00:00,86.77,86.77,86.71,86.72,311.066
2026-03-10 11:43:00+00:00,86.71,86.71,86.62,86.65,3013.536
2026-03-10 11:44:00+00:00,86.65,86.73,86.65,86.72,1238.392
2026-03-10 11:45:00+00:00,86.71,86.78,86.7,86.74,1268.783
2026-03-10 11:46:00+00:00,86.73,86.75,86.66,86.66,1576.557
2026-03-10 11:47:00+00:00,86.66,86.73,86.65,86.73,1159.393
2026-03-10 11:48:00+00:00,86.73,86.92,86.73,86.85,8038.472
2026-03-10 11:49:00+00:00,86.86,86.87,86.8,86.86,865.706
2026-03-10 11:50:00+00:00,86.86,86.88,86.86,86.87,414.19
2026-03-10 11:51:00+00:00,86.88,86.95,86.88,86.95,600.045
2026-03-10 11:52:00+00:00,86.95,86.96,86.94,86.95,292.089
2026-03-10 11:53:00+00:00,86.95,86.95,86.87,86.91,525.251
2026-03-10 11:54:00+00:00,86.91,86.92,86.84,86.85,745.949
2026-03-10 11:55:00+00:00,86.85,86.9,86.79,86.8,549.164
2026-03-10 11:56:00+00:00,86.79,86.82,86.77,86.8,364.039
2026-03-10 11:57:00+00:00,86.79,86.84,86.78,86.83,984.393
2026-03-10 11:58:00+00:00,86.82,86.84,86.82,86.82,1240.813
2026-03-10 11:59:00+00:00,86.83,86.85,86.78,86.79,1495.19
2026-03-10 12:00:00+00:00,86.8,86.83,86.75,86.83,2236.119
2026-03-10 12:01:00+00:00,86.82,86.83,86.73,86.78,1888.172
2026-03-10 12:02:00+00:00,86.79,86.86,86.79,86.81,1157.591
2026-03-10 12:03:00+00:00,86.82,86.82,86.69,86.74,3000.805
2026-03-10 12:04:00+00:00,86.73,86.76,86.58,86.58,881.28
2026-03-10 12:05:00+00:00,86.59,86.59,86.49,86.51,3985.74
2026-03-10 12:06:00+00:00,86.52,86.56,86.48,86.51,3089.989
2026-03-10 12:07:00+00:00,86.5,86.51,86.37,86.41,4375.064
2026-03-10 12:08:00+00:00,86.41,86.46,86.38,86.42,1290.804
2026-03-10 12:09:00+00:00,86.43,86.44,86.39,86.44,1205.68
2026-03-10 12:10:00+00:00,86.43,86.51,86.42,86.51,1102.285
2026-03-10 12:11:00+00:00,86.51,86.54,86.46,86.5,1774.664
2026-03-10 12:12:00+00:00,86.49,86.55,86.48,86.54,891.066
2026-03-10 12:13:00+00:00,86.54,86.58,86.51,86.58,1452.8
2026-03-10 12:14:00+00:00,86.57,86.57,86.47,86.47,9232.162
2026-03-10 12:15:00+00:00,86.48,86.51,86.47,86.47,1075.562
2026-03-10 12:16:00+00:00,86.48,86.5,86.46,86.46,1083.562
2026-03-10 12:17:00+00:00,86.46,86.5,86.41,86.46,2784.51
2026-03-10 12:18:00+00:00,86.47,86.52,86.46,86.51,2280.934
2026-03-10 12:19:00+00:00,86.5,86.54,86.49,86.52,2641.452
2026-03-10 12:20:00+00:00,86.51,86.57,86.51,86.56,784.224
2026-03-10 12:21:00+00:00,86.56,86.59,86.48,86.58,1689.999
2026-03-10 12:22:00+00:00,86.59,86.6,86.55,86.6,1386.517
2026-03-10 12:23:00+00:00,86.6,86.64,86.59,86.61,1802.414
2026-03-10 12:24:00+00:00,86.61,86.61,86.54,86.54,1235.453
2026-03-10 12:25:00+00:00,86.55,86.58,86.5,86.56,646.216
2026-03-10 12:26:00+00:00,86.56,86.6,86.56,86.57,379.026
2026-03-10 12:27:00+00:00,86.58,86.59,86.54,86.54,409.716
2026-03-10 12:28:00+00:00,86.54,86.56,86.44,86.46,1274.032
2026-03-10 12:29:00+00:00,86.47,86.47,86.41,86.45,1636.792
2026-03-10 12:30:00+00:00,86.45,86.47,86.29,86.32,2129.314
2026-03-10 12:31:00+00:00,86.31,86.42,86.31,86.37,2045.203
2026-03-10 12:32:00+00:00,86.37,86.4,86.34,86.37,1062.675
2026-03-10 12:33:00+00:00,86.38,86.42,86.36,86.41,579.472
2026-03-10 12:34:00+00:00,86.42,86.43,86.39,86.42,268.324
2026-03-10 12:35:00+00:00,86.42,86.58,86.42,86.55,1409.098
2026-03-10 12:36:00+00:00,86.55,86.6,86.51,86.52,2550.994
2026-03-10 12:37:00+00:00,86.51,86.54,86.48,86.53,751.291
2026-03-10 12:38:00+00:00,86.53,86.63,86.52,86.56,1288.705
2026-03-10 12:39:00+00:00,86.56,86.57,86.53,86.53,315.285
2026-03-10 12:40:00+00:00,86.53,86.53,86.44,86.49,564.331
2026-03-10 12:41:00+00:00,86.49,86.53,86.47,86.47,689.995
2026-03-10 12:42:00+00:00,86.48,86.55,86.47,86.52,237.587
2026-03-10 12:43:00+00:00,86.52,86.55,86.52,86.52,624.204
2026-03-10 12:44:00+00:00,86.53,86.59,86.51,86.57,1030.463
2026-03-10 12:45:00+00:00,86.57,86.65,86.56,86.65,1245.468
2026-03-10 12:46:00+00:00,86.64,86.71,86.64,86.7,1075.747
2026-03-10 12:47:00+00:00,86.7,86.7,86.59,86.61,1802.912
2026-03-10 12:48:00+00:00,86.61,86.65,86.59,86.65,940.155
2026-03-10 12:49:00+00:00,86.64,86.7,86.62,86.7,495.863
2026-03-10 12:50:00+00:00,86.69,86.74,86.68,86.71,576.806
2026-03-10 12:51:00+00:00,86.71,86.71,86.66,86.7,745.297
2026-03-10 12:52:00+00:00,86.7,86.73,86.68,86.68,415.283
2026-03-10 12:53:00+00:00,86.69,86.74,86.68,86.72,633.977
2026-03-10 12:54:00+00:00,86.73,86.73,86.7,86.7,441.789
2026-03-10 12:55:00+00:00,86.7,86.72,86.69,86.72,620.811
2026-03-10 12:56:00+00:00,86.72,86.72,86.59,86.6,643.235
2026-03-10 12:57:00+00:00,86.6,86.67,86.6,86.65,369.315
2026-03-10 12:58:00+00:00,86.65,86.66,86.56,86.64,947.887
2026-03-10 12:59:00+00:00,86.64,86.7,86.63,86.7,526.678
2026-03-10 13:00:00+00:00,86.7,86.78,86.7,86.77,1283.08
2026-03-10 13:01:00+00:00,86.77,86.86,86.76,86.8,1907.966
2026-03-10 13:02:00+00:00,86.8,86.85,86.78,86.82,364.452
2026-03-10 13:03:00+00:00,86.83,86.87,86.82,86.86,327.336
2026-03-10 13:04:00+00:00,86.86,86.86,86.79,86.8,485.982
2026-03-10 13:05:00+00:00,86.8,86.86,86.79,86.81,1476.665
2026-03-10 13:06:00+00:00,86.81,86.92,86.81,86.85,3057.904
2026-03-10 13:07:00+00:00,86.85,86.92,86.85,86.91,1514.495
2026-03-10 13:08:00+00:00,86.92,87.09,86.92,87.01,5121.75
2026-03-10 13:09:00+00:00,87.01,87.06,86.95,87.05,1389.829
2026-03-10 13:10:00+00:00,87.05,87.09,87.04,87.08,1157.414
2026-03-10 13:11:00+00:00,87.07,87.07,87.02,87.02,761.9
2026-03-10 13:12:00+00:00,87.02,87.02,86.91,86.94,1279.204
2026-03-10 13:13:00+00:00,86.94,87.0,86.94,87.0,187.599
2026-03-10 13:14:00+00:00,86.99,87.04,86.98,87.03,168.324
2026-03-10 13:15:00+00:00,87.04,87.14,87.04,87.14,2836.432
2026-03-10 13:16:00+00:00,87.13,87.14,87.03,87.03,1488.777
2026-03-10 13:17:00+00:00,87.04,87.11,87.03,87.06,1528.199
2026-03-10 13:18:00+00:00,87.06,87.08,87.02,87.06,569.766
2026-03-10 13:19:00+00:00,87.06,87.06,86.98,87.01,1243.888
2026-03-10 13:20:00+00:00,87.0,87.04,86.99,87.01,1017.449
2026-03-10 13:21:00+00:00,87.02,87.03,86.97,86.99,1156.875
2026-03-10 13:22:00+00:00,86.98,87.04,86.97,87.03,822.902
2026-03-10 13:23:00+00:00,87.04,87.09,87.01,87.09,475.666
2026-03-10 13:24:00+00:00,87.09,87.3,87.08,87.25,3863.2
2026-03-10 13:25:00+00:00,87.25,87.26,87.13,87.14,1043.228
2026-03-10 13:26:00+00:00,87.13,87.17,87.11,87.12,483.614
2026-03-10 13:27:00+00:00,87.12,87.15,87.1,87.14,252.935
2026-03-10 13:28:00+00:00,87.15,87.21,87.13,87.16,2899.271
2026-03-10 13:29:00+00:00,87.16,87.19,87.12,87.19,1243.037
2026-03-10 13:30:00+00:00,87.19,87.28,87.13,87.19,2796.535
2026-03-10 13:31:00+00:00,87.19,87.24,87.1,87.18,9227.354
2026-03-10 13:32:00+00:00,87.18,87.18,86.99,87.15,4400.127
2026-03-10 13:33:00+00:00,87.16,87.16,86.7,86.7,5286.913
2026-03-10 13:34:00+00:00,86.7,86.86,86.52,86.53,7396.817
2026-03-10 13:35:00+00:00,86.54,86.57,86.3,86.35,7517.857
2026-03-10 13:36:00+00:00,86.35,86.51,86.31,86.38,7482.554
2026-03-10 13:37:00+00:00,86.38,86.44,86.19,86.23,8448.968
2026-03-10 13:38:00+00:00,86.23,86.3,85.82,85.95,13135.295
2026-03-10 13:39:00+00:00,85.94,85.97,85.75,85.92,7858.752
2026-03-10 13:40:00+00:00,85.92,86.21,85.82,86.19,11722.808
2026-03-10 13:41:00+00:00,86.18,86.23,85.99,86.14,7581.967
2026-03-10 13:42:00+00:00,86.15,86.15,86.01,86.03,3693.517
2026-03-10 13:43:00+00:00,86.03,86.03,85.83,85.86,3131.609
2026-03-10 13:44:00+00:00,85.85,86.15,85.84,86.12,4802.432
2026-03-10 13:45:00+00:00,86.11,86.11,85.95,86.07,3195.371
2026-03-10 13:46:00+00:00,86.06,86.36,86.05,86.32,4898.745
2026-03-10 13:47:00+00:00,86.31,86.49,86.23,86.27,5721.16
2026-03-10 13:48:00+00:00,86.28,86.45,86.28,86.36,2896.554
2026-03-10 13:49:00+00:00,86.36,86.46,86.34,86.46,1660.446
2026-03-10 13:50:00+00:00,86.46,86.48,86.33,86.44,2162.528
2026-03-10 13:51:00+00:00,86.43,86.57,86.38,86.56,2347.829
2026-03-10 13:52:00+00:00,86.55,86.55,86.41,86.43,1863.435
2026-03-10 13:53:00+00:00,86.44,86.61,86.44,86.6,895.589
2026-03-10 13:54:00+00:00,86.59,86.6,86.45,86.45,1262.854
2026-03-10 13:55:00+00:00,86.46,86.47,86.28,86.3,3196.891
2026-03-10 13:56:00+00:00,86.29,86.31,86.24,86.3,1330.283
2026-03-10 13:57:00+00:00,86.29,86.3,86.0,86.02,6175.603
2026-03-10 13:58:00+00:00,86.03,86.09,85.92,85.98,2930.754
2026-03-10 13:59:00+00:00,85.98,86.1,85.98,86.08,3064.07
2026-03-10 14:00:00+00:00,86.09,86.13,86.02,86.02,4172.624
2026-03-10 14:01:00+00:00,86.02,86.02,85.58,85.71,17008.407
2026-03-10 14:02:00+00:00,85.7,86.15,85.68,86.11,9231.915
2026-03-10 14:03:00+00:00,86.12,86.13,85.89,85.91,4663.912
2026-03-10 14:04:00+00:00,85.9,86.1,85.84,86.05,3355.404
2026-03-10 14:05:00+00:00,86.05,86.26,86.03,86.05,4533.154
2026-03-10 14:06:00+00:00,86.04,86.05,85.86,85.93,6471.271
2026-03-10 14:07:00+00:00,85.93,85.93,85.64,85.67,3388.261
2026-03-10 14:08:00+00:00,85.67,85.69,85.47,85.52,8300.769
2026-03-10 14:09:00+00:00,85.51,85.51,85.28,85.47,10543.99
2026-03-10 14:10:00+00:00,85.46,85.54,85.4,85.41,3778.723
2026-03-10 14:11:00+00:00,85.4,85.42,85.21,85.34,6625.839
2026-03-10 14:12:00+00:00,85.34,85.49,85.29,85.44,3222.56
2026-03-10 14:13:00+00:00,85.44,85.44,85.31,85.32,5621.463
2026-03-10 14:14:00+00:00,85.33,85.36,85.2,85.2,3998.069
2026-03-10 14:15:00+00:00,85.2,85.26,85.07,85.08,10381.418
2026-03-10 14:16:00+00:00,85.08,85.15,84.91,85.11,22410.264
2026-03-10 14:17:00+00:00,85.12,85.53,85.12,85.51,9352.973
2026-03-10 14:18:00+00:00,85.5,85.5,85.36,85.45,4466.457
2026-03-10 14:19:00+00:00,85.45,85.53,85.36,85.37,3269.797
2026-03-10 14:20:00+00:00,85.38,85.49,85.36,85.44,5125.427
2026-03-10 14:21:00+00:00,85.44,85.52,85.38,85.51,6653.624
2026-03-10 14:22:00+00:00,85.5,85.58,85.43,85.57,8306.87
2026-03-10 14:23:00+00:00,85.57,85.64,85.51,85.63,5770.871
2026-03-10 14:24:00+00:00,85.63,85.63,85.53,85.57,8790.442
2026-03-10 14:25:00+00:00,85.56,85.73,85.51,85.73,12961.789
2026-03-10 14:26:00+00:00,85.74,85.98,85.7,85.83,4732.977
2026-03-10 14:27:00+00:00,85.84,85.87,85.75,85.83,3086.086
2026-03-10 14:28:00+00:00,85.82,85.93,85.81,85.89,8149.227
2026-03-10 14:29:00+00:00,85.89,85.89,85.75,85.78,2885.161
2026-03-10 14:30:00+00:00,85.77,86.01,85.76,86.0,4514.11
2026-03-10 14:31:00+00:00,86.0,86.01,85.77,85.78,2390.211
2026-03-10 14:32:00+00:00,85.78,85.85,85.77,85.82,13088.806
2026-03-10 14:33:00+00:00,85.82,85.99,85.81,85.97,5933.884
2026-03-10 14:34:00+00:00,85.97,86.19,85.93,86.09,14290.833
2026-03-10 14:35:00+00:00,86.09,86.1,85.92,86.0,1639.765
2026-03-10 14:36:00+00:00,86.01,86.12,86.0,86.03,1442.908
2026-03-10 14:37:00+00:00,86.02,86.09,86.01,86.06,1806.532
2026-03-10 14:38:00+00:00,86.06,86.15,86.05,86.15,1305.795
2026-03-10 14:39:00+00:00,86.15,86.38,86.15,86.37,4454.469
2026-03-10 14:40:00+00:00,86.38,86.68,86.38,86.65,12313.428
2026-03-10 14:41:00+00:00,86.64,86.69,86.53,86.69,4699.965
2026-03-10 14:42:00+00:00,86.69,86.74,86.58,86.7,4914.462
2026-03-10 14:43:00+00:00,86.69,86.77,86.62,86.74,5308.895
2026-03-10 14:44:00+00:00,86.74,86.74,86.64,86.7,2614.955
2026-03-10 14:45:00+00:00,86.71,86.88,86.66,86.68,4472.078
2026-03-10 14:46:00+00:00,86.67,86.76,86.64,86.76,5163.961
2026-03-10 14:47:00+00:00,86.75,87.03,86.75,86.91,7065.449
2026-03-10 14:48:00+00:00,86.9,86.98,86.88,86.98,3156.952
2026-03-10 14:49:00+00:00,86.97,86.99,86.86,86.93,3371.004
2026-03-10 14:50:00+00:00,86.93,87.23,86.92,87.09,6999.41
2026-03-10 14:51:00+00:00,87.1,87.25,87.04,87.2,6209.357
2026-03-10 14:52:00+00:00,87.19,87.22,87.09,87.1,3790.414
2026-03-10 14:53:00+00:00,87.11,87.61,87.04,87.54,20515.298
2026-03-10 14:54:00+00:00,87.55,87.77,87.55,87.68,12273.455
2026-03-10 14:55:00+00:00,87.68,87.86,87.68,87.85,10319.531
2026-03-10 14:56:00+00:00,87.85,88.23,87.82,88.05,25758.946
2026-03-10 14:57:00+00:00,88.05,88.12,87.94,88.1,13152.342
2026-03-10 14:58:00+00:00,88.09,88.13,87.95,88.03,11660.578
2026-03-10 14:59:00+00:00,88.04,88.11,87.94,88.1,6155.919
2026-03-10 15:00:00+00:00,88.1,88.49,88.09,88.26,25973.595
2026-03-10 15:01:00+00:00,88.26,88.38,88.17,88.3,9342.774
2026-03-10 15:02:00+00:00,88.29,88.47,88.24,88.31,3368.796
2026-03-10 15:03:00+00:00,88.3,88.32,88.0,88.04,8719.783
2026-03-10 15:04:00+00:00,88.04,88.59,88.04,88.59,10295.284
2026-03-10 15:05:00+00:00,88.59,88.61,87.92,88.05,7300.156
2026-03-10 15:06:00+00:00,88.04,88.05,87.73,87.75,7182.989
2026-03-10 15:07:00+00:00,87.75,87.85,87.71,87.77,9337.038
2026-03-10 15:08:00+00:00,87.77,88.0,87.77,87.97,4713.375
2026-03-10 15:09:00+00:00,87.98,87.98,87.8,87.81,3342.187
2026-03-10 15:10:00+00:00,87.8,87.99,87.67,87.91,5689.607
2026-03-10 15:11:00+00:00,87.92,87.95,87.73,87.74,2606.542
2026-03-10 15:12:00+00:00,87.75,87.77,87.6,87.61,4572.316
2026-03-10 15:13:00+00:00,87.62,87.62,87.42,87.46,6535.507
2026-03-10 15:14:00+00:00,87.45,87.67,87.45,87.59,3889.647
2026-03-10 15:15:00+00:00,87.59,87.59,87.29,87.37,5261.624
2026-03-10 15:16:00+00:00,87.37,87.55,87.26,87.54,8426.839
2026-03-10 15:17:00+00:00,87.53,87.79,87.51,87.7,2729.895
2026-03-10 15:18:00+00:00,87.69,87.76,87.61,87.69,3791.615
2026-03-10 15:19:00+00:00,87.68,87.71,87.62,87.69,1665.376
2026-03-10 15:20:00+00:00,87.69,87.95,87.69,87.9,5319.682
2026-03-10 15:21:00+00:00,87.9,87.91,87.73,87.74,1379.244
2026-03-10 15:22:00+00:00,87.74,87.74,87.46,87.56,2615.476
2026-03-10 15:23:00+00:00,87.57,87.78,87.57,87.74,1540.052
2026-03-10 15:24:00+00:00,87.73,87.74,87.68,87.74,1537.332
2026-03-10 15:25:00+00:00,87.74,87.96,87.71,87.96,2754.759
2026-03-10 15:26:00+00:00,87.96,88.01,87.64,87.66,3219.658
2026-03-10 15:27:00+00:00,87.66,87.76,87.64,87.69,2693.365
2026-03-10 15:28:00+00:00,87.7,87.85,87.7,87.84,1259.301
2026-03-10 15:29:00+00:00,87.84,87.86,87.76,87.78,1718.485
2026-03-10 15:30:00+00:00,87.77,87.99,87.76,87.93,1790.949
2026-03-10 15:31:00+00:00,87.92,87.99,87.79,87.91,2796.756
2026-03-10 15:32:00+00:00,87.91,88.0,87.72,88.0,2958.405
2026-03-10 15:33:00+00:00,87.99,88.24,87.98,88.19,5090.685
2026-03-10 15:34:00+00:00,88.18,88.18,87.63,87.73,10797.482
2026-03-10 15:35:00+00:00,87.73,87.94,87.69,87.92,3585.028
2026-03-10 15:36:00+00:00,87.91,87.93,87.8,87.82,1396.483
2026-03-10 15:37:00+00:00,87.82,88.05,87.82,87.92,3013.245
2026-03-10 15:38:00+00:00,87.92,87.92,87.69,87.74,3409.921
2026-03-10 15:39:00+00:00,87.74,87.79,87.68,87.74,3357.703
2026-03-10 15:40:00+00:00,87.74,87.79,87.63,87.69,4162.573
2026-03-10 15:41:00+00:00,87.7,87.74,87.58,87.74,7440.904
2026-03-10 15:42:00+00:00,87.75,87.99,87.7,87.98,4908.298
2026-03-10 15:43:00+00:00,87.97,87.98,87.82,87.87,3086.846
2026-03-10 15:44:00+00:00,87.87,87.91,87.76,87.77,3226.055
2026-03-10 15:45:00+00:00,87.77,87.82,87.73,87.79,2064.678
2026-03-10 15:46:00+00:00,87.8,87.9,87.74,87.75,3803.482
2026-03-10 15:47:00+00:00,87.75,87.86,87.59,87.81,3018.437
2026-03-10 15:48:00+00:00,87.82,87.84,87.74,87.8,1585.543
2026-03-10 15:49:00+00:00,87.8,87.9,87.71,87.82,4104.785
2026-03-10 15:50:00+00:00,87.82,87.99,87.82,87.86,13241.815
2026-03-10 15:51:00+00:00,87.85,87.88,87.81,87.83,2584.219
2026-03-10 15:52:00+00:00,87.83,87.83,87.68,87.73,3981.976
2026-03-10 15:53:00+00:00,87.72,87.78,87.65,87.76,4537.46
2026-03-10 15:54:00+00:00,87.75,87.76,87.68,87.7,4589.669
2026-03-10 15:55:00+00:00,87.69,87.76,87.67,87.76,1298.143
2026-03-10 15:56:00+00:00,87.76,87.96,87.71,87.96,2872.076
2026-03-10 15:57:00+00:00,87.97,88.23,87.96,88.22,6213.021
2026-03-10 15:58:00+00:00,88.22,88.33,88.2,88.3,3399.08
2026-03-10 15:59:00+00:00,88.3,88.35,88.25,88.33,2680.791
2026-03-10 16:00:00+00:00,88.34,88.41,88.3,88.41,4777.909
2026-03-10 16:01:00+00:00,88.41,88.47,88.15,88.18,7463.945
2026-03-10 16:02:00+00:00,88.18,88.18,88.0,88.09,2883.833
2026-03-10 16:03:00+00:00,88.09,88.09,87.98,88.06,1795.809
2026-03-10 16:04:00+00:00,88.06,88.13,87.92,87.97,3032.953
2026-03-10 16:05:00+00:00,87.97,87.99,87.68,87.73,4400.218
2026-03-10 16:06:00+00:00,87.73,87.78,87.65,87.77,2553.724
2026-03-10 16:07:00+00:00,87.76,87.84,87.73,87.77,1346.392
2026-03-10 16:08:00+00:00,87.77,87.96,87.75,87.87,2070.545
2026-03-10 16:09:00+00:00,87.87,87.99,87.84,87.94,2615.268
2026-03-10 16:10:00+00:00,87.94,88.13,87.92,88.04,1736.265
2026-03-10 16:11:00+00:00,88.04,88.09,87.99,87.99,1208.232
2026-03-10 16:12:00+00:00,87.99,88.0,87.83,87.84,1018.198
2026-03-10 16:13:00+00:00,87.85,87.93,87.75,87.84,3064.667
2026-03-10 16:14:00+00:00,87.83,87.88,87.8,87.84,1306.662
2026-03-10 16:15:00+00:00,87.84,87.97,87.81,87.94,1448.638
2026-03-10 16:16:00+00:00,87.94,88.08,87.9,88.07,1752.916
2026-03-10 16:17:00+00:00,88.08,88.22,88.08,88.14,1727.315
2026-03-10 16:18:00+00:00,88.14,88.23,88.06,88.21,3496.722
2026-03-10 16:19:00+00:00,88.21,88.41,88.19,88.38,6706.12
2026-03-10 16:20:00+00:00,88.37,88.39,88.22,88.25,4553.301
2026-03-10 16:21:00+00:00,88.24,88.49,88.24,88.29,5370.602
2026-03-10 16:22:00+00:00,88.29,88.43,88.28,88.41,8230.686
2026-03-10 16:23:00+00:00,88.41,88.53,88.35,88.39,8605.171
2026-03-10 16:24:00+00:00,88.39,88.42,88.31,88.35,2731.004
2026-03-10 16:25:00+00:00,88.36,88.61,88.33,88.53,16352.606
2026-03-10 16:26:00+00:00,88.54,88.61,88.32,88.33,4824.486
2026-03-10 16:27:00+00:00,88.33,88.61,88.27,88.6,6765.679
2026-03-10 16:28:00+00:00,88.59,88.67,88.44,88.44,10087.529
2026-03-10 16:29:00+00:00,88.43,88.51,88.29,88.48,3950.268
2026-03-10 16:30:00+00:00,88.49,88.56,88.44,88.51,2152.213
2026-03-10 16:31:00+00:00,88.5,88.61,88.43,88.5,4620.143
2026-03-10 16:32:00+00:00,88.51,88.53,88.45,88.51,2748.282
2026-03-10 16:33:00+00:00,88.51,88.53,88.3,88.31,5999.655
2026-03-10 16:34:00+00:00,88.31,88.38,88.31,88.36,1654.871
2026-03-10 16:35:00+00:00,88.36,88.5,88.36,88.47,2322.015
2026-03-10 16:36:00+00:00,88.46,88.51,88.39,88.39,3505.36
2026-03-10 16:37:00+00:00,88.38,88.52,88.31,88.52,6119.522
2026-03-10 16:38:00+00:00,88.52,88.57,88.35,88.45,4608.369
2026-03-10 16:39:00+00:00,88.44,88.46,88.34,88.46,3202.414
2026-03-10 16:40:00+00:00,88.45,88.45,88.3,88.31,2783.43
2026-03-10 16:41:00+00:00,88.32,88.45,88.32,88.43,3646.228
2026-03-10 16:42:00+00:00,88.42,88.49,88.42,88.47,1816.036
2026-03-10 16:43:00+00:00,88.46,88.62,88.45,88.57,1368.437
2026-03-10 16:44:00+00:00,88.57,88.66,88.55,88.6,1036.049
2026-03-10 16:45:00+00:00,88.61,88.66,88.41,88.41,2647.75
2026-03-10 16:46:00+00:00,88.41,88.48,88.33,88.41,2484.82
2026-03-10 16:47:00+00:00,88.41,88.42,88.26,88.31,4362.796
2026-03-10 16:48:00+00:00,88.31,88.37,88.29,88.33,747.539
2026-03-10 16:49:00+00:00,88.33,88.45,88.32,88.35,861.322
2026-03-10 16:50:00+00:00,88.34,88.4,88.29,88.4,1829.869
2026-03-10 16:51:00+00:00,88.39,88.62,88.38,88.57,1090.17
2026-03-10 16:52:00+00:00,88.56,88.58,88.52,88.58,734.965
2026-03-10 16:53:00+00:00,88.58,88.7,88.57,88.61,2137.517
2026-03-10 16:54:00+00:00,88.61,88.66,88.59,88.62,1252.651
2026-03-10 16:55:00+00:00,88.63,88.65,88.5,88.51,1932.499
2026-03-10 16:56:00+00:00,88.51,88.51,88.36,88.37,1418.278
2026-03-10 16:57:00+00:00,88.37,88.43,88.35,88.37,2083.263
2026-03-10 16:58:00+00:00,88.36,88.43,88.34,88.4,941.007
2026-03-10 16:59:00+00:00,88.39,88.42,88.36,88.39,1743.575
2026-03-10 17:00:00+00:00,88.39,88.39,88.31,88.35,1627.356
2026-03-10 17:01:00+00:00,88.35,88.48,88.34,88.45,3312.343
2026-03-10 17:02:00+00:00,88.46,88.48,88.35,88.46,1763.789
2026-03-10 17:03:00+00:00,88.46,88.47,88.35,88.38,1909.633
2026-03-10 17:04:00+00:00,88.37,88.42,88.35,88.37,1852.657
2026-03-10 17:05:00+00:00,88.37,88.58,88.36,88.57,3536.577
2026-03-10 17:06:00+00:00,88.56,88.8,88.56,88.75,4336.471
2026-03-10 17:07:00+00:00,88.74,88.76,88.51,88.56,2115.395
2026-03-10 17:08:00+00:00,88.55,88.62,88.45,88.61,2004.472
2026-03-10 17:09:00+00:00,88.61,88.61,88.53,88.57,1505.738
2026-03-10 17:10:00+00:00,88.56,88.64,88.53,88.61,3818.998
2026-03-10 17:11:00+00:00,88.62,88.64,88.5,88.53,3531.913
2026-03-10 17:12:00+00:00,88.53,88.53,88.42,88.44,1421.766
2026-03-10 17:13:00+00:00,88.44,88.45,88.35,88.35,900.587
2026-03-10 17:14:00+00:00,88.36,88.44,88.34,88.4,2440.664
2026-03-10 17:15:00+00:00,88.41,88.51,88.39,88.51,2731.721
2026-03-10 17:16:00+00:00,88.51,88.62,88.49,88.5,1709.521
2026-03-10 17:17:00+00:00,88.5,88.58,88.36,88.58,2025.415
2026-03-10 17:18:00+00:00,88.58,88.62,88.53,88.53,1733.349
2026-03-10 17:19:00+00:00,88.53,88.56,88.46,88.48,526.71
2026-03-10 17:20:00+00:00,88.48,88.52,88.41,88.48,838.045
2026-03-10 17:21:00+00:00,88.49,88.52,88.43,88.51,2286.118
2026-03-10 17:22:00+00:00,88.51,88.57,88.46,88.54,910.052
2026-03-10 17:23:00+00:00,88.54,88.58,88.54,88.57,794.924
2026-03-10 17:24:00+00:00,88.58,88.67,88.55,88.55,2241.755
2026-03-10 17:25:00+00:00,88.55,88.57,88.43,88.43,1440.064
2026-03-10 17:26:00+00:00,88.42,88.43,88.13,88.24,3742.395
2026-03-10 17:27:00+00:00,88.23,88.32,88.2,88.29,3105.562
2026-03-10 17:28:00+00:00,88.29,88.35,88.28,88.28,305.797
2026-03-10 17:29:00+00:00,88.28,88.3,88.21,88.25,1273.181
2026-03-10 17:30:00+00:00,88.25,88.36,88.24,88.29,1016.302
2026-03-10 17:31:00+00:00,88.3,88.44,88.2,88.42,3378.68
2026-03-10 17:32:00+00:00,88.42,88.54,88.39,88.54,2095.157
2026-03-10 17:33:00+00:00,88.55,88.59,88.41,88.42,3082.064
2026-03-10 17:34:00+00:00,88.42,88.45,88.33,88.33,1464.09
2026-03-10 17:35:00+00:00,88.34,88.35,88.15,88.18,2511.502
2026-03-10 17:36:00+00:00,88.18,88.31,88.05,88.07,5067.267
2026-03-10 17:37:00+00:00,88.07,88.07,87.84,87.84,7778.728
2026-03-10 17:38:00+00:00,87.84,87.87,87.63,87.76,7553.642
2026-03-10 17:39:00+00:00,87.75,87.86,87.7,87.86,2825.819
2026-03-10 17:40:00+00:00,87.86,87.89,87.71,87.74,3465.831
2026-03-10 17:41:00+00:00,87.75,87.94,87.7,87.83,2838.98
2026-03-10 17:42:00+00:00,87.83,87.95,87.81,87.95,936.987
2026-03-10 17:43:00+00:00,87.95,87.97,87.82,87.82,1248.278
2026-03-10 17:44:00+00:00,87.82,87.89,87.8,87.87,679.158
2026-03-10 17:45:00+00:00,87.88,87.88,87.71,87.71,1467.37
2026-03-10 17:46:00+00:00,87.72,87.82,87.66,87.82,2244.664
2026-03-10 17:47:00+00:00,87.82,88.0,87.81,87.97,3091.476
2026-03-10 17:48:00+00:00,87.96,88.15,87.89,88.14,3176.723
2026-03-10 17:49:00+00:00,88.13,88.17,87.95,87.95,2723.828
2026-03-10 17:50:00+00:00,87.96,88.02,87.92,87.97,1530.264
2026-03-10 17:51:00+00:00,87.96,88.08,87.96,88.06,1215.182
2026-03-10 17:52:00+00:00,88.05,88.09,87.99,88.06,1227.569
2026-03-10 17:53:00+00:00,88.06,88.2,88.04,88.19,3661.76
2026-03-10 17:54:00+00:00,88.19,88.2,88.13,88.18,3012.507
2026-03-10 17:55:00+00:00,88.19,88.19,87.95,88.02,1270.802
2026-03-10 17:56:00+00:00,88.02,88.02,87.91,87.93,766.016
2026-03-10 17:57:00+00:00,87.94,88.0,87.92,87.97,2190.787
2026-03-10 17:58:00+00:00,87.98,88.04,87.98,87.98,556.446
2026-03-10 17:59:00+00:00,87.99,88.01,87.94,87.94,338.275
2026-03-10 18:00:00+00:00,87.94,87.94,87.82,87.93,1684.355
2026-03-10 18:01:00+00:00,87.93,87.95,87.83,87.83,852.455
2026-03-10 18:02:00+00:00,87.83,87.92,87.77,87.86,1175.793
2026-03-10 18:03:00+00:00,87.85,87.97,87.84,87.96,636.83
2026-03-10 18:04:00+00:00,87.96,87.96,87.86,87.92,1800.337
2026-03-10 18:05:00+00:00,87.93,87.93,87.82,87.93,1133.284
2026-03-10 18:06:00+00:00,87.93,88.0,87.82,87.82,1263.593
2026-03-10 18:07:00+00:00,87.83,87.87,87.74,87.75,942.579
2026-03-10 18:08:00+00:00,87.75,87.79,87.69,87.7,2502.707
2026-03-10 18:09:00+00:00,87.7,87.72,87.58,87.68,2773.583
2026-03-10 18:10:00+00:00,87.69,87.7,87.59,87.59,3486.339
2026-03-10 18:11:00+00:00,87.59,87.69,87.59,87.63,1029.594
2026-03-10 18:12:00+00:00,87.62,87.73,87.59,87.61,823.223
2026-03-10 18:13:00+00:00,87.6,87.68,87.42,87.44,3801.328
2026-03-10 18:14:00+00:00,87.43,87.43,87.04,87.06,6218.44
2026-03-10 18:15:00+00:00,87.06,87.11,86.97,87.05,9318.619
2026-03-10 18:16:00+00:00,87.06,87.3,87.04,87.21,4112.779
2026-03-10 18:17:00+00:00,87.21,87.34,87.16,87.19,3420.302
2026-03-10 18:18:00+00:00,87.19,87.25,86.89,86.89,12196.101
2026-03-10 18:19:00+00:00,86.9,86.95,86.61,86.65,17061.595
2026-03-10 18:20:00+00:00,86.65,86.88,86.56,86.66,8804.032
2026-03-10 18:21:00+00:00,86.66,86.83,86.64,86.66,4909.726
2026-03-10 18:22:00+00:00,86.66,86.71,86.46,86.57,8477.404
2026-03-10 18:23:00+00:00,86.57,86.83,86.52,86.75,15290.543
2026-03-10 18:24:00+00:00,86.75,86.9,86.71,86.73,2473.142
2026-03-10 18:25:00+00:00,86.74,86.83,86.69,86.72,3468.129
2026-03-10 18:26:00+00:00,86.73,86.87,86.7,86.84,3534.214
2026-03-10 18:27:00+00:00,86.84,86.97,86.8,86.84,2047.951
2026-03-10 18:28:00+00:00,86.84,86.9,86.75,86.85,1524.815
2026-03-10 18:29:00+00:00,86.84,86.85,86.65,86.65,3193.284
2026-03-10 18:30:00+00:00,86.65,86.76,86.51,86.75,3838.612
2026-03-10 18:31:00+00:00,86.74,86.85,86.73,86.73,4266.159
2026-03-10 18:32:00+00:00,86.72,86.81,86.64,86.78,1776.043
2026-03-10 18:33:00+00:00,86.77,86.77,86.54,86.6,1142.179
2026-03-10 18:34:00+00:00,86.61,86.74,86.61,86.72,2322.081
2026-03-10 18:35:00+00:00,86.73,86.86,86.61,86.62,2493.663
2026-03-10 18:36:00+00:00,86.62,87.02,86.53,86.66,16218.964
2026-03-10 18:37:00+00:00,86.67,86.75,86.48,86.75,3583.16
2026-03-10 18:38:00+00:00,86.75,86.78,86.67,86.74,634.769
2026-03-10 18:39:00+00:00,86.73,86.74,86.55,86.55,2643.554
2026-03-10 18:40:00+00:00,86.55,86.58,86.51,86.53,1484.869
2026-03-10 18:41:00+00:00,86.52,86.6,86.4,86.53,4041.047
2026-03-10 18:42:00+00:00,86.54,86.55,86.34,86.45,4718.239
2026-03-10 18:43:00+00:00,86.45,86.52,86.32,86.32,4706.533
2026-03-10 18:44:00+00:00,86.32,86.32,86.2,86.25,8642.49
2026-03-10 18:45:00+00:00,86.24,86.37,86.1,86.15,4785.055
2026-03-10 18:46:00+00:00,86.14,86.22,86.1,86.14,4612.336
2026-03-10 18:47:00+00:00,86.15,86.36,86.15,86.23,2309.165
2026-03-10 18:48:00+00:00,86.23,86.46,86.23,86.37,2095.994
2026-03-10 18:49:00+00:00,86.37,86.44,86.3,86.44,2506.141
2026-03-10 18:50:00+00:00,86.44,86.57,86.42,86.54,2828.639
2026-03-10 18:51:00+00:00,86.54,86.55,86.34,86.35,650.881
2026-03-10 18:52:00+00:00,86.36,86.36,86.24,86.26,1575.034
2026-03-10 18:53:00+00:00,86.26,86.33,86.18,86.3,1504.724
2026-03-10 18:54:00+00:00,86.3,86.44,86.3,86.4,943.486
2026-03-10 18:55:00+00:00,86.41,86.41,86.16,86.16,1832.558
2026-03-10 18:56:00+00:00,86.16,86.23,86.1,86.21,3257.958
2026-03-10 18:57:00+00:00,86.22,86.26,86.17,86.24,1031.423
2026-03-10 18:58:00+00:00,86.25,86.26,86.19,86.25,1067.662
2026-03-10 18:59:00+00:00,86.25,86.27,86.22,86.25,3282.959
2026-03-10 19:00:00+00:00,86.25,86.3,86.2,86.27,4647.45
2026-03-10 19:01:00+00:00,86.27,86.3,86.15,86.18,3657.985
2026-03-10 19:02:00+00:00,86.17,86.35,86.17,86.34,1897.652
2026-03-10 19:03:00+00:00,86.33,86.33,86.14,86.3,1434.321
2026-03-10 19:04:00+00:00,86.29,86.38,86.18,86.18,1151.658
2026-03-10 19:05:00+00:00,86.17,86.24,86.14,86.18,1626.498
2026-03-10 19:06:00+00:00,86.18,86.22,86.07,86.1,1091.991
2026-03-10 19:07:00+00:00,86.09,86.35,85.96,86.34,4758.7
2026-03-10 19:08:00+00:00,86.33,86.42,86.3,86.38,1622.58
2026-03-10 19:09:00+00:00,86.38,86.39,86.23,86.23,1673.231
2026-03-10 19:10:00+00:00,86.24,86.28,86.16,86.18,1130.79
2026-03-10 19:11:00+00:00,86.18,86.18,85.86,85.97,5357.098
2026-03-10 19:12:00+00:00,85.98,85.98,85.9,85.93,952.332
2026-03-10 19:13:00+00:00,85.94,85.96,85.9,85.93,783.262
2026-03-10 19:14:00+00:00,85.93,86.11,85.92,86.08,2149.063
2026-03-10 19:15:00+00:00,86.07,86.17,86.07,86.1,2027.736
2026-03-10 19:16:00+00:00,86.1,86.24,86.09,86.22,2637.627
2026-03-10 19:17:00+00:00,86.22,86.39,86.22,86.37,2601.531
2026-03-10 19:18:00+00:00,86.37,86.42,86.36,86.42,781.503
2026-03-10 19:19:00+00:00,86.42,86.46,86.4,86.44,1157.714
2026-03-10 19:20:00+00:00,86.44,86.44,86.24,86.24,1706.884
2026-03-10 19:21:00+00:00,86.25,86.25,85.89,85.96,8225.688
2026-03-10 19:22:00+00:00,85.96,85.99,85.9,85.93,4501.375
2026-03-10 19:23:00+00:00,85.94,86.22,85.94,86.17,2934.306
2026-03-10 19:24:00+00:00,86.18,86.19,86.13,86.14,3368.404
2026-03-10 19:25:00+00:00,86.14,86.18,86.01,86.04,2486.137
2026-03-10 19:26:00+00:00,86.05,86.05,85.84,85.93,3087.079
2026-03-10 19:27:00+00:00,85.93,85.99,85.86,85.99,2199.608
2026-03-10 19:28:00+00:00,85.99,86.07,85.96,86.02,635.771
2026-03-10 19:29:00+00:00,86.02,86.05,85.88,85.91,1653.956
2026-03-10 19:30:00+00:00,85.91,85.95,85.83,85.86,1988.544
2026-03-10 19:31:00+00:00,85.86,85.98,85.81,85.84,1789.239
2026-03-10 19:32:00+00:00,85.83,85.85,85.77,85.85,2794.341
2026-03-10 19:33:00+00:00,85.84,85.93,85.73,85.76,3789.329
2026-03-10 19:34:00+00:00,85.76,85.83,85.73,85.76,1745.502
2026-03-10 19:35:00+00:00,85.76,85.79,85.69,85.69,2099.954
2026-03-10 19:36:00+00:00,85.68,85.8,85.66,85.8,3764.163
2026-03-10 19:37:00+00:00,85.8,85.85,85.74,85.78,2495.22
2026-03-10 19:38:00+00:00,85.77,85.9,85.77,85.87,2348.176
2026-03-10 19:39:00+00:00,85.87,85.93,85.85,85.93,1394.633
2026-03-10 19:40:00+00:00,85.93,86.21,85.88,86.18,4600.718
2026-03-10 19:41:00+00:00,86.17,86.21,86.07,86.08,3454.926
2026-03-10 19:42:00+00:00,86.08,86.25,86.07,86.24,3206.86
2026-03-10 19:43:00+00:00,86.23,86.26,86.19,86.23,4423.786
2026-03-10 19:44:00+00:00,86.22,86.22,86.11,86.12,1846.094
2026-03-10 19:45:00+00:00,86.12,86.17,86.1,86.12,2007.39
2026-03-10 19:46:00+00:00,86.12,86.13,86.03,86.06,1450.832
2026-03-10 19:47:00+00:00,86.06,86.12,86.03,86.06,751.702
2026-03-10 19:48:00+00:00,86.06,86.08,85.98,86.01,1183.669
2026-03-10 19:49:00+00:00,86.01,86.09,86.01,86.09,786.046
2026-03-10 19:50:00+00:00,86.08,86.09,86.01,86.04,552.398
2026-03-10 19:51:00+00:00,86.04,86.05,85.92,85.92,729.326
2026-03-10 19:52:00+00:00,85.93,86.06,85.93,85.95,4221.688
2026-03-10 19:53:00+00:00,85.95,86.07,85.95,86.0,753.67
2026-03-10 19:54:00+00:00,85.99,86.05,85.94,85.98,1558.763
2026-03-10 19:55:00+00:00,85.97,86.07,85.97,86.01,591.11
2026-03-10 19:56:00+00:00,86.01,86.01,85.95,85.96,796.191
2026-03-10 19:57:00+00:00,85.96,85.98,85.88,85.97,1779.143
2026-03-10 19:58:00+00:00,85.97,86.09,85.97,86.09,2019.497
2026-03-10 19:59:00+00:00,86.08,86.09,85.98,86.02,3263.075
2026-03-10 20:00:00+00:00,86.01,86.08,85.96,86.06,2636.222
2026-03-10 20:01:00+00:00,86.07,86.13,86.02,86.05,1269.348
2026-03-10 20:02:00+00:00,86.05,86.07,86.01,86.01,952.548
2026-03-10 20:03:00+00:00,86.01,86.01,85.95,85.98,1093.589
2026-03-10 20:04:00+00:00,85.98,86.2,85.98,86.2,1766.508
2026-03-10 20:05:00+00:00,86.21,86.34,86.21,86.26,2828.772
2026-03-10 20:06:00+00:00,86.26,86.27,86.23,86.24,362.554
2026-03-10 20:07:00+00:00,86.24,86.24,86.11,86.11,1633.391
2026-03-10 20:08:00+00:00,86.11,86.13,86.05,86.09,1805.867
2026-03-10 20:09:00+00:00,86.08,86.08,86.0,86.04,882.814
2026-03-10 20:10:00+00:00,86.03,86.09,85.97,85.99,2365.601
2026-03-10 20:11:00+00:00,85.98,86.04,85.97,85.99,1038.859
2026-03-10 20:12:00+00:00,86.0,86.07,86.0,86.04,1030.291
2026-03-10 20:13:00+00:00,86.04,86.05,85.94,85.98,892.507
2026-03-10 20:14:00+00:00,85.99,86.09,85.99,86.07,796.819
2026-03-10 20:15:00+00:00,86.07,86.07,86.0,86.01,1095.735
2026-03-10 20:16:00+00:00,86.01,86.06,85.99,86.04,716.7
2026-03-10 20:17:00+00:00,86.04,86.07,86.01,86.03,200.492
2026-03-10 20:18:00+00:00,86.03,86.07,86.03,86.05,1098.742
2026-03-10 20:19:00+00:00,86.05,86.19,86.04,86.19,467.725
2026-03-10 20:20:00+00:00,86.19,86.28,86.19,86.24,2651.675
2026-03-10 20:21:00+00:00,86.23,86.33,86.23,86.31,1734.233
2026-03-10 20:22:00+00:00,86.31,86.38,86.3,86.31,656.56
2026-03-10 20:23:00+00:00,86.3,86.36,86.26,86.33,931.258
2026-03-10 20:24:00+00:00,86.33,86.33,86.28,86.3,1353.806
2026-03-10 20:25:00+00:00,86.3,86.31,86.23,86.28,824.387
2026-03-10 20:26:00+00:00,86.27,86.31,86.27,86.28,714.403
2026-03-10 20:27:00+00:00,86.29,86.29,86.26,86.27,201.741
2026-03-10 20:28:00+00:00,86.27,86.35,86.27,86.35,199.912
2026-03-10 20:29:00+00:00,86.35,86.39,86.35,86.35,1493.49
2026-03-10 20:30:00+00:00,86.36,86.37,86.32,86.32,904.79
2026-03-10 20:31:00+00:00,86.33,86.36,86.32,86.33,483.685
2026-03-10 20:32:00+00:00,86.34,86.4,86.13,86.16,8048.649
2026-03-10 20:33:00+00:00,86.16,86.22,86.07,86.07,5148.085
2026-03-10 20:34:00+00:00,86.07,86.21,86.07,86.2,4910.316
2026-03-10 20:35:00+00:00,86.19,86.24,86.12,86.2,2524.184
2026-03-10 20:36:00+00:00,86.19,86.2,86.05,86.09,3381.033
2026-03-10 20:37:00+00:00,86.09,86.12,86.03,86.12,2725.233
2026-03-10 20:38:00+00:00,86.12,86.12,86.06,86.1,546.778
2026-03-10 20:39:00+00:00,86.11,86.25,86.11,86.24,734.331
2026-03-10 20:40:00+00:00,86.24,86.24,86.18,86.2,1036.078
2026-03-10 20:41:00+00:00,86.21,86.27,86.2,86.26,580.357
2026-03-10 20:42:00+00:00,86.26,86.3,86.25,86.25,90.622
2026-03-10 20:43:00+00:00,86.24,86.24,86.07,86.08,1016.381
2026-03-10 20:44:00+00:00,86.08,86.19,86.07,86.18,1675.198
2026-03-10 20:45:00+00:00,86.18,86.18,86.11,86.12,655.401
2026-03-10 20:46:00+00:00,86.12,86.13,86.12,86.13,280.659
2026-03-10 20:47:00+00:00,86.13,86.22,86.13,86.22,965.133
2026-03-10 20:48:00+00:00,86.22,86.26,86.17,86.17,1387.259
2026-03-10 20:49:00+00:00,86.17,86.2,86.12,86.19,600.085
2026-03-10 20:50:00+00:00,86.2,86.21,86.15,86.17,512.746
2026-03-10 20:51:00+00:00,86.17,86.18,86.15,86.17,531.057
2026-03-10 20:52:00+00:00,86.16,86.23,86.16,86.23,2981.677
2026-03-10 20:53:00+00:00,86.24,86.25,86.22,86.23,113.891
2026-03-10 20:54:00+00:00,86.22,86.23,86.16,86.19,429.261
2026-03-10 20:55:00+00:00,86.18,86.23,86.18,86.2,387.87
2026-03-10 20:56:00+00:00,86.2,86.23,86.2,86.22,334.823
2026-03-10 20:57:00+00:00,86.22,86.24,86.2,86.2,172.017
2026-03-10 20:58:00+00:00,86.2,86.23,86.18,86.23,521.114
2026-03-10 20:59:00+00:00,86.23,86.24,86.2,86.24,209.861
2026-03-10 21:00:00+00:00,86.24,86.26,86.19,86.21,1237.625
2026-03-10 21:01:00+00:00,86.21,86.25,86.19,86.21,674.32
2026-03-10 21:02:00+00:00,86.22,86.22,86.16,86.22,587.88
2026-03-10 21:03:00+00:00,86.22,86.28,86.21,86.22,658.355
2026-03-10 21:04:00+00:00,86.22,86.23,86.2,86.23,221.227
2026-03-10 21:05:00+00:00,86.23,86.38,86.23,86.37,4595.793
2026-03-10 21:06:00+00:00,86.37,86.44,86.33,86.34,2158.754
2026-03-10 21:07:00+00:00,86.34,86.34,86.28,86.33,734.992
2026-03-10 21:08:00+00:00,86.33,86.36,86.3,86.3,199.945
2026-03-10 21:09:00+00:00,86.31,86.31,86.22,86.25,1396.642
2026-03-10 21:10:00+00:00,86.24,86.25,86.17,86.17,159.5
2026-03-10 21:11:00+00:00,86.17,86.21,86.17,86.19,255.583
2026-03-10 21:12:00+00:00,86.19,86.2,85.95,85.99,1252.221
2026-03-10 21:13:00+00:00,85.99,86.1,85.94,85.94,1244.673
2026-03-10 21:14:00+00:00,85.94,86.01,85.94,85.98,706.753
2026-03-10 21:15:00+00:00,85.98,86.09,85.98,86.0,1384.839
2026-03-10 21:16:00+00:00,86.0,86.01,85.91,85.94,6373.233
2026-03-10 21:17:00+00:00,85.95,86.01,85.94,85.98,1813.09
2026-03-10 21:18:00+00:00,85.98,85.99,85.95,85.96,1292.575
2026-03-10 21:19:00+00:00,85.97,86.07,85.97,86.07,1869.436
2026-03-10 21:20:00+00:00,86.06,86.06,86.0,86.01,678.228
2026-03-10 21:21:00+00:00,86.0,86.01,85.96,85.99,2969.649
2026-03-10 21:22:00+00:00,85.99,86.07,85.96,86.07,504.404
2026-03-10 21:23:00+00:00,86.06,86.06,86.01,86.04,631.947
2026-03-10 21:24:00+00:00,86.03,86.04,86.0,86.01,373.004
2026-03-10 21:25:00+00:00,86.0,86.01,85.91,86.0,1511.959
2026-03-10 21:26:00+00:00,85.99,86.01,85.99,85.99,448.566
2026-03-10 21:27:00+00:00,85.99,86.04,85.99,86.01,445.752
2026-03-10 21:28:00+00:00,86.01,86.01,85.93,85.94,400.176
2026-03-10 21:29:00+00:00,85.94,85.94,85.91,85.94,460.69
2026-03-10 21:30:00+00:00,85.94,86.02,85.94,85.98,900.016
2026-03-10 21:31:00+00:00,85.97,86.03,85.95,86.02,1055.243
2026-03-10 21:32:00+00:00,86.03,86.06,85.95,85.95,1544.912
2026-03-10 21:33:00+00:00,85.95,85.95,85.79,85.89,1514.678
2026-03-10 21:34:00+00:00,85.89,85.94,85.89,85.93,234.247
2026-03-10 21:35:00+00:00,85.94,85.98,85.93,85.98,79.928
2026-03-10 21:36:00+00:00,85.98,85.98,85.54,85.58,17584.754
2026-03-10 21:37:00+00:00,85.59,85.66,85.44,85.47,11360.706
2026-03-10 21:38:00+00:00,85.46,85.53,85.38,85.52,3244.216
2026-03-10 21:39:00+00:00,85.53,85.56,85.48,85.48,2858.705
2026-03-10 21:40:00+00:00,85.49,85.61,85.49,85.57,1958.295
2026-03-10 21:41:00+00:00,85.57,85.62,85.44,85.53,7013.582
2026-03-10 21:42:00+00:00,85.52,85.57,85.43,85.52,2339.929
2026-03-10 21:43:00+00:00,85.51,85.65,85.44,85.56,4651.892
2026-03-10 21:44:00+00:00,85.57,85.72,85.54,85.59,2124.544
2026-03-10 21:45:00+00:00,85.58,85.58,85.25,85.35,5285.806
2026-03-10 21:46:00+00:00,85.35,85.44,85.34,85.43,2204.508
2026-03-10 21:47:00+00:00,85.44,85.49,85.43,85.43,463.391
2026-03-10 21:48:00+00:00,85.43,85.49,85.42,85.48,733.452
2026-03-10 21:49:00+00:00,85.48,85.53,85.48,85.5,915.164
2026-03-10 21:50:00+00:00,85.49,85.49,85.43,85.48,715.701
2026-03-10 21:51:00+00:00,85.48,85.61,85.46,85.61,2542.693
2026-03-10 21:52:00+00:00,85.61,85.61,85.55,85.6,5474.216
2026-03-10 21:53:00+00:00,85.59,85.69,85.59,85.69,604.687
2026-03-10 21:54:00+00:00,85.7,85.74,85.69,85.73,3164.708
2026-03-10 21:55:00+00:00,85.74,85.77,85.72,85.74,2705.595
2026-03-10 21:56:00+00:00,85.75,85.75,85.71,85.72,608.872
2026-03-10 21:57:00+00:00,85.72,85.75,85.69,85.75,1043.113
2026-03-10 21:58:00+00:00,85.75,85.8,85.65,85.67,1263.721
2026-03-10 21:59:00+00:00,85.68,85.75,85.66,85.71,1836.966
2026-03-10 22:00:00+00:00,85.7,85.79,85.69,85.72,2114.826
2026-03-10 22:01:00+00:00,85.72,85.84,85.7,85.78,977.695
2026-03-10 22:02:00+00:00,85.79,85.8,85.7,85.73,1054.222
2026-03-10 22:03:00+00:00,85.73,85.73,85.62,85.69,3255.883
2026-03-10 22:04:00+00:00,85.7,85.73,85.58,85.58,3336.513
2026-03-10 22:05:00+00:00,85.58,85.59,85.48,85.48,2279.498
2026-03-10 22:06:00+00:00,85.49,85.59,85.48,85.59,1397.034
2026-03-10 22:07:00+00:00,85.59,85.59,85.31,85.34,6474.005
2026-03-10 22:08:00+00:00,85.33,85.4,85.31,85.35,1150.889
2026-03-10 22:09:00+00:00,85.36,85.41,85.34,85.37,791.407
2026-03-10 22:10:00+00:00,85.38,85.39,85.15,85.35,10915.964
2026-03-10 22:11:00+00:00,85.34,85.37,85.14,85.24,10835.304
2026-03-10 22:12:00+00:00,85.23,85.29,85.15,85.23,8532.719
2026-03-10 22:13:00+00:00,85.24,85.33,85.24,85.31,3440.296
2026-03-10 22:14:00+00:00,85.32,85.35,85.22,85.3,2422.403
2026-03-10 22:15:00+00:00,85.3,85.3,85.18,85.2,2374.691
2026-03-10 22:16:00+00:00,85.2,85.2,85.12,85.19,4686.31
2026-03-10 22:17:00+00:00,85.18,85.21,85.09,85.14,5548.639
2026-03-10 22:18:00+00:00,85.13,85.15,85.1,85.13,762.11
2026-03-10 22:19:00+00:00,85.12,85.17,85.09,85.1,4197.444
2026-03-10 22:20:00+00:00,85.1,85.12,85.01,85.06,4548.669
2026-03-10 22:21:00+00:00,85.07,85.19,85.07,85.16,13862.321
2026-03-10 22:22:00+00:00,85.16,85.37,85.16,85.32,3990.291
2026-03-10 22:23:00+00:00,85.32,85.56,85.31,85.53,3244.236
2026-03-10 22:24:00+00:00,85.53,85.62,85.5,85.58,2323.584
2026-03-10 22:25:00+00:00,85.58,85.79,85.58,85.67,1801.688
2026-03-10 22:26:00+00:00,85.67,85.77,85.61,85.62,2415.754
2026-03-10 22:27:00+00:00,85.63,85.67,85.63,85.64,211.695
2026-03-10 22:28:00+00:00,85.63,85.63,85.58,85.6,779.87
2026-03-10 22:29:00+00:00,85.6,85.6,85.51,85.54,3382.966
2026-03-10 22:30:00+00:00,85.53,85.55,85.5,85.54,1006.46
2026-03-10 22:31:00+00:00,85.55,85.55,85.5,85.54,833.111
2026-03-10 22:32:00+00:00,85.54,85.54,85.43,85.45,602.965
2026-03-10 22:33:00+00:00,85.46,85.47,85.37,85.38,2173.061
2026-03-10 22:34:00+00:00,85.37,85.41,85.33,85.41,546.923
2026-03-10 22:35:00+00:00,85.41,85.41,85.35,85.36,505.23
2026-03-10 22:36:00+00:00,85.37,85.38,85.31,85.36,832.105
2026-03-10 22:37:00+00:00,85.36,85.37,85.32,85.32,525.626
2026-03-10 22:38:00+00:00,85.33,85.41,85.28,85.41,2687.8
2026-03-10 22:39:00+00:00,85.4,85.44,85.36,85.44,663.217
2026-03-10 22:40:00+00:00,85.45,85.51,85.43,85.49,1174.945
2026-03-10 22:41:00+00:00,85.5,85.5,85.44,85.48,267.09
2026-03-10 22:42:00+00:00,85.48,85.5,85.44,85.49,657.506
2026-03-10 22:43:00+00:00,85.49,85.57,85.49,85.55,912.73
2026-03-10 22:44:00+00:00,85.55,85.55,85.48,85.49,1391.803
2026-03-10 22:45:00+00:00,85.5,85.58,85.49,85.5,545.611
2026-03-10 22:46:00+00:00,85.5,85.55,85.45,85.55,355.683
2026-03-10 22:47:00+00:00,85.54,85.58,85.54,85.55,708.264
2026-03-10 22:48:00+00:00,85.55,85.56,85.53,85.56,473.196
2026-03-10 22:49:00+00:00,85.55,85.62,85.54,85.57,830.246
2026-03-10 22:50:00+00:00,85.56,85.56,85.5,85.52,768.748
2026-03-10 22:51:00+00:00,85.53,85.58,85.52,85.58,416.804
2026-03-10 22:52:00+00:00,85.58,85.61,85.58,85.59,268.04
2026-03-10 22:53:00+00:00,85.59,85.61,85.47,85.49,1958.994
2026-03-10 22:54:00+00:00,85.49,85.52,85.49,85.5,563.56
2026-03-10 22:55:00+00:00,85.51,85.54,85.47,85.51,1928.858
2026-03-10 22:56:00+00:00,85.51,85.51,85.47,85.49,405.693
2026-03-10 22:57:00+00:00,85.5,85.5,85.47,85.48,530.912
2026-03-10 22:58:00+00:00,85.48,85.52,85.47,85.52,146.48
2026-03-10 22:59:00+00:00,85.52,85.53,85.49,85.53,761.712
2026-03-10 23:00:00+00:00,85.52,85.61,85.52,85.6,832.927
2026-03-10 23:01:00+00:00,85.59,85.74,85.59,85.65,1545.098
2026-03-10 23:02:00+00:00,85.65,85.66,85.62,85.64,687.881
2026-03-10 23:03:00+00:00,85.64,85.64,85.59,85.64,1071.404
2026-03-10 23:04:00+00:00,85.64,85.66,85.63,85.66,228.59
2026-03-10 23:05:00+00:00,85.65,85.72,85.63,85.7,1633.697
2026-03-10 23:06:00+00:00,85.7,85.7,85.64,85.65,696.453
2026-03-10 23:07:00+00:00,85.65,85.66,85.61,85.64,384.013
2026-03-10 23:08:00+00:00,85.64,85.64,85.57,85.61,250.748
2026-03-10 23:09:00+00:00,85.62,85.73,85.62,85.73,505.337
2026-03-10 23:10:00+00:00,85.72,85.74,85.65,85.65,468.164
2026-03-10 23:11:00+00:00,85.64,85.66,85.59,85.64,769.777
2026-03-10 23:12:00+00:00,85.64,85.7,85.64,85.68,442.522
2026-03-10 23:13:00+00:00,85.68,85.7,85.64,85.64,241.218
2026-03-10 23:14:00+00:00,85.65,85.72,85.65,85.7,1468.477
2026-03-10 23:15:00+00:00,85.69,85.76,85.67,85.75,478.588
2026-03-10 23:16:00+00:00,85.76,85.8,85.75,85.76,1046.093
2026-03-10 23:17:00+00:00,85.75,85.75,85.7,85.73,691.526
2026-03-10 23:18:00+00:00,85.73,85.77,85.73,85.76,425.471
2026-03-10 23:19:00+00:00,85.76,85.77,85.69,85.71,1277.074
2026-03-10 23:20:00+00:00,85.71,85.76,85.7,85.7,384.962
2026-03-10 23:21:00+00:00,85.69,85.69,85.6,85.65,1013.742
2026-03-10 23:22:00+00:00,85.64,85.69,85.62,85.64,267.158
2026-03-10 23:23:00+00:00,85.64,85.7,85.64,85.7,395.283
2026-03-10 23:24:00+00:00,85.7,85.79,85.69,85.78,655.05
2026-03-10 23:25:00+00:00,85.78,85.79,85.71,85.75,300.138
2026-03-10 23:26:00+00:00,85.75,85.75,85.71,85.72,319.674
2026-03-10 23:27:00+00:00,85.72,85.77,85.53,85.56,6953.73
2026-03-10 23:28:00+00:00,85.55,85.55,85.48,85.51,2500.959
2026-03-10 23:29:00+00:00,85.51,85.54,85.43,85.5,4018.313
2026-03-10 23:30:00+00:00,85.5,85.5,85.4,85.4,3699.455
2026-03-10 23:31:00+00:00,85.39,85.61,85.35,85.47,6984.168
2026-03-10 23:32:00+00:00,85.48,85.53,85.43,85.5,1686.238
2026-03-10 23:33:00+00:00,85.49,85.6,85.49,85.55,1114.742
2026-03-10 23:34:00+00:00,85.55,85.58,85.51,85.52,2102.669
2026-03-10 23:35:00+00:00,85.53,85.64,85.53,85.63,1048.348
2026-03-10 23:36:00+00:00,85.62,85.65,85.6,85.64,559.408
2026-03-10 23:37:00+00:00,85.64,85.69,85.63,85.67,276.537
2026-03-10 23:38:00+00:00,85.68,85.7,85.64,85.68,735.773
2026-03-10 23:39:00+00:00,85.68,85.69,85.66,85.68,800.821
2026-03-10 23:40:00+00:00,85.69,85.7,85.64,85.66,204.271
2026-03-10 23:41:00+00:00,85.66,85.71,85.66,85.67,312.037
2026-03-10 23:42:00+00:00,85.68,85.69,85.63,85.65,1723.596
2026-03-10 23:43:00+00:00,85.66,85.71,85.66,85.71,1119.776
2026-03-10 23:44:00+00:00,85.7,85.71,85.67,85.7,810.032
2026-03-10 23:45:00+00:00,85.7,85.7,85.56,85.65,1973.15
2026-03-10 23:46:00+00:00,85.64,85.66,85.64,85.66,293.144
2026-03-10 23:47:00+00:00,85.65,85.7,85.65,85.67,1697.381
2026-03-10 23:48:00+00:00,85.68,85.74,85.63,85.66,2598.906
2026-03-10 23:49:00+00:00,85.66,85.72,85.66,85.69,202.578
2026-03-10 23:50:00+00:00,85.69,85.78,85.68,85.77,241.66
2026-03-10 23:51:00+00:00,85.77,85.77,85.74,85.76,494.184
2026-03-10 23:52:00+00:00,85.76,85.89,85.76,85.88,1996.841
2026-03-10 23:53:00+00:00,85.87,85.87,85.78,85.78,818.734
2026-03-10 23:54:00+00:00,85.77,85.82,85.72,85.8,1112.709
2026-03-10 23:55:00+00:00,85.8,85.87,85.79,85.84,447.65
2026-03-10 23:56:00+00:00,85.85,85.85,85.81,85.81,430.16
2026-03-10 23:57:00+00:00,85.81,85.86,85.81,85.85,838.805
2026-03-10 23:58:00+00:00,85.85,85.87,85.83,85.87,380.529
2026-03-10 23:59:00+00:00,85.86,85.89,85.86,85.88,803.283
2026-03-11 00:00:00+00:00,85.88,85.88,85.73,85.75,2313.803
2026-03-11 00:01:00+00:00,85.75,85.78,85.68,85.78,2230.739
2026-03-11 00:02:00+00:00,85.77,85.77,85.72,85.77,1502.533
2026-03-11 00:03:00+00:00,85.77,85.79,85.74,85.74,1079.441
2026-03-11 00:04:00+00:00,85.74,85.74,85.59,85.61,1158.519
2026-03-11 00:05:00+00:00,85.61,85.73,85.61,85.71,399.48
2026-03-11 00:06:00+00:00,85.72,85.89,85.72,85.89,1090.368
2026-03-11 00:07:00+00:00,85.88,85.92,85.85,85.91,1261.085
2026-03-11 00:08:00+00:00,85.91,85.91,85.86,85.87,384.676
2026-03-11 00:09:00+00:00,85.87,86.06,85.86,85.99,5415.004
2026-03-11 00:10:00+00:00,85.99,85.99,85.85,85.91,6735.731
2026-03-11 00:11:00+00:00,85.91,86.04,85.9,86.04,876.706
2026-03-11 00:12:00+00:00,86.04,86.13,86.04,86.13,1633.192
2026-03-11 00:13:00+00:00,86.13,86.17,86.1,86.14,782.996
2026-03-11 00:14:00+00:00,86.14,86.16,86.08,86.08,722.801
2026-03-11 00:15:00+00:00,86.08,86.1,86.05,86.05,634.886
2026-03-11 00:16:00+00:00,86.05,86.11,86.05,86.1,252.5
2026-03-11 00:17:00+00:00,86.1,86.11,85.88,85.98,6622.134
2026-03-11 00:18:00+00:00,85.97,85.98,85.73,85.73,4192.589
2026-03-11 00:19:00+00:00,85.74,85.89,85.65,85.83,9584.85
2026-03-11 00:20:00+00:00,85.83,85.86,85.75,85.77,5040.942
2026-03-11 00:21:00+00:00,85.78,85.8,85.72,85.74,4604.645
2026-03-11 00:22:00+00:00,85.74,85.75,85.64,85.72,2168.416
2026-03-11 00:23:00+00:00,85.71,85.84,85.7,85.84,2343.547
2026-03-11 00:24:00+00:00,85.83,85.99,85.82,85.95,1599.655
2026-03-11 00:25:00+00:00,85.95,85.95,85.89,85.93,292.057
2026-03-11 00:26:00+00:00,85.92,85.99,85.91,85.99,646.145
2026-03-11 00:27:00+00:00,86.0,86.02,85.98,86.01,746.093
2026-03-11 00:28:00+00:00,86.02,86.04,85.95,85.97,1958.91
2026-03-11 00:29:00+00:00,85.97,85.98,85.93,85.97,1525.864
2026-03-11 00:30:00+00:00,85.97,85.97,85.88,85.92,2126.201
2026-03-11 00:31:00+00:00,85.92,85.92,85.81,85.82,463.184
2026-03-11 00:32:00+00:00,85.82,85.82,85.63,85.65,2101.197
2026-03-11 00:33:00+00:00,85.65,85.69,85.65,85.67,911.12
2026-03-11 00:34:00+00:00,85.66,85.7,85.63,85.65,985.595
2026-03-11 00:35:00+00:00,85.66,85.67,85.62,85.67,449.553
2026-03-11 00:36:00+00:00,85.67,85.72,85.66,85.72,2560.048
2026-03-11 00:37:00+00:00,85.72,85.88,85.71,85.82,439.233
2026-03-11 00:38:00+00:00,85.83,85.83,85.73,85.75,381.986
2026-03-11 00:39:00+00:00,85.75,85.79,85.75,85.76,486.939
2026-03-11 00:40:00+00:00,85.77,85.77,85.68,85.69,462.493
2026-03-11 00:41:00+00:00,85.69,85.72,85.67,85.7,904.399
2026-03-11 00:42:00+00:00,85.7,85.71,85.67,85.7,630.061
2026-03-11 00:43:00+00:00,85.71,85.73,85.62,85.66,247.318
2026-03-11 00:44:00+00:00,85.65,85.67,85.63,85.66,320.029
2026-03-11 00:45:00+00:00,85.66,85.85,85.66,85.85,1622.357
2026-03-11 00:46:00+00:00,85.86,85.9,85.84,85.87,463.289
2026-03-11 00:47:00+00:00,85.88,85.91,85.87,85.88,631.251
2026-03-11 00:48:00+00:00,85.88,85.88,85.83,85.83,266.983
2026-03-11 00:49:00+00:00,85.83,85.89,85.79,85.89,496.309
2026-03-11 00:50:00+00:00,85.89,86.06,85.89,86.06,552.011
2026-03-11 00:51:00+00:00,86.06,86.18,86.05,86.17,1269.622
2026-03-11 00:52:00+00:00,86.16,86.23,86.12,86.13,779.553
2026-03-11 00:53:00+00:00,86.13,86.15,86.08,86.11,3559.558
2026-03-11 00:54:00+00:00,86.11,86.18,86.09,86.18,1723.976
2026-03-11 00:55:00+00:00,86.18,86.23,86.18,86.22,1384.177
2026-03-11 00:56:00+00:00,86.23,86.24,86.11,86.11,746.846
2026-03-11 00:57:00+00:00,86.1,86.13,86.06,86.08,2765.289
2026-03-11 00:58:00+00:00,86.08,86.08,86.01,86.06,1385.287
2026-03-11 00:59:00+00:00,86.06,86.06,86.0,86.01,1342.051
2026-03-11 01:00:00+00:00,86.02,86.06,86.0,86.03,938.196
2026-03-11 01:01:00+00:00,86.03,86.16,86.03,86.16,3455.338
2026-03-11 01:02:00+00:00,86.17,86.2,86.15,86.17,1216.167
2026-03-11 01:03:00+00:00,86.17,86.19,86.05,86.08,1798.154
2026-03-11 01:04:00+00:00,86.09,86.18,86.09,86.17,1376.472
2026-03-11 01:05:00+00:00,86.17,86.28,86.17,86.21,1550.737
2026-03-11 01:06:00+00:00,86.21,86.21,86.14,86.15,502.902
2026-03-11 01:07:00+00:00,86.14,86.2,86.13,86.18,614.281
2026-03-11 01:08:00+00:00,86.17,86.21,86.15,86.15,783.001
2026-03-11 01:09:00+00:00,86.15,86.16,86.1,86.16,830.292
2026-03-11 01:10:00+00:00,86.15,86.22,86.15,86.21,749.484
2026-03-11 01:11:00+00:00,86.22,86.22,86.07,86.09,2492.304
2026-03-11 01:12:00+00:00,86.08,86.12,86.06,86.12,1180.132
2026-03-11 01:13:00+00:00,86.12,86.17,86.11,86.15,471.88
2026-03-11 01:14:00+00:00,86.15,86.24,86.1,86.11,3250.767
2026-03-11 01:15:00+00:00,86.1,86.13,86.0,86.03,765.68
2026-03-11 01:16:00+00:00,86.03,86.2,86.03,86.2,1630.656
2026-03-11 01:17:00+00:00,86.19,86.19,86.11,86.15,415.833
2026-03-11 01:18:00+00:00,86.15,86.16,86.09,86.1,2037.703
2026-03-11 01:19:00+00:00,86.1,86.1,86.04,86.09,836.953
2026-03-11 01:20:00+00:00,86.08,86.08,86.04,86.06,440.649
2026-03-11 01:21:00+00:00,86.06,86.07,86.0,86.03,615.579
2026-03-11 01:22:00+00:00,86.03,86.06,86.02,86.03,157.699
2026-03-11 01:23:00+00:00,86.02,86.05,85.98,85.99,3788.892
2026-03-11 01:24:00+00:00,85.99,85.99,85.86,85.93,723.637
2026-03-11 01:25:00+00:00,85.93,85.98,85.92,85.92,832.999
2026-03-11 01:26:00+00:00,85.92,85.93,85.89,85.89,678.523
2026-03-11 01:27:00+00:00,85.89,85.95,85.89,85.95,539.983
2026-03-11 01:28:00+00:00,85.95,86.02,85.95,85.98,692.859
2026-03-11 01:29:00+00:00,85.99,86.06,85.97,86.06,1788.491
2026-03-11 01:30:00+00:00,86.05,86.06,85.98,85.99,626.375
2026-03-11 01:31:00+00:00,85.99,86.05,85.99,86.04,785.377
2026-03-11 01:32:00+00:00,86.05,86.09,86.02,86.02,948.623
2026-03-11 01:33:00+00:00,86.01,86.01,85.98,86.0,1072.003
2026-03-11 01:34:00+00:00,86.0,86.04,85.99,86.03,1040.063
2026-03-11 01:35:00+00:00,86.02,86.02,85.75,85.78,1884.443
2026-03-11 01:36:00+00:00,85.77,85.8,85.69,85.72,1645.797
2026-03-11 01:37:00+00:00,85.72,85.78,85.66,85.74,1255.016
2026-03-11 01:38:00+00:00,85.74,85.81,85.74,85.81,561.308
2026-03-11 01:39:00+00:00,85.81,85.86,85.81,85.84,1250.582
2026-03-11 01:40:00+00:00,85.83,85.84,85.82,85.83,332.165
2026-03-11 01:41:00+00:00,85.83,85.84,85.78,85.8,344.218
2026-03-11 01:42:00+00:00,85.79,85.86,85.78,85.85,618.492
2026-03-11 01:43:00+00:00,85.86,85.9,85.86,85.88,492.984
2026-03-11 01:44:00+00:00,85.88,85.91,85.88,85.88,556.109
2026-03-11 01:45:00+00:00,85.88,85.89,85.85,85.87,471.408
2026-03-11 01:46:00+00:00,85.87,85.87,85.84,85.85,214.049
2026-03-11 01:47:00+00:00,85.84,85.93,85.83,85.9,809.316
2026-03-11 01:48:00+00:00,85.9,85.94,85.89,85.9,214.629
2026-03-11 01:49:00+00:00,85.91,85.97,85.91,85.95,498.864
2026-03-11 01:50:00+00:00,85.95,86.18,85.95,86.1,2400.683
2026-03-11 01:51:00+00:00,86.09,86.11,86.07,86.11,616.538
2026-03-11 01:52:00+00:00,86.11,86.11,86.05,86.1,687.706
2026-03-11 01:53:00+00:00,86.1,86.1,86.07,86.09,293.522
2026-03-11 01:54:00+00:00,86.09,86.11,86.08,86.11,524.184
2026-03-11 01:55:00+00:00,86.11,86.17,86.1,86.13,802.314
2026-03-11 01:56:00+00:00,86.14,86.14,86.09,86.1,388.92
2026-03-11 01:57:00+00:00,86.11,86.13,86.07,86.07,343.005
2026-03-11 01:58:00+00:00,86.08,86.11,86.07,86.1,586.785
2026-03-11 01:59:00+00:00,86.11,86.11,86.08,86.09,171.17
2026-03-11 02:00:00+00:00,86.09,86.13,86.09,86.1,1646.435
2026-03-11 02:01:00+00:00,86.1,86.12,86.1,86.11,255.713
2026-03-11 02:02:00+00:00,86.11,86.18,86.1,86.16,1185.174
2026-03-11 02:03:00+00:00,86.17,86.2,86.14,86.15,715.268
2026-03-11 02:04:00+00:00,86.15,86.15,86.06,86.07,1060.893
2026-03-11 02:05:00+00:00,86.08,86.1,86.08,86.09,394.256
2026-03-11 02:06:00+00:00,86.1,86.17,86.1,86.11,489.331
2026-03-11 02:07:00+00:00,86.12,86.12,86.08,86.1,361.359
2026-03-11 02:08:00+00:00,86.1,86.2,86.1,86.2,371.996
2026-03-11 02:09:00+00:00,86.19,86.21,86.14,86.14,1433.269
2026-03-11 02:10:00+00:00,86.15,86.17,86.14,86.15,221.274
2026-03-11 02:11:00+00:00,86.15,86.16,86.09,86.09,2313.015
2026-03-11 02:12:00+00:00,86.09,86.09,86.01,86.04,1112.026
2026-03-11 02:13:00+00:00,86.04,86.07,86.01,86.01,1035.324
2026-03-11 02:14:00+00:00,86.02,86.04,85.99,86.0,243.906
2026-03-11 02:15:00+00:00,85.99,86.08,85.99,86.08,241.493
2026-03-11 02:16:00+00:00,86.09,86.09,86.04,86.08,379.12
2026-03-11 02:17:00+00:00,86.07,86.08,86.01,86.03,510.818
2026-03-11 02:18:00+00:00,86.04,86.09,86.04,86.08,1613.818
2026-03-11 02:19:00+00:00,86.07,86.07,85.97,86.03,1513.224
2026-03-11 02:20:00+00:00,86.03,86.03,86.01,86.03,228.704
2026-03-11 02:21:00+00:00,86.03,86.04,86.01,86.01,119.202
2026-03-11 02:22:00+00:00,86.01,86.04,85.96,86.0,1270.581
2026-03-11 02:23:00+00:00,86.01,86.04,85.94,85.94,967.857
2026-03-11 02:24:00+00:00,85.95,86.07,85.94,86.02,1619.13
2026-03-11 02:25:00+00:00,86.02,86.03,85.97,85.98,1755.179
2026-03-11 02:26:00+00:00,85.98,86.0,85.95,85.99,426.436
2026-03-11 02:27:00+00:00,86.0,86.03,85.99,86.03,435.67
2026-03-11 02:28:00+00:00,86.03,86.06,86.02,86.04,364.756
2026-03-11 02:29:00+00:00,86.03,86.04,86.03,86.04,210.11
2026-03-11 02:30:00+00:00,86.03,86.03,85.99,86.02,232.332
2026-03-11 02:31:00+00:00,86.02,86.02,85.96,85.98,1318.471
2026-03-11 02:32:00+00:00,85.98,86.0,85.86,85.86,1019.215
2026-03-11 02:33:00+00:00,85.86,85.87,85.77,85.82,1190.938
2026-03-11 02:34:00+00:00,85.82,85.86,85.82,85.85,628.159
2026-03-11 02:35:00+00:00,85.85,85.92,85.85,85.91,1000.837
2026-03-11 02:36:00+00:00,85.91,85.91,85.85,85.85,219.442
2026-03-11 02:37:00+00:00,85.85,85.86,85.72,85.73,2160.288
2026-03-11 02:38:00+00:00,85.73,85.75,85.48,85.62,5477.277
2026-03-11 02:39:00+00:00,85.62,85.65,85.55,85.64,1019.489
2026-03-11 02:40:00+00:00,85.65,85.75,85.65,85.71,712.474
2026-03-11 02:41:00+00:00,85.71,85.71,85.68,85.69,419.049
2026-03-11 02:42:00+00:00,85.69,85.69,85.65,85.65,691.276
2026-03-11 02:43:00+00:00,85.65,85.68,85.58,85.62,4455.569
2026-03-11 02:44:00+00:00,85.61,85.68,85.61,85.68,3177.645
2026-03-11 02:45:00+00:00,85.67,85.67,85.6,85.61,482.03
2026-03-11 02:46:00+00:00,85.6,85.62,85.58,85.59,1173.153
2026-03-11 02:47:00+00:00,85.59,85.63,85.55,85.62,1763.758
2026-03-11 02:48:00+00:00,85.63,85.63,85.53,85.61,888.238
2026-03-11 02:49:00+00:00,85.61,85.64,85.6,85.64,1066.011
2026-03-11 02:50:00+00:00,85.64,85.65,85.52,85.56,3379.987
2026-03-11 02:51:00+00:00,85.57,85.72,85.55,85.71,10072.79
2026-03-11 02:52:00+00:00,85.71,85.84,85.71,85.79,3533.522
2026-03-11 02:53:00+00:00,85.79,85.81,85.76,85.8,853.858
2026-03-11 02:54:00+00:00,85.8,85.8,85.76,85.8,898.877
2026-03-11 02:55:00+00:00,85.79,85.81,85.79,85.79,170.718
2026-03-11 02:56:00+00:00,85.79,85.82,85.79,85.81,316.686
2026-03-11 02:57:00+00:00,85.8,85.81,85.79,85.79,179.999
2026-03-11 02:58:00+00:00,85.8,85.82,85.78,85.78,449.869
2026-03-11 02:59:00+00:00,85.78,85.94,85.78,85.92,2080.104
2026-03-11 03:00:00+00:00,85.92,86.04,85.87,86.03,4124.796
2026-03-11 03:01:00+00:00,86.03,86.18,86.03,86.06,2838.06
2026-03-11 03:02:00+00:00,86.05,86.06,85.9,85.91,808.704
2026-03-11 03:03:00+00:00,85.92,85.92,85.84,85.87,584.727
2026-03-11 03:04:00+00:00,85.87,85.87,85.77,85.83,1110.151
2026-03-11 03:05:00+00:00,85.83,85.83,85.8,85.83,103.721
2026-03-11 03:06:00+00:00,85.82,85.87,85.82,85.85,338.581
2026-03-11 03:07:00+00:00,85.84,85.84,85.76,85.79,234.331
2026-03-11 03:08:00+00:00,85.79,85.85,85.77,85.8,1452.605
2026-03-11 03:09:00+00:00,85.81,85.85,85.79,85.85,336.986
2026-03-11 03:10:00+00:00,85.85,85.86,85.81,85.83,2005.123
2026-03-11 03:11:00+00:00,85.83,85.83,85.72,85.76,1627.308
2026-03-11 03:12:00+00:00,85.76,85.79,85.76,85.78,137.673
2026-03-11 03:13:00+00:00,85.79,85.79,85.75,85.75,134.037
2026-03-11 03:14:00+00:00,85.75,85.8,85.75,85.79,480.528
2026-03-11 03:15:00+00:00,85.78,85.78,85.75,85.76,259.604
2026-03-11 03:16:00+00:00,85.76,85.77,85.73,85.74,467.134
2026-03-11 03:17:00+00:00,85.73,85.8,85.73,85.76,554.381
2026-03-11 03:18:00+00:00,85.75,85.75,85.68,85.71,1331.909
2026-03-11 03:19:00+00:00,85.71,85.71,85.63,85.63,320.631
2026-03-11 03:20:00+00:00,85.63,85.7,85.63,85.63,1709.14
2026-03-11 03:21:00+00:00,85.64,85.64,85.53,85.59,2311.028
2026-03-11 03:22:00+00:00,85.58,85.67,85.56,85.66,1030.647
2026-03-11 03:23:00+00:00,85.66,85.68,85.61,85.62,304.597
2026-03-11 03:24:00+00:00,85.61,85.65,85.59,85.59,1228.362
2026-03-11 03:25:00+00:00,85.59,85.61,85.56,85.57,1217.718
2026-03-11 03:26:00+00:00,85.57,85.6,85.57,85.58,273.503
2026-03-11 03:27:00+00:00,85.59,85.63,85.58,85.6,1110.741
2026-03-11 03:28:00+00:00,85.61,85.61,85.55,85.56,483.093
2026-03-11 03:29:00+00:00,85.56,85.58,85.54,85.55,641.33
2026-03-11 03:30:00+00:00,85.55,85.61,85.55,85.59,314.174
2026-03-11 03:31:00+00:00,85.59,85.59,85.54,85.55,361.756
2026-03-11 03:32:00+00:00,85.56,85.64,85.56,85.64,498.983
2026-03-11 03:33:00+00:00,85.64,85.72,85.63,85.71,1168.688
2026-03-11 03:34:00+00:00,85.71,85.71,85.67,85.68,538.746
2026-03-11 03:35:00+00:00,85.67,85.7,85.66,85.69,332.022
2026-03-11 03:36:00+00:00,85.69,85.72,85.68,85.69,186.92
2026-03-11 03:37:00+00:00,85.7,85.74,85.7,85.7,163.467
2026-03-11 03:38:00+00:00,85.69,85.72,85.68,85.72,286.481
2026-03-11 03:39:00+00:00,85.71,85.76,85.7,85.74,171.629
2026-03-11 03:40:00+00:00,85.75,85.75,85.73,85.73,170.667
2026-03-11 03:41:00+00:00,85.73,85.73,85.65,85.66,406.232
2026-03-11 03:42:00+00:00,85.66,85.7,85.65,85.7,533.509
2026-03-11 03:43:00+00:00,85.7,85.73,85.7,85.73,111.393
2026-03-11 03:44:00+00:00,85.72,85.72,85.65,85.67,1144.439
2026-03-11 03:45:00+00:00,85.66,85.69,85.64,85.65,163.366
2026-03-11 03:46:00+00:00,85.65,85.67,85.64,85.66,331.879
2026-03-11 03:47:00+00:00,85.66,85.67,85.64,85.67,1778.033
2026-03-11 03:48:00+00:00,85.66,85.66,85.57,85.57,3603.288
2026-03-11 03:49:00+00:00,85.58,85.65,85.56,85.64,1690.727
2026-03-11 03:50:00+00:00,85.65,85.68,85.63,85.66,463.402
2026-03-11 03:51:00+00:00,85.67,85.69,85.63,85.69,283.968
2026-03-11 03:52:00+00:00,85.69,85.69,85.62,85.63,305.685
2026-03-11 03:53:00+00:00,85.63,85.69,85.62,85.66,438.845
2026-03-11 03:54:00+00:00,85.66,85.66,85.61,85.61,1147.478
2026-03-11 03:55:00+00:00,85.6,85.63,85.56,85.63,226.894
2026-03-11 03:56:00+00:00,85.63,85.64,85.6,85.61,122.259
2026-03-11 03:57:00+00:00,85.6,85.61,85.57,85.61,673.055
2026-03-11 03:58:00+00:00,85.6,85.67,85.6,85.65,126.484
2026-03-11 03:59:00+00:00,85.66,85.67,85.63,85.63,1573.862
2026-03-11 04:00:00+00:00,85.63,85.65,85.6,85.62,542.764
2026-03-11 04:01:00+00:00,85.61,85.64,85.56,85.64,611.845
2026-03-11 04:02:00+00:00,85.65,85.67,85.6,85.61,412.13
2026-03-11 04:03:00+00:00,85.61,85.61,85.53,85.54,800.174
2026-03-11 04:04:00+00:00,85.55,85.6,85.54,85.55,607.908
2026-03-11 04:05:00+00:00,85.55,85.59,85.49,85.57,906.762
2026-03-11 04:06:00+00:00,85.58,85.61,85.54,85.57,1230.121
2026-03-11 04:07:00+00:00,85.58,85.62,85.58,85.58,204.339
2026-03-11 04:08:00+00:00,85.58,85.59,85.54,85.56,471.476
2026-03-11 04:09:00+00:00,85.55,85.56,85.49,85.52,225.145
2026-03-11 04:10:00+00:00,85.51,85.61,85.51,85.61,737.466
2026-03-11 04:11:00+00:00,85.61,85.61,85.57,85.58,231.508
2026-03-11 04:12:00+00:00,85.57,85.6,85.56,85.58,293.123
2026-03-11 04:13:00+00:00,85.58,85.64,85.56,85.64,801.424
2026-03-11 04:14:00+00:00,85.64,85.7,85.64,85.7,378.183
2026-03-11 04:15:00+00:00,85.7,85.81,85.69,85.74,691.366
2026-03-11 04:16:00+00:00,85.73,85.79,85.7,85.74,416.345
2026-03-11 04:17:00+00:00,85.73,85.73,85.67,85.68,172.427
2026-03-11 04:18:00+00:00,85.67,85.81,85.67,85.77,924.607
2026-03-11 04:19:00+00:00,85.77,85.81,85.77,85.81,299.212
2026-03-11 04:20:00+00:00,85.8,85.88,85.79,85.88,730.18
2026-03-11 04:21:00+00:00,85.87,85.87,85.81,85.85,896.312
2026-03-11 04:22:00+00:00,85.85,85.87,85.84,85.86,536.284
2026-03-11 04:23:00+00:00,85.85,85.9,85.85,85.87,341.721
2026-03-11 04:24:00+00:00,85.88,85.97,85.87,85.97,3978.904
2026-03-11 04:25:00+00:00,85.97,86.09,85.94,86.09,2193.64
2026-03-11 04:26:00+00:00,86.08,86.3,86.08,86.24,4843.061
2026-03-11 04:27:00+00:00,86.24,86.24,86.09,86.1,461.234
2026-03-11 04:28:00+00:00,86.1,86.14,86.08,86.11,1073.5
2026-03-11 04:29:00+00:00,86.11,86.2,86.1,86.12,2522.243
2026-03-11 04:30:00+00:00,86.13,86.17,86.09,86.16,2064.83
2026-03-11 04:31:00+00:00,86.16,86.25,86.14,86.19,1223.266
2026-03-11 04:32:00+00:00,86.18,86.48,86.15,86.45,12968.171
2026-03-11 04:33:00+00:00,86.44,86.49,86.27,86.43,5286.79
2026-03-11 04:34:00+00:00,86.43,86.56,86.41,86.55,11944.52
2026-03-11 04:35:00+00:00,86.54,86.56,86.46,86.56,2913.004
2026-03-11 04:36:00+00:00,86.57,86.64,86.55,86.6,4373.167
2026-03-11 04:37:00+00:00,86.6,86.63,86.35,86.42,4148.502
2026-03-11 04:38:00+00:00,86.42,86.45,86.36,86.36,1757.426
2026-03-11 04:39:00+00:00,86.36,86.38,86.34,86.38,814.768
2026-03-11 04:40:00+00:00,86.37,86.39,86.27,86.3,1252.265
2026-03-11 04:41:00+00:00,86.31,86.41,86.31,86.4,1017.074
2026-03-11 04:42:00+00:00,86.41,86.48,86.41,86.44,1841.024
2026-03-11 04:43:00+00:00,86.44,86.45,86.39,86.4,853.609
2026-03-11 04:44:00+00:00,86.4,86.4,86.36,86.39,1059.284
2026-03-11 04:45:00+00:00,86.4,86.41,86.39,86.41,283.289
2026-03-11 04:46:00+00:00,86.4,86.47,86.4,86.47,393.5
2026-03-11 04:47:00+00:00,86.46,86.46,86.39,86.43,330.735
2026-03-11 04:48:00+00:00,86.42,86.54,86.42,86.53,2470.497
2026-03-11 04:49:00+00:00,86.53,86.54,86.48,86.53,1010.649
2026-03-11 04:50:00+00:00,86.53,86.54,86.45,86.46,711.553
2026-03-11 04:51:00+00:00,86.45,86.52,86.45,86.49,863.304
2026-03-11 04:52:00+00:00,86.49,86.56,86.48,86.56,981.553
2026-03-11 04:53:00+00:00,86.56,86.69,86.56,86.61,3263.869
2026-03-11 04:54:00+00:00,86.6,86.62,86.56,86.61,1012.39
2026-03-11 04:55:00+00:00,86.6,86.6,86.49,86.51,437.783
2026-03-11 04:56:00+00:00,86.5,86.51,86.45,86.47,1625.65
2026-03-11 04:57:00+00:00,86.47,86.67,86.46,86.65,5887.195
2026-03-11 04:58:00+00:00,86.64,86.73,86.61,86.73,2245.686
2026-03-11 04:59:00+00:00,86.72,86.84,86.71,86.72,3548.396
2026-03-11 05:00:00+00:00,86.71,86.85,86.71,86.8,3155.601
2026-03-11 05:01:00+00:00,86.79,86.85,86.76,86.81,1963.37
2026-03-11 05:02:00+00:00,86.8,86.88,86.77,86.85,3889.013
2026-03-11 05:03:00+00:00,86.85,86.85,86.73,86.73,1033.292
2026-03-11 05:04:00+00:00,86.74,86.74,86.63,86.67,2192.562
2026-03-11 05:05:00+00:00,86.67,86.67,86.6,86.61,602.942
2026-03-11 05:06:00+00:00,86.62,86.68,86.62,86.67,1829.741
2026-03-11 05:07:00+00:00,86.66,86.66,86.62,86.62,233.761
2026-03-11 05:08:00+00:00,86.62,86.63,86.47,86.51,1752.725
2026-03-11 05:09:00+00:00,86.52,86.54,86.45,86.48,1856.934
2026-03-11 05:10:00+00:00,86.49,86.5,86.46,86.48,2319.791
2026-03-11 05:11:00+00:00,86.48,86.52,86.48,86.51,428.987
2026-03-11 05:12:00+00:00,86.52,86.52,86.47,86.48,641.238
2026-03-11 05:13:00+00:00,86.48,86.48,86.44,86.44,479.899
2026-03-11 05:14:00+00:00,86.45,86.46,86.41,86.44,2361.634
2026-03-11 05:15:00+00:00,86.43,86.44,86.4,86.41,594.294
2026-03-11 05:16:00+00:00,86.42,86.43,86.41,86.42,203.07
2026-03-11 05:17:00+00:00,86.42,86.42,86.33,86.35,2645.05
2026-03-11 05:18:00+00:00,86.35,86.35,86.3,86.31,652.127
2026-03-11 05:19:00+00:00,86.31,86.35,86.3,86.32,511.244
2026-03-11 05:20:00+00:00,86.33,86.34,86.32,86.33,170.614
2026-03-11 05:21:00+00:00,86.32,86.33,86.29,86.3,1610.468
2026-03-11 05:22:00+00:00,86.29,86.29,86.2,86.28,19123.738
2026-03-11 05:23:00+00:00,86.27,86.28,86.22,86.28,784.351
2026-03-11 05:24:00+00:00,86.28,86.28,86.23,86.26,540.174
2026-03-11 05:25:00+00:00,86.26,86.3,86.26,86.29,178.016
2026-03-11 05:26:00+00:00,86.29,86.32,86.29,86.29,363.143
2026-03-11 05:27:00+00:00,86.3,86.32,86.29,86.3,634.285
2026-03-11 05:28:00+00:00,86.3,86.3,86.25,86.25,684.454
2026-03-11 05:29:00+00:00,86.25,86.27,86.25,86.26,335.321
2026-03-11 05:30:00+00:00,86.26,86.26,86.19,86.21,421.196
2026-03-11 05:31:00+00:00,86.22,86.22,86.16,86.21,1170.823
2026-03-11 05:32:00+00:00,86.21,86.22,86.2,86.22,278.913
2026-03-11 05:33:00+00:00,86.22,86.24,86.21,86.22,396.341
2026-03-11 05:34:00+00:00,86.22,86.22,86.14,86.19,3373.928
2026-03-11 05:35:00+00:00,86.19,86.2,86.09,86.11,2339.17
2026-03-11 05:36:00+00:00,86.1,86.13,86.06,86.07,1155.102
2026-03-11 05:37:00+00:00,86.07,86.08,85.96,86.03,3481.493
2026-03-11 05:38:00+00:00,86.03,86.08,86.03,86.05,466.018
2026-03-11 05:39:00+00:00,86.05,86.05,85.92,85.93,824.601
2026-03-11 05:40:00+00:00,85.92,85.95,85.85,85.85,9116.265
2026-03-11 05:41:00+00:00,85.86,85.92,85.84,85.92,1390.627
2026-03-11 05:42:00+00:00,85.91,85.91,85.6,85.71,16351.893
2026-03-11 05:43:00+00:00,85.72,85.86,85.69,85.84,5328.717
2026-03-11 05:44:00+00:00,85.84,85.93,85.84,85.87,3231.701
2026-03-11 05:45:00+00:00,85.87,85.99,85.82,85.96,7308.826
2026-03-11 05:46:00+00:00,85.97,86.0,85.88,85.99,2857.329
2026-03-11 05:47:00+00:00,85.98,86.02,85.96,86.01,2371.151
2026-03-11 05:48:00+00:00,86.0,86.0,85.82,85.82,1306.189
2026-03-11 05:49:00+00:00,85.83,85.85,85.78,85.81,1345.398
2026-03-11 05:50:00+00:00,85.81,85.83,85.76,85.81,1128.846
2026-03-11 05:51:00+00:00,85.82,85.85,85.76,85.77,4275.264
2026-03-11 05:52:00+00:00,85.76,85.81,85.75,85.81,348.797
2026-03-11 05:53:00+00:00,85.81,85.85,85.79,85.81,962.924
2026-03-11 05:54:00+00:00,85.81,85.83,85.78,85.79,2027.114
2026-03-11 05:55:00+00:00,85.79,85.84,85.79,85.79,408.57
2026-03-11 05:56:00+00:00,85.79,85.8,85.78,85.8,337.004
2026-03-11 05:57:00+00:00,85.8,85.8,85.78,85.79,771.947
2026-03-11 05:58:00+00:00,85.78,85.79,85.75,85.78,3323.558
2026-03-11 05:59:00+00:00,85.78,85.78,85.69,85.72,890.075
2026-03-11 06:00:00+00:00,85.72,85.73,85.67,85.68,1924.921
2026-03-11 06:01:00+00:00,85.68,85.72,85.68,85.69,2036.591
2026-03-11 06:02:00+00:00,85.7,85.76,85.7,85.71,1891.85
2026-03-11 06:03:00+00:00,85.71,85.74,85.66,85.74,1474.662
2026-03-11 06:04:00+00:00,85.75,85.89,85.75,85.86,4574.257
2026-03-11 06:05:00+00:00,85.86,85.86,85.76,85.79,5390.196
2026-03-11 06:06:00+00:00,85.79,85.88,85.78,85.82,3865.091
2026-03-11 06:07:00+00:00,85.82,85.83,85.75,85.76,345.773
2026-03-11 06:08:00+00:00,85.76,85.8,85.76,85.79,500.129
2026-03-11 06:09:00+00:00,85.79,85.8,85.71,85.72,915.96
2026-03-11 06:10:00+00:00,85.72,85.87,85.71,85.85,791.772
2026-03-11 06:11:00+00:00,85.84,85.89,85.82,85.84,1626.286
2026-03-11 06:12:00+00:00,85.84,85.84,85.81,85.83,332.944
2026-03-11 06:13:00+00:00,85.83,85.91,85.82,85.89,475.802
2026-03-11 06:14:00+00:00,85.89,85.89,85.87,85.87,179.854
2026-03-11 06:15:00+00:00,85.87,85.89,85.82,85.89,794.278
2026-03-11 06:16:00+00:00,85.89,85.97,85.87,85.88,3357.674
2026-03-11 06:17:00+00:00,85.87,85.87,85.8,85.83,1859.388
2026-03-11 06:18:00+00:00,85.82,85.95,85.82,85.94,1689.125
2026-03-11 06:19:00+00:00,85.95,85.95,85.88,85.89,1358.458
2026-03-11 06:20:00+00:00,85.89,85.92,85.85,85.87,1120.082
2026-03-11 06:21:00+00:00,85.88,85.95,85.88,85.9,689.635
2026-03-11 06:22:00+00:00,85.9,85.91,85.89,85.91,57.43
2026-03-11 06:23:00+00:00,85.91,85.95,85.89,85.94,387.658
2026-03-11 06:24:00+00:00,85.94,85.95,85.93,85.95,207.454
2026-03-11 06:25:00+00:00,85.95,86.03,85.95,86.02,783.109
2026-03-11 06:26:00+00:00,86.01,86.01,85.95,85.95,1082.009
2026-03-11 06:27:00+00:00,85.95,85.96,85.93,85.94,390.033
2026-03-11 06:28:00+00:00,85.93,85.93,85.9,85.93,750.336
2026-03-11 06:29:00+00:00,85.94,85.99,85.93,85.98,2108.732
2026-03-11 06:30:00+00:00,85.99,86.03,85.98,86.03,447.528
2026-03-11 06:31:00+00:00,86.02,86.17,86.02,86.12,673.233
2026-03-11 06:32:00+00:00,86.11,86.12,86.04,86.11,1032.128
2026-03-11 06:33:00+00:00,86.12,86.13,86.06,86.1,627.901
2026-03-11 06:34:00+00:00,86.11,86.16,86.11,86.14,376.73
2026-03-11 06:35:00+00:00,86.13,86.14,86.11,86.11,606.991
2026-03-11 06:36:00+00:00,86.11,86.16,86.11,86.13,1354.861
2026-03-11 06:37:00+00:00,86.13,86.14,86.09,86.11,882.992
2026-03-11 06:38:00+00:00,86.12,86.15,86.1,86.11,748.424
2026-03-11 06:39:00+00:00,86.11,86.17,86.11,86.14,367.489
2026-03-11 06:40:00+00:00,86.14,86.16,86.12,86.13,117.862
2026-03-11 06:41:00+00:00,86.13,86.13,86.06,86.07,2768.958
2026-03-11 06:42:00+00:00,86.06,86.07,85.97,85.98,1019.401
2026-03-11 06:43:00+00:00,85.97,86.0,85.97,85.99,169.933
2026-03-11 06:44:00+00:00,86.0,86.0,85.93,85.94,716.199
2026-03-11 06:45:00+00:00,85.93,85.93,85.8,85.84,906.559
2026-03-11 06:46:00+00:00,85.85,85.88,85.83,85.88,285.919
2026-03-11 06:47:00+00:00,85.88,85.88,85.86,85.87,127.484
2026-03-11 06:48:00+00:00,85.88,85.88,85.78,85.8,489.62
2026-03-11 06:49:00+00:00,85.81,85.85,85.78,85.84,480.931
2026-03-11 06:50:00+00:00,85.83,85.9,85.83,85.9,357.766
2026-03-11 06:51:00+00:00,85.9,86.16,85.9,86.12,2876.133
2026-03-11 06:52:00+00:00,86.13,86.13,85.99,85.99,399.289
2026-03-11 06:53:00+00:00,85.99,86.09,85.98,86.02,493.931
2026-03-11 06:54:00+00:00,86.03,86.05,86.03,86.04,171.307
2026-03-11 06:55:00+00:00,86.04,86.06,86.02,86.04,259.081
2026-03-11 06:56:00+00:00,86.04,86.06,86.03,86.04,250.4
2026-03-11 06:57:00+00:00,86.05,86.05,86.01,86.05,573.216
2026-03-11 06:58:00+00:00,86.06,86.09,86.05,86.05,292.826
2026-03-11 06:59:00+00:00,86.05,86.05,86.02,86.02,642.128
2026-03-11 07:00:00+00:00,86.03,86.11,86.02,86.08,799.751
2026-03-11 07:01:00+00:00,86.08,86.15,86.04,86.04,1410.87
2026-03-11 07:02:00+00:00,86.03,86.08,86.01,86.02,1525.841
2026-03-11 07:03:00+00:00,86.02,86.03,86.0,86.01,235.645
2026-03-11 07:04:00+00:00,86.01,86.08,86.0,86.07,698.048
2026-03-11 07:05:00+00:00,86.07,86.07,85.98,86.0,1958.313
2026-03-11 07:06:00+00:00,86.0,86.09,86.0,86.08,502.75
2026-03-11 07:07:00+00:00,86.08,86.11,86.02,86.02,411.544
2026-03-11 07:08:00+00:00,86.03,86.04,86.0,86.04,909.78
2026-03-11 07:09:00+00:00,86.04,86.04,86.03,86.04,58.134
2026-03-11 07:10:00+00:00,86.05,86.06,86.01,86.06,256.547
2026-03-11 07:11:00+00:00,86.05,86.06,86.05,86.06,156.401
2026-03-11 07:12:00+00:00,86.06,86.06,86.05,86.05,100.246
2026-03-11 07:13:00+00:00,86.06,86.07,86.03,86.06,557.174
2026-03-11 07:14:00+00:00,86.05,86.05,86.01,86.03,535.534
2026-03-11 07:15:00+00:00,86.02,86.05,86.0,86.01,128.007
2026-03-11 07:16:00+00:00,86.0,86.01,85.87,85.91,1055.831
2026-03-11 07:17:00+00:00,85.91,85.96,85.89,85.94,155.876
2026-03-11 07:18:00+00:00,85.94,85.96,85.92,85.92,395.069
2026-03-11 07:19:00+00:00,85.93,85.96,85.93,85.95,123.889
2026-03-11 07:20:00+00:00,85.96,86.0,85.96,85.98,131.198
2026-03-11 07:21:00+00:00,85.97,85.97,85.91,85.94,183.123
2026-03-11 07:22:00+00:00,85.93,85.94,85.84,85.91,408.286
2026-03-11 07:23:00+00:00,85.91,85.95,85.9,85.95,266.431
2026-03-11 07:24:00+00:00,85.95,85.96,85.92,85.94,516.206
2026-03-11 07:25:00+00:00,85.94,86.0,85.93,85.99,326.848
2026-03-11 07:26:00+00:00,85.98,85.98,85.94,85.94,82.116
2026-03-11 07:27:00+00:00,85.94,85.96,85.91,85.95,112.701
2026-03-11 07:28:00+00:00,85.95,85.98,85.9,85.9,263.228
2026-03-11 07:29:00+00:00,85.9,85.92,85.82,85.86,5070.979
2026-03-11 07:30:00+00:00,85.86,85.86,85.81,85.85,5380.177
2026-03-11 07:31:00+00:00,85.85,85.85,85.77,85.78,552.368
2026-03-11 07:32:00+00:00,85.77,85.79,85.77,85.79,88.909
2026-03-11 07:33:00+00:00,85.78,85.78,85.73,85.74,445.463
2026-03-11 07:34:00+00:00,85.74,85.74,85.58,85.59,2109.551
2026-03-11 07:35:00+00:00,85.59,85.64,85.53,85.6,1091.865
2026-03-11 07:36:00+00:00,85.6,85.61,85.45,85.49,9478.028
2026-03-11 07:37:00+00:00,85.48,85.49,85.34,85.35,6012.109
2026-03-11 07:38:00+00:00,85.35,85.36,85.17,85.24,4541.179
2026-03-11 07:39:00+00:00,85.23,85.31,85.21,85.26,982.977
2026-03-11 07:40:00+00:00,85.27,85.33,85.25,85.27,1868.225
2026-03-11 07:41:00+00:00,85.27,85.27,85.14,85.23,2454.481
2026-03-11 07:42:00+00:00,85.23,85.31,85.22,85.27,1928.096
2026-03-11 07:43:00+00:00,85.27,85.38,85.27,85.38,1014.37
2026-03-11 07:44:00+00:00,85.38,85.39,85.3,85.33,1738.638
2026-03-11 07:45:00+00:00,85.33,85.4,85.33,85.36,2684.473
2026-03-11 07:46:00+00:00,85.37,85.41,85.32,85.4,544.42
2026-03-11 07:47:00+00:00,85.41,85.45,85.36,85.37,1322.88
2026-03-11 07:48:00+00:00,85.37,85.44,85.34,85.42,778.007
2026-03-11 07:49:00+00:00,85.41,85.43,85.4,85.41,404.177
2026-03-11 07:50:00+00:00,85.41,85.55,85.41,85.53,583.165
2026-03-11 07:51:00+00:00,85.54,85.55,85.46,85.48,578.726
2026-03-11 07:52:00+00:00,85.47,85.52,85.47,85.5,2478.921
2026-03-11 07:53:00+00:00,85.5,85.54,85.45,85.46,408.818
2026-03-11 07:54:00+00:00,85.45,85.47,85.42,85.43,839.348
2026-03-11 07:55:00+00:00,85.44,85.53,85.44,85.52,740.479
2026-03-11 07:56:00+00:00,85.51,85.51,85.48,85.5,512.912
2026-03-11 07:57:00+00:00,85.51,85.56,85.51,85.54,242.712
2026-03-11 07:58:00+00:00,85.54,85.55,85.47,85.5,1269.008
2026-03-11 07:59:00+00:00,85.49,85.49,85.43,85.45,280.169
2026-03-11 08:00:00+00:00,85.44,85.46,85.39,85.43,2440.032
2026-03-11 08:01:00+00:00,85.43,85.56,85.43,85.45,4911.522
2026-03-11 08:02:00+00:00,85.46,85.48,85.4,85.48,1807.551
2026-03-11 08:03:00+00:00,85.47,85.47,85.4,85.45,684.091
2026-03-11 08:04:00+00:00,85.46,85.55,85.44,85.52,2447.315
2026-03-11 08:05:00+00:00,85.53,85.61,85.53,85.58,1784.23
2026-03-11 08:06:00+00:00,85.58,85.58,85.43,85.48,1796.165
2026-03-11 08:07:00+00:00,85.49,85.52,85.41,85.42,1166.024
2026-03-11 08:08:00+00:00,85.41,85.44,85.36,85.44,1237.465
2026-03-11 08:09:00+00:00,85.45,85.47,85.39,85.41,267.415
2026-03-11 08:10:00+00:00,85.4,85.43,85.38,85.42,972.506
2026-03-11 08:11:00+00:00,85.41,85.42,85.28,85.28,1307.543
2026-03-11 08:12:00+00:00,85.28,85.45,85.27,85.44,2224.583
2026-03-11 08:13:00+00:00,85.44,85.46,85.32,85.35,2865.483
2026-03-11 08:14:00+00:00,85.34,85.41,85.34,85.38,706.228
2026-03-11 08:15:00+00:00,85.38,85.4,85.35,85.36,847.166
2026-03-11 08:16:00+00:00,85.37,85.42,85.34,85.35,1154.358
2026-03-11 08:17:00+00:00,85.35,85.37,85.3,85.34,4335.277
2026-03-11 08:18:00+00:00,85.34,85.34,85.26,85.28,1143.146
2026-03-11 08:19:00+00:00,85.27,85.35,85.26,85.34,2015.682
2026-03-11 08:20:00+00:00,85.34,85.34,85.28,85.28,685.889
2026-03-11 08:21:00+00:00,85.27,85.29,85.17,85.29,2181.126
2026-03-11 08:22:00+00:00,85.28,85.36,85.25,85.34,1337.01
2026-03-11 08:23:00+00:00,85.33,85.33,85.27,85.27,570.561
2026-03-11 08:24:00+00:00,85.27,85.28,85.2,85.21,430.774
2026-03-11 08:25:00+00:00,85.21,85.25,85.21,85.22,422.911
2026-03-11 08:26:00+00:00,85.22,85.26,85.21,85.24,355.175
2026-03-11 08:27:00+00:00,85.24,85.25,85.11,85.14,1020.146
2026-03-11 08:28:00+00:00,85.15,85.17,85.13,85.14,1499.35
2026-03-11 08:29:00+00:00,85.13,85.16,85.09,85.11,1507.118
2026-03-11 08:30:00+00:00,85.12,85.18,85.1,85.18,625.857
2026-03-11 08:31:00+00:00,85.18,85.23,85.14,85.15,742.431
2026-03-11 08:32:00+00:00,85.14,85.25,85.12,85.25,1675.916
2026-03-11 08:33:00+00:00,85.24,85.37,85.22,85.33,1862.467
2026-03-11 08:34:00+00:00,85.32,85.48,85.22,85.41,4759.966
2026-03-11 08:35:00+00:00,85.42,85.43,85.3,85.33,1036.932
2026-03-11 08:36:00+00:00,85.32,85.61,85.28,85.51,7043.692
2026-03-11 08:37:00+00:00,85.52,85.53,85.46,85.47,8997.031
2026-03-11 08:38:00+00:00,85.47,85.47,85.41,85.41,333.054
2026-03-11 08:39:00+00:00,85.41,85.48,85.39,85.48,3150.21
2026-03-11 08:40:00+00:00,85.48,85.53,85.47,85.48,1149.993
2026-03-11 08:41:00+00:00,85.49,85.54,85.47,85.51,955.249
2026-03-11 08:42:00+00:00,85.51,85.53,85.48,85.52,426.72
2026-03-11 08:43:00+00:00,85.53,85.57,85.49,85.49,775.073
2026-03-11 08:44:00+00:00,85.49,85.52,85.46,85.46,277.273
2026-03-11 08:45:00+00:00,85.46,85.46,85.42,85.43,226.596
2026-03-11 08:46:00+00:00,85.42,85.42,85.39,85.41,479.918
2026-03-11 08:47:00+00:00,85.42,85.47,85.4,85.41,685.624
2026-03-11 08:48:00+00:00,85.41,85.41,85.3,85.3,655.39
2026-03-11 08:49:00+00:00,85.31,85.31,85.26,85.28,402.922
2026-03-11 08:50:00+00:00,85.28,85.38,85.27,85.31,474.09
2026-03-11 08:51:00+00:00,85.31,85.31,85.23,85.27,2082.001
2026-03-11 08:52:00+00:00,85.27,85.27,85.17,85.2,1347.007
2026-03-11 08:53:00+00:00,85.21,85.28,85.2,85.24,1017.968
2026-03-11 08:54:00+00:00,85.24,85.31,85.24,85.3,270.131
2026-03-11 08:55:00+00:00,85.3,85.37,85.3,85.36,980.382
2026-03-11 08:56:00+00:00,85.37,85.39,85.34,85.35,286.313
2026-03-11 08:57:00+00:00,85.34,85.53,85.31,85.51,1813.852
2026-03-11 08:58:00+00:00,85.51,85.52,85.43,85.45,472.617
2026-03-11 08:59:00+00:00,85.44,85.54,85.39,85.5,2265.804
2026-03-11 09:00:00+00:00,85.49,85.49,85.4,85.4,791.05
2026-03-11 09:01:00+00:00,85.4,85.43,85.35,85.38,510.525
2026-03-11 09:02:00+00:00,85.39,85.44,85.37,85.39,233.435
2026-03-11 09:03:00+00:00,85.38,85.4,85.34,85.36,1466.056
2026-03-11 09:04:00+00:00,85.37,85.37,85.32,85.36,538.259
2026-03-11 09:05:00+00:00,85.36,85.37,85.32,85.37,256.499
2026-03-11 09:06:00+00:00,85.37,85.38,85.29,85.3,1116.32
2026-03-11 09:07:00+00:00,85.3,85.39,85.29,85.36,600.469
2026-03-11 09:08:00+00:00,85.36,85.38,85.33,85.38,313.074
2026-03-11 09:09:00+00:00,85.38,85.47,85.38,85.45,730.001
2026-03-11 09:10:00+00:00,85.45,85.46,85.39,85.43,231.28
2026-03-11 09:11:00+00:00,85.42,85.42,85.39,85.4,417.502
2026-03-11 09:12:00+00:00,85.39,85.4,85.27,85.28,289.542
2026-03-11 09:13:00+00:00,85.28,85.32,85.25,85.31,1361.866
2026-03-11 09:14:00+00:00,85.31,85.31,85.25,85.28,970.883
2026-03-11 09:15:00+00:00,85.27,85.34,85.27,85.3,1150.09
2026-03-11 09:16:00+00:00,85.3,85.37,85.28,85.34,1318.337
2026-03-11 09:17:00+00:00,85.34,85.42,85.34,85.42,200.814
2026-03-11 09:18:00+00:00,85.42,85.42,85.36,85.36,1730.455
2026-03-11 09:19:00+00:00,85.37,85.37,85.31,85.32,229.307
2026-03-11 09:20:00+00:00,85.32,85.4,85.31,85.37,396.462
2026-03-11 09:21:00+00:00,85.38,85.41,85.36,85.36,179.613
2026-03-11 09:22:00+00:00,85.37,85.42,85.37,85.41,746.853
2026-03-11 09:23:00+00:00,85.41,85.43,85.39,85.42,822.16
2026-03-11 09:24:00+00:00,85.41,85.46,85.33,85.36,533.329
2026-03-11 09:25:00+00:00,85.36,85.41,85.36,85.36,192.091
2026-03-11 09:26:00+00:00,85.36,85.39,85.36,85.38,364.808
2026-03-11 09:27:00+00:00,85.39,85.41,85.38,85.41,191.583
2026-03-11 09:28:00+00:00,85.41,85.41,85.34,85.34,365.435
2026-03-11 09:29:00+00:00,85.34,85.34,85.24,85.26,837.13
2026-03-11 09:30:00+00:00,85.25,85.3,85.23,85.3,1133.53
2026-03-11 09:31:00+00:00,85.29,85.33,85.29,85.32,165.535
2026-03-11 09:32:00+00:00,85.31,85.33,85.25,85.29,620.444
2026-03-11 09:33:00+00:00,85.3,85.35,85.3,85.34,608.275
2026-03-11 09:34:00+00:00,85.34,85.35,85.32,85.32,215.432
2026-03-11 09:35:00+00:00,85.32,85.33,85.3,85.31,154.065
2026-03-11 09:36:00+00:00,85.31,85.32,85.28,85.28,270.444
2026-03-11 09:37:00+00:00,85.29,85.29,85.2,85.21,1190.178
2026-03-11 09:38:00+00:00,85.21,85.24,85.01,85.04,13518.418
2026-03-11 09:39:00+00:00,85.04,85.25,85.04,85.25,848.427
2026-03-11 09:40:00+00:00,85.25,85.42,85.24,85.35,1475.009
2026-03-11 09:41:00+00:00,85.36,85.36,85.3,85.35,352.4
2026-03-11 09:42:00+00:00,85.36,85.37,85.33,85.33,225.527
2026-03-11 09:43:00+00:00,85.33,85.34,85.29,85.29,336.724
2026-03-11 09:44:00+00:00,85.29,85.33,85.28,85.33,167.831
2026-03-11 09:45:00+00:00,85.32,85.35,85.32,85.35,559.378
2026-03-11 09:46:00+00:00,85.35,85.4,85.34,85.4,346.969
2026-03-11 09:47:00+00:00,85.39,85.54,85.37,85.51,1821.688
2026-03-11 09:48:00+00:00,85.5,85.6,85.47,85.53,1482.746
2026-03-11 09:49:00+00:00,85.52,85.52,85.42,85.42,417.832
2026-03-11 09:50:00+00:00,85.41,85.43,85.31,85.32,628.812
2026-03-11 09:51:00+00:00,85.32,85.33,85.26,85.3,667.783
2026-03-11 09:52:00+00:00,85.3,85.32,85.15,85.18,4425.175
2026-03-11 09:53:00+00:00,85.19,85.25,85.15,85.2,2729.209
2026-03-11 09:54:00+00:00,85.2,85.23,85.1,85.15,3652.515
2026-03-11 09:55:00+00:00,85.16,85.2,85.0,85.06,5743.803
2026-03-11 09:56:00+00:00,85.05,85.09,84.72,84.75,16654.515
2026-03-11 09:57:00+00:00,84.74,84.79,84.72,84.77,5460.062
2026-03-11 09:58:00+00:00,84.77,84.81,84.76,84.81,1998.629
2026-03-11 09:59:00+00:00,84.81,84.9,84.81,84.88,1899.928
2026-03-11 10:00:00+00:00,84.88,84.93,84.86,84.87,2576.791
2026-03-11 10:01:00+00:00,84.87,84.91,84.84,84.85,983.806
2026-03-11 10:02:00+00:00,84.84,84.98,84.84,84.94,3277.451
2026-03-11 10:03:00+00:00,84.94,85.02,84.93,84.99,555.11
2026-03-11 10:04:00+00:00,85.0,85.04,84.97,85.0,829.857
2026-03-11 10:05:00+00:00,85.0,85.08,85.0,85.05,718.867
2026-03-11 10:06:00+00:00,85.05,85.05,84.86,84.94,2683.327
2026-03-11 10:07:00+00:00,84.95,85.02,84.95,84.96,581.04
2026-03-11 10:08:00+00:00,84.96,84.98,84.93,84.96,471.311
2026-03-11 10:09:00+00:00,84.96,85.04,84.96,85.03,960.582
2026-03-11 10:10:00+00:00,85.04,85.05,84.96,85.01,1228.551
2026-03-11 10:11:00+00:00,85.0,85.02,84.97,85.0,765.638
2026-03-11 10:12:00+00:00,84.99,85.02,84.97,84.99,1025.401
2026-03-11 10:13:00+00:00,84.98,85.05,84.98,85.02,1819.222
2026-03-11 10:14:00+00:00,85.03,85.08,85.0,85.07,1661.603
2026-03-11 10:15:00+00:00,85.08,85.13,85.05,85.08,1493.338
2026-03-11 10:16:00+00:00,85.08,85.13,85.07,85.12,361.044
2026-03-11 10:17:00+00:00,85.11,85.17,85.08,85.16,440.088
2026-03-11 10:18:00+00:00,85.16,85.22,85.11,85.15,1002.494
2026-03-11 10:19:00+00:00,85.16,85.17,85.13,85.14,317.632
2026-03-11 10:20:00+00:00,85.13,85.15,85.05,85.05,904.283
2026-03-11 10:21:00+00:00,85.06,85.09,85.0,85.04,1219.285
2026-03-11 10:22:00+00:00,85.03,85.06,85.02,85.06,650.357
2026-03-11 10:23:00+00:00,85.05,85.06,85.03,85.04,187.539
2026-03-11 10:24:00+00:00,85.04,85.04,84.99,85.03,3185.452
2026-03-11 10:25:00+00:00,85.03,85.05,84.97,85.02,1307.857
2026-03-11 10:26:00+00:00,85.02,85.03,84.98,84.99,572.345
2026-03-11 10:27:00+00:00,84.99,85.04,84.99,85.04,729.128
2026-03-11 10:28:00+00:00,85.03,85.1,85.01,85.09,2731.406
2026-03-11 10:29:00+00:00,85.09,85.14,85.08,85.14,887.504
2026-03-11 10:30:00+00:00,85.15,85.17,85.11,85.16,371.092
2026-03-11 10:31:00+00:00,85.16,85.2,85.12,85.2,715.737
2026-03-11 10:32:00+00:00,85.2,85.29,85.19,85.27,421.385
2026-03-11 10:33:00+00:00,85.27,85.27,85.19,85.2,1508.764
2026-03-11 10:34:00+00:00,85.2,85.21,85.17,85.19,833.877
2026-03-11 10:35:00+00:00,85.19,85.24,85.19,85.21,1730.026
2026-03-11 10:36:00+00:00,85.21,85.24,85.17,85.19,612.003
2026-03-11 10:37:00+00:00,85.19,85.22,85.19,85.21,1237.148
2026-03-11 10:38:00+00:00,85.22,85.23,85.19,85.2,2189.819
2026-03-11 10:39:00+00:00,85.2,85.27,85.18,85.18,1731.925
2026-03-11 10:40:00+00:00,85.19,85.25,85.19,85.25,424.272
2026-03-11 10:41:00+00:00,85.26,85.32,85.25,85.28,673.377
2026-03-11 10:42:00+00:00,85.27,85.39,85.25,85.37,2801.567
2026-03-11 10:43:00+00:00,85.37,85.46,85.34,85.43,2154.369
2026-03-11 10:44:00+00:00,85.43,85.53,85.43,85.49,1937.819
2026-03-11 10:45:00+00:00,85.49,85.52,85.44,85.45,757.263
2026-03-11 10:46:00+00:00,85.45,85.45,85.38,85.38,1882.451
2026-03-11 10:47:00+00:00,85.39,85.46,85.38,85.44,1161.247
2026-03-11 10:48:00+00:00,85.44,85.46,85.4,85.42,1019.906
2026-03-11 10:49:00+00:00,85.42,85.43,85.4,85.41,88.831
2026-03-11 10:50:00+00:00,85.4,85.41,85.35,85.39,1500.98
2026-03-11 10:51:00+00:00,85.39,85.41,85.36,85.37,1909.878
2026-03-11 10:52:00+00:00,85.38,85.4,85.34,85.38,658.126
2026-03-11 10:53:00+00:00,85.38,85.4,85.33,85.36,319.969
2026-03-11 10:54:00+00:00,85.36,85.4,85.35,85.39,743.118
2026-03-11 10:55:00+00:00,85.39,85.39,85.35,85.36,456.905
2026-03-11 10:56:00+00:00,85.37,85.37,85.32,85.34,465.493
2026-03-11 10:57:00+00:00,85.35,85.38,85.34,85.38,153.498
2026-03-11 10:58:00+00:00,85.38,85.39,85.38,85.39,532.976
2026-03-11 10:59:00+00:00,85.39,85.4,85.25,85.25,4726.399
2026-03-11 11:00:00+00:00,85.25,85.32,85.03,85.03,6937.635
2026-03-11 11:01:00+00:00,85.03,85.13,84.95,85.07,6319.837
2026-03-11 11:02:00+00:00,85.07,85.09,84.97,85.08,3813.618
2026-03-11 11:03:00+00:00,85.09,85.13,84.94,84.97,2936.981
2026-03-11 11:04:00+00:00,84.97,85.03,84.96,85.02,1967.238
2026-03-11 11:05:00+00:00,85.01,85.11,85.01,85.11,1121.256
2026-03-11 11:06:00+00:00,85.11,85.11,85.02,85.02,564.692
2026-03-11 11:07:00+00:00,85.03,85.07,84.96,85.07,1406.626
2026-03-11 11:08:00+00:00,85.08,85.16,85.08,85.15,826.727
2026-03-11 11:09:00+00:00,85.15,85.27,85.14,85.2,1965.382
2026-03-11 11:10:00+00:00,85.2,85.25,85.18,85.18,923.33
2026-03-11 11:11:00+00:00,85.17,85.2,85.15,85.18,992.194
2026-03-11 11:12:00+00:00,85.17,85.18,85.1,85.13,373.629
2026-03-11 11:13:00+00:00,85.13,85.15,85.09,85.1,553.201
2026-03-11 11:14:00+00:00,85.1,85.24,85.09,85.23,931.618
2026-03-11 11:15:00+00:00,85.24,85.31,85.24,85.27,1002.169
2026-03-11 11:16:00+00:00,85.28,85.3,85.24,85.25,983.885
2026-03-11 11:17:00+00:00,85.25,85.28,85.22,85.25,589.569
2026-03-11 11:18:00+00:00,85.25,85.28,85.23,85.27,1023.125
2026-03-11 11:19:00+00:00,85.28,85.28,85.18,85.2,829.997
2026-03-11 11:20:00+00:00,85.21,85.22,85.19,85.2,370.28
2026-03-11 11:21:00+00:00,85.2,85.2,85.14,85.14,405.791
2026-03-11 11:22:00+00:00,85.15,85.15,85.03,85.11,1074.235
2026-03-11 11:23:00+00:00,85.11,85.12,85.08,85.11,659.633
2026-03-11 11:24:00+00:00,85.1,85.13,85.06,85.09,580.389
2026-03-11 11:25:00+00:00,85.09,85.12,85.06,85.1,1008.189
2026-03-11 11:26:00+00:00,85.1,85.11,85.05,85.06,398.743
2026-03-11 11:27:00+00:00,85.06,85.06,85.04,85.04,85.422
2026-03-11 11:28:00+00:00,85.04,85.05,84.87,84.9,2393.446
2026-03-11 11:29:00+00:00,84.91,85.01,84.91,84.97,939.054
2026-03-11 11:30:00+00:00,84.96,85.06,84.96,85.04,905.923
2026-03-11 11:31:00+00:00,85.03,85.09,85.0,85.07,1225.376
2026-03-11 11:32:00+00:00,85.07,85.13,85.06,85.09,251.962
2026-03-11 11:33:00+00:00,85.09,85.12,85.06,85.06,792.759
2026-03-11 11:34:00+00:00,85.07,85.08,85.01,85.07,659.11
2026-03-11 11:35:00+00:00,85.07,85.12,85.06,85.06,484.914
2026-03-11 11:36:00+00:00,85.06,85.07,84.99,85.01,1555.98
2026-03-11 11:37:00+00:00,85.02,85.06,85.0,85.03,492.3
2026-03-11 11:38:00+00:00,85.03,85.08,84.89,84.94,5863.682
2026-03-11 11:39:00+00:00,84.94,84.94,84.78,84.82,3162.011
2026-03-11 11:40:00+00:00,84.82,84.82,84.72,84.76,2923.26
2026-03-11 11:41:00+00:00,84.77,84.84,84.74,84.83,2468.083
2026-03-11 11:42:00+00:00,84.83,84.84,84.66,84.73,4371.229
2026-03-11 11:43:00+00:00,84.74,84.74,84.46,84.56,7806.589
2026-03-11 11:44:00+00:00,84.57,84.61,84.53,84.6,3541.51
2026-03-11 11:45:00+00:00,84.6,84.64,84.5,84.53,5004.117
2026-03-11 11:46:00+00:00,84.54,84.6,84.5,84.5,1775.144
2026-03-11 11:47:00+00:00,84.51,84.59,84.49,84.56,5542.211
2026-03-11 11:48:00+00:00,84.56,84.63,84.55,84.61,2258.46
2026-03-11 11:49:00+00:00,84.62,84.66,84.57,84.57,4300.674
2026-03-11 11:50:00+00:00,84.58,84.74,84.54,84.57,24416.578
2026-03-11 11:51:00+00:00,84.57,84.65,84.49,84.54,5683.63
2026-03-11 11:52:00+00:00,84.54,84.6,84.49,84.5,2292.912
2026-03-11 11:53:00+00:00,84.49,84.52,84.46,84.51,2195.165
2026-03-11 11:54:00+00:00,84.51,84.54,84.49,84.5,1437.793
2026-03-11 11:55:00+00:00,84.5,84.56,84.5,84.53,1441.47
2026-03-11 11:56:00+00:00,84.53,84.54,84.39,84.49,4532.974
2026-03-11 11:57:00+00:00,84.49,84.55,84.43,84.54,2143.136
2026-03-11 11:58:00+00:00,84.53,84.63,84.53,84.61,1876.221
2026-03-11 11:59:00+00:00,84.61,84.61,84.52,84.55,4025.471
2026-03-11 12:00:00+00:00,84.54,84.66,84.51,84.66,1875.694
2026-03-11 12:01:00+00:00,84.65,84.69,84.57,84.6,5821.731
2026-03-11 12:02:00+00:00,84.6,84.68,84.58,84.64,2983.813
2026-03-11 12:03:00+00:00,84.63,84.63,84.47,84.54,1447.314
2026-03-11 12:04:00+00:00,84.54,84.54,84.46,84.5,1045.856
2026-03-11 12:05:00+00:00,84.5,84.54,84.5,84.51,836.677
2026-03-11 12:06:00+00:00,84.51,84.51,84.45,84.45,2565.028
2026-03-11 12:07:00+00:00,84.45,84.47,84.37,84.44,2604.812
2026-03-11 12:08:00+00:00,84.45,84.48,84.36,84.38,1782.967
2026-03-11 12:09:00+00:00,84.38,84.48,84.38,84.45,2101.139
2026-03-11 12:10:00+00:00,84.46,84.54,84.43,84.53,1316.174
2026-03-11 12:11:00+00:00,84.52,84.66,84.52,84.63,4922.858
2026-03-11 12:12:00+00:00,84.62,84.65,84.57,84.61,1602.533
2026-03-11 12:13:00+00:00,84.62,84.62,84.57,84.61,1432.376
2026-03-11 12:14:00+00:00,84.61,84.84,84.6,84.75,8274.806
2026-03-11 12:15:00+00:00,84.74,84.8,84.74,84.77,2110.776
2026-03-11 12:16:00+00:00,84.77,84.78,84.74,84.77,1408.964
2026-03-11 12:17:00+00:00,84.77,84.81,84.77,84.78,762.413
2026-03-11 12:18:00+00:00,84.78,84.81,84.78,84.8,630.758
2026-03-11 12:19:00+00:00,84.79,84.8,84.75,84.79,937.608
2026-03-11 12:20:00+00:00,84.79,84.82,84.75,84.82,1089.472
2026-03-11 12:21:00+00:00,84.83,84.89,84.79,84.88,1471.102
2026-03-11 12:22:00+00:00,84.87,84.97,84.84,84.95,3959.921
2026-03-11 12:23:00+00:00,84.96,85.08,84.95,85.06,8039.567
2026-03-11 12:24:00+00:00,85.06,85.09,85.0,85.09,2761.499
2026-03-11 12:25:00+00:00,85.08,85.13,85.06,85.09,1212.452
2026-03-11 12:26:00+00:00,85.1,85.11,85.05,85.07,572.547
2026-03-11 12:27:00+00:00,85.06,85.11,85.06,85.11,239.218
2026-03-11 12:28:00+00:00,85.1,85.2,85.1,85.11,1201.556
2026-03-11 12:29:00+00:00,85.11,85.16,85.09,85.15,837.136
2026-03-11 12:30:00+00:00,85.16,85.72,85.15,85.21,39999.041
2026-03-11 12:31:00+00:00,85.21,85.37,85.2,85.3,3979.248
2026-03-11 12:32:00+00:00,85.3,85.32,85.11,85.11,3247.286
2026-03-11 12:33:00+00:00,85.11,85.12,84.96,84.98,3990.315
2026-03-11 12:34:00+00:00,84.98,85.07,84.98,85.02,2165.466
2026-03-11 12:35:00+00:00,85.02,85.02,84.95,85.01,582.532
2026-03-11 12:36:00+00:00,85.01,85.08,84.99,85.08,1784.363
2026-03-11 12:37:00+00:00,85.09,85.11,85.05,85.06,1519.865
2026-03-11 12:38:00+00:00,85.06,85.15,85.06,85.08,4241.63
2026-03-11 12:39:00+00:00,85.09,85.19,85.08,85.16,1064.258
2026-03-11 12:40:00+00:00,85.15,85.25,85.14,85.19,1919.43
2026-03-11 12:41:00+00:00,85.19,85.19,85.05,85.05,2329.337
2026-03-11 12:42:00+00:00,85.05,85.05,84.84,84.89,2782.819
2026-03-11 12:43:00+00:00,84.89,84.99,84.89,84.95,589.567
2026-03-11 12:44:00+00:00,84.96,85.05,84.96,85.04,624.838
2026-03-11 12:45:00+00:00,85.04,85.04,84.94,84.96,1425.723
2026-03-11 12:46:00+00:00,84.97,84.98,84.95,84.97,392.23
2026-03-11 12:47:00+00:00,84.98,85.06,84.93,85.02,1007.239
2026-03-11 12:48:00+00:00,85.02,85.1,85.0,85.09,874.013
2026-03-11 12:49:00+00:00,85.09,85.19,85.08,85.18,953.448
2026-03-11 12:50:00+00:00,85.17,85.17,85.02,85.07,607.795
2026-03-11 12:51:00+00:00,85.07,85.14,85.06,85.12,1033.648
2026-03-11 12:52:00+00:00,85.13,85.2,85.13,85.2,1864.406
2026-03-11 12:53:00+00:00,85.19,85.2,85.12,85.14,2257.93
2026-03-11 12:54:00+00:00,85.14,85.23,85.1,85.22,637.659
2026-03-11 12:55:00+00:00,85.23,85.3,85.19,85.19,1084.235
2026-03-11 12:56:00+00:00,85.2,85.22,85.17,85.22,691.976
2026-03-11 12:57:00+00:00,85.22,85.27,85.19,85.26,360.824
2026-03-11 12:58:00+00:00,85.26,85.29,85.21,85.23,849.045
2026-03-11 12:59:00+00:00,85.22,85.23,85.17,85.2,590.128
2026-03-11 13:00:00+00:00,85.2,85.21,85.16,85.19,443.181
2026-03-11 13:01:00+00:00,85.19,85.2,85.13,85.14,762.651
2026-03-11 13:02:00+00:00,85.14,85.17,85.12,85.15,231.786
2026-03-11 13:03:00+00:00,85.14,85.2,85.14,85.14,981.326
2026-03-11 13:04:00+00:00,85.15,85.24,85.15,85.24,3517.821
2026-03-11 13:05:00+00:00,85.23,85.42,85.23,85.36,2663.646
2026-03-11 13:06:00+00:00,85.37,85.4,85.36,85.37,1378.428
2026-03-11 13:07:00+00:00,85.36,85.37,85.33,85.36,1271.56
2026-03-11 13:08:00+00:00,85.37,85.4,85.34,85.36,569.365
2026-03-11 13:09:00+00:00,85.37,85.5,85.37,85.43,1859.28
2026-03-11 13:10:00+00:00,85.43,85.56,85.43,85.54,2131.569
2026-03-11 13:11:00+00:00,85.54,85.61,85.53,85.6,2606.805
2026-03-11 13:12:00+00:00,85.6,85.74,85.57,85.74,4693.554
2026-03-11 13:13:00+00:00,85.74,85.93,85.74,85.86,7126.743
2026-03-11 13:14:00+00:00,85.87,86.19,85.87,86.05,15258.377
2026-03-11 13:15:00+00:00,86.05,86.11,86.0,86.02,7641.144
2026-03-11 13:16:00+00:00,86.01,86.1,86.0,86.07,4298.461
2026-03-11 13:17:00+00:00,86.07,86.32,86.07,86.16,6581.861
2026-03-11 13:18:00+00:00,86.17,86.18,85.9,86.06,8607.071
2026-03-11 13:19:00+00:00,86.06,86.18,86.04,86.17,5143.97
2026-03-11 13:20:00+00:00,86.17,86.4,86.17,86.32,9155.752
2026-03-11 13:21:00+00:00,86.32,86.5,86.29,86.34,11315.106
2026-03-11 13:22:00+00:00,86.34,86.44,86.29,86.36,5627.171
2026-03-11 13:23:00+00:00,86.37,86.38,86.28,86.29,4896.691
2026-03-11 13:24:00+00:00,86.29,86.29,86.2,86.24,2237.721
2026-03-11 13:25:00+00:00,86.24,86.29,86.19,86.23,3258.362
2026-03-11 13:26:00+00:00,86.23,86.23,86.15,86.17,4787.236
2026-03-11 13:27:00+00:00,86.17,86.26,86.14,86.16,3308.331
2026-03-11 13:28:00+00:00,86.15,86.24,86.15,86.2,1629.233
2026-03-11 13:29:00+00:00,86.2,86.25,86.19,86.24,1801.063
2026-03-11 13:30:00+00:00,86.24,86.37,86.24,86.33,7816.181
2026-03-11 13:31:00+00:00,86.34,86.64,86.26,86.6,18992.298
2026-03-11 13:32:00+00:00,86.59,86.77,86.53,86.71,12397.757
2026-03-11 13:33:00+00:00,86.72,86.97,86.72,86.88,6948.857
2026-03-11 13:34:00+00:00,86.89,86.93,86.77,86.89,4689.783
2026-03-11 13:35:00+00:00,86.88,87.04,86.76,86.81,10487.378
2026-03-11 13:36:00+00:00,86.82,87.11,86.8,87.06,6393.457
2026-03-11 13:37:00+00:00,87.06,87.1,86.89,87.0,7548.598
2026-03-11 13:38:00+00:00,87.01,87.3,87.01,87.23,10877.97
2026-03-11 13:39:00+00:00,87.23,87.38,87.22,87.31,13014.52
2026-03-11 13:40:00+00:00,87.3,87.4,87.19,87.2,5138.796
2026-03-11 13:41:00+00:00,87.2,87.22,87.04,87.06,13106.449
2026-03-11 13:42:00+00:00,87.07,87.09,86.85,86.94,10298.554
2026-03-11 13:43:00+00:00,86.94,86.94,86.7,86.71,22249.507
2026-03-11 13:44:00+00:00,86.71,86.71,86.28,86.28,13887.389
2026-03-11 13:45:00+00:00,86.28,86.53,86.22,86.33,9386.894
2026-03-11 13:46:00+00:00,86.34,86.39,86.01,86.09,10604.962
2026-03-11 13:47:00+00:00,86.1,86.13,85.83,85.9,14140.951
2026-03-11 13:48:00+00:00,85.89,86.14,85.87,86.02,9801.931
2026-03-11 13:49:00+00:00,86.03,86.19,85.94,86.16,3995.738
2026-03-11 13:50:00+00:00,86.15,86.15,85.84,85.86,5917.356
2026-03-11 13:51:00+00:00,85.86,85.87,85.57,85.67,14453.273
2026-03-11 13:52:00+00:00,85.67,85.75,85.57,85.67,7019.025
2026-03-11 13:53:00+00:00,85.67,85.89,85.67,85.78,3970.733
2026-03-11 13:54:00+00:00,85.78,85.78,85.63,85.7,2621.506
2026-03-11 13:55:00+00:00,85.7,85.8,85.4,85.56,8966.384
2026-03-11 13:56:00+00:00,85.55,85.87,85.52,85.87,6616.258
2026-03-11 13:57:00+00:00,85.88,86.03,85.76,85.96,7798.164
2026-03-11 13:58:00+00:00,85.97,86.03,85.85,86.02,3856.489
2026-03-11 13:59:00+00:00,86.02,86.02,85.92,85.98,1548.381
2026-03-11 14:00:00+00:00,85.97,86.5,85.94,86.49,24019.749
2026-03-11 14:01:00+00:00,86.48,86.52,86.08,86.09,12165.744
2026-03-11 14:02:00+00:00,86.08,86.66,86.06,86.57,13010.995
2026-03-11 14:03:00+00:00,86.57,86.57,86.16,86.16,6724.656
2026-03-11 14:04:00+00:00,86.17,86.34,86.17,86.2,7378.61
2026-03-11 14:05:00+00:00,86.21,86.38,86.18,86.33,5986.018
2026-03-11 14:06:00+00:00,86.32,86.39,86.19,86.23,3232.367
2026-03-11 14:07:00+00:00,86.24,86.29,86.22,86.26,4122.18
2026-03-11 14:08:00+00:00,86.26,86.28,86.02,86.09,7485.436
2026-03-11 14:09:00+00:00,86.1,86.22,86.1,86.11,3298.145
2026-03-11 14:10:00+00:00,86.11,86.15,85.85,85.9,10223.884
2026-03-11 14:11:00+00:00,85.89,86.05,85.8,86.03,4791.679
2026-03-11 14:12:00+00:00,86.03,86.03,85.75,85.85,18229.341
2026-03-11 14:13:00+00:00,85.84,85.97,85.77,85.89,4351.73
2026-03-11 14:14:00+00:00,85.89,86.14,85.89,86.09,4110.606
2026-03-11 14:15:00+00:00,86.08,86.14,85.99,86.07,3141.575
2026-03-11 14:16:00+00:00,86.06,86.19,86.04,86.15,3608.982
2026-03-11 14:17:00+00:00,86.15,86.34,86.12,86.31,4649.558
2026-03-11 14:18:00+00:00,86.3,86.4,86.26,86.4,1864.859
2026-03-11 14:19:00+00:00,86.4,86.55,86.37,86.5,4294.185
2026-03-11 14:20:00+00:00,86.51,86.56,86.46,86.55,2247.162
2026-03-11 14:21:00+00:00,86.55,86.61,86.5,86.5,2617.299
2026-03-11 14:22:00+00:00,86.51,86.53,86.41,86.44,2354.589
2026-03-11 14:23:00+00:00,86.45,86.53,86.33,86.49,4939.917
2026-03-11 14:24:00+00:00,86.48,86.54,86.3,86.3,1989.773
2026-03-11 14:25:00+00:00,86.3,86.34,86.16,86.24,2722.09
2026-03-11 14:26:00+00:00,86.25,86.29,86.08,86.14,2583.93
2026-03-11 14:27:00+00:00,86.14,86.22,86.03,86.18,2015.448
2026-03-11 14:28:00+00:00,86.17,86.44,86.12,86.44,980.556
2026-03-11 14:29:00+00:00,86.43,86.7,86.42,86.64,3366.233
2026-03-11 14:30:00+00:00,86.63,86.65,86.46,86.49,939.11
2026-03-11 14:31:00+00:00,86.5,86.74,86.49,86.51,4059.502
2026-03-11 14:32:00+00:00,86.51,86.56,86.39,86.55,1827.863
2026-03-11 14:33:00+00:00,86.56,86.58,86.36,86.37,1969.932
2026-03-11 14:34:00+00:00,86.37,86.44,86.3,86.44,2030.803
2026-03-11 14:35:00+00:00,86.43,86.66,86.43,86.56,2171.559
2026-03-11 14:36:00+00:00,86.57,86.82,86.57,86.7,4799.361
2026-03-11 14:37:00+00:00,86.7,86.95,86.67,86.92,5150.386
2026-03-11 14:38:00+00:00,86.93,87.06,86.91,86.94,9294.485
2026-03-11 14:39:00+00:00,86.95,87.01,86.82,86.87,2663.701
2026-03-11 14:40:00+00:00,86.88,86.9,86.79,86.8,1562.333
2026-03-11 14:41:00+00:00,86.79,86.85,86.6,86.66,6429.829
2026-03-11 14:42:00+00:00,86.66,86.82,86.66,86.81,1487.0
2026-03-11 14:43:00+00:00,86.81,86.98,86.75,86.9,4451.799
2026-03-11 14:44:00+00:00,86.91,86.98,86.89,86.93,1494.057
2026-03-11 14:45:00+00:00,86.94,87.09,86.88,87.08,6380.312
2026-03-11 14:46:00+00:00,87.08,87.2,86.68,86.69,4488.743
2026-03-11 14:47:00+00:00,86.7,86.86,86.62,86.79,987.503
2026-03-11 14:48:00+00:00,86.79,86.82,86.67,86.77,2512.518
2026-03-11 14:49:00+00:00,86.77,86.85,86.75,86.78,1341.391
2026-03-11 14:50:00+00:00,86.78,86.79,86.68,86.73,628.295
2026-03-11 14:51:00+00:00,86.74,86.83,86.71,86.82,1689.746
2026-03-11 14:52:00+00:00,86.81,86.82,86.69,86.71,1377.934
2026-03-11 14:53:00+00:00,86.72,86.72,86.53,86.64,3245.453
2026-03-11 14:54:00+00:00,86.64,86.73,86.6,86.71,1170.759
2026-03-11 14:55:00+00:00,86.71,86.71,86.56,86.56,1654.836
2026-03-11 14:56:00+00:00,86.57,86.67,86.55,86.6,1988.107
2026-03-11 14:57:00+00:00,86.61,86.64,86.56,86.59,2915.005
2026-03-11 14:58:00+00:00,86.59,86.68,86.58,86.62,2756.469
2026-03-11 14:59:00+00:00,86.63,86.65,86.39,86.53,6406.396
2026-03-11 15:00:00+00:00,86.54,86.64,86.53,86.6,2645.643
2026-03-11 15:01:00+00:00,86.61,86.65,86.47,86.5,1092.083
2026-03-11 15:02:00+00:00,86.51,86.52,86.11,86.15,6274.975
2026-03-11 15:03:00+00:00,86.14,86.26,86.05,86.24,6290.454
2026-03-11 15:04:00+00:00,86.23,86.34,86.12,86.32,3588.922
2026-03-11 15:05:00+00:00,86.32,86.35,86.21,86.22,2716.22
2026-03-11 15:06:00+00:00,86.21,86.23,85.97,86.01,4517.465
2026-03-11 15:07:00+00:00,86.01,86.08,85.97,86.04,2423.148
2026-03-11 15:08:00+00:00,86.04,86.04,85.96,86.02,1792.907
2026-03-11 15:09:00+00:00,86.02,86.06,85.93,86.01,4439.018
2026-03-11 15:10:00+00:00,86.02,86.15,86.01,86.06,4033.564
2026-03-11 15:11:00+00:00,86.05,86.07,85.8,85.96,2911.507
2026-03-11 15:12:00+00:00,85.96,85.99,85.64,85.67,4052.463
2026-03-11 15:13:00+00:00,85.67,85.75,85.61,85.72,3343.838
2026-03-11 15:14:00+00:00,85.73,85.79,85.69,85.76,866.443
2026-03-11 15:15:00+00:00,85.76,85.81,85.63,85.65,1606.573
2026-03-11 15:16:00+00:00,85.65,85.83,85.64,85.73,2322.951
2026-03-11 15:17:00+00:00,85.74,85.77,85.66,85.7,639.871
2026-03-11 15:18:00+00:00,85.7,85.73,85.62,85.71,2186.514
2026-03-11 15:19:00+00:00,85.72,85.91,85.72,85.88,1162.981
2026-03-11 15:20:00+00:00,85.88,85.96,85.88,85.9,2303.869
2026-03-11 15:21:00+00:00,85.89,86.0,85.83,85.85,2330.497
2026-03-11 15:22:00+00:00,85.85,85.87,85.72,85.77,1615.367
2026-03-11 15:23:00+00:00,85.76,85.99,85.75,85.94,516.638
2026-03-11 15:24:00+00:00,85.94,86.01,85.93,85.98,2577.823
2026-03-11 15:25:00+00:00,85.97,86.03,85.95,85.98,1526.345
2026-03-11 15:26:00+00:00,85.98,85.99,85.87,85.89,581.457
2026-03-11 15:27:00+00:00,85.89,85.9,85.71,85.87,1327.229
2026-03-11 15:28:00+00:00,85.86,85.91,85.76,85.8,1130.352
2026-03-11 15:29:00+00:00,85.81,85.81,85.61,85.61,1460.153
2026-03-11 15:30:00+00:00,85.61,85.66,85.02,85.09,20095.268
2026-03-11 15:31:00+00:00,85.08,85.08,84.86,84.88,7051.615
2026-03-11 15:32:00+00:00,84.88,84.88,84.57,84.82,7990.999
2026-03-11 15:33:00+00:00,84.83,84.87,84.76,84.86,3207.905
2026-03-11 15:34:00+00:00,84.86,85.24,84.86,85.14,3705.22
2026-03-11 15:35:00+00:00,85.13,85.15,85.02,85.09,2793.653
2026-03-11 15:36:00+00:00,85.09,85.16,85.05,85.09,1049.37
2026-03-11 15:37:00+00:00,85.09,85.21,85.09,85.14,3595.717
2026-03-11 15:38:00+00:00,85.14,85.27,85.13,85.18,1526.749
2026-03-11 15:39:00+00:00,85.18,85.25,85.1,85.16,1351.049
2026-03-11 15:40:00+00:00,85.17,85.2,85.1,85.13,2481.554
2026-03-11 15:41:00+00:00,85.13,85.3,85.13,85.24,1077.462
2026-03-11 15:42:00+00:00,85.24,85.24,85.15,85.18,1948.842
2026-03-11 15:43:00+00:00,85.18,85.21,85.15,85.15,1482.888
2026-03-11 15:44:00+00:00,85.15,85.16,84.97,84.98,2727.38
2026-03-11 15:45:00+00:00,84.97,85.02,84.89,85.0,2333.92
2026-03-11 15:46:00+00:00,85.01,85.11,84.99,85.1,1675.316
2026-03-11 15:47:00+00:00,85.1,85.1,84.99,85.04,1668.646
2026-03-11 15:48:00+00:00,85.05,85.05,84.83,84.86,4721.807
2026-03-11 15:49:00+00:00,84.85,84.98,84.78,84.95,6369.529
2026-03-11 15:50:00+00:00,84.95,85.26,84.95,85.22,2108.475
2026-03-11 15:51:00+00:00,85.22,85.39,85.22,85.25,14290.723
2026-03-11 15:52:00+00:00,85.25,85.34,85.24,85.33,1194.729
2026-03-11 15:53:00+00:00,85.32,85.47,85.3,85.43,847.721
2026-03-11 15:54:00+00:00,85.43,85.43,85.33,85.41,1100.82
2026-03-11 15:55:00+00:00,85.4,85.51,85.37,85.48,4427.735
2026-03-11 15:56:00+00:00,85.48,85.5,85.44,85.45,1327.317
2026-03-11 15:57:00+00:00,85.45,85.5,85.44,85.47,936.327
2026-03-11 15:58:00+00:00,85.47,85.51,85.45,85.47,1023.013
2026-03-11 15:59:00+00:00,85.46,85.48,85.38,85.4,748.685
2026-03-11 16:00:00+00:00,85.41,85.43,85.3,85.43,4082.127
2026-03-11 16:01:00+00:00,85.43,85.62,85.43,85.56,2998.235
2026-03-11 16:02:00+00:00,85.56,85.67,85.5,85.59,3494.008
2026-03-11 16:03:00+00:00,85.59,85.65,85.54,85.56,2421.487
2026-03-11 16:04:00+00:00,85.56,85.59,85.32,85.45,2966.912
2026-03-11 16:05:00+00:00,85.45,85.59,85.44,85.57,2342.048
2026-03-11 16:06:00+00:00,85.57,85.7,85.55,85.69,3003.549
2026-03-11 16:07:00+00:00,85.7,85.71,85.53,85.56,2527.497
2026-03-11 16:08:00+00:00,85.55,85.67,85.53,85.64,1835.244
2026-03-11 16:09:00+00:00,85.63,85.64,85.57,85.59,561.812
2026-03-11 16:10:00+00:00,85.59,85.92,85.59,85.89,7387.705
2026-03-11 16:11:00+00:00,85.9,85.93,85.77,85.79,3707.538
2026-03-11 16:12:00+00:00,85.78,85.8,85.6,85.68,1442.593
2026-03-11 16:13:00+00:00,85.68,85.82,85.67,85.79,3432.864
2026-03-11 16:14:00+00:00,85.79,85.87,85.79,85.85,2543.478
2026-03-11 16:15:00+00:00,85.84,85.87,85.72,85.74,2897.92
2026-03-11 16:16:00+00:00,85.75,85.79,85.71,85.79,921.604
2026-03-11 16:17:00+00:00,85.79,85.81,85.74,85.8,513.131
2026-03-11 16:18:00+00:00,85.81,86.0,85.81,85.96,1354.754
2026-03-11 16:19:00+00:00,85.95,85.97,85.8,85.81,619.775
2026-03-11 16:20:00+00:00,85.8,85.8,85.66,85.76,990.618
2026-03-11 16:21:00+00:00,85.77,85.8,85.7,85.79,1133.054
2026-03-11 16:22:00+00:00,85.79,85.92,85.74,85.92,1100.576
2026-03-11 16:23:00+00:00,85.91,86.13,85.77,85.77,3666.989
2026-03-11 16:24:00+00:00,85.78,85.85,85.75,85.84,1777.78
2026-03-11 16:25:00+00:00,85.84,85.91,85.81,85.84,1582.037
2026-03-11 16:26:00+00:00,85.83,85.87,85.8,85.87,681.96
2026-03-11 16:27:00+00:00,85.88,85.98,85.88,85.95,1601.964
2026-03-11 16:28:00+00:00,85.94,85.94,85.85,85.87,455.887
2026-03-11 16:29:00+00:00,85.87,85.93,85.86,85.91,273.834
2026-03-11 16:30:00+00:00,85.91,86.03,85.9,85.98,665.367
2026-03-11 16:31:00+00:00,85.98,86.1,85.98,86.1,903.062
2026-03-11 16:32:00+00:00,86.1,86.25,85.88,85.94,10896.984
2026-03-11 16:33:00+00:00,85.94,86.1,85.92,86.1,2598.585
2026-03-11 16:34:00+00:00,86.09,86.32,86.09,86.29,2894.286
2026-03-11 16:35:00+00:00,86.29,86.39,86.21,86.28,1232.3
2026-03-11 16:36:00+00:00,86.28,86.33,86.23,86.25,896.446
2026-03-11 16:37:00+00:00,86.25,86.49,86.24,86.4,2973.312
2026-03-11 16:38:00+00:00,86.4,86.44,86.32,86.38,1295.164
2026-03-11 16:39:00+00:00,86.37,86.41,86.33,86.34,1026.179
2026-03-11 16:40:00+00:00,86.33,86.38,86.24,86.38,1534.528
2026-03-11 16:41:00+00:00,86.38,86.42,86.31,86.42,1700.203
2026-03-11 16:42:00+00:00,86.41,86.42,86.25,86.31,440.693
2026-03-11 16:43:00+00:00,86.31,86.31,86.21,86.29,2805.655
2026-03-11 16:44:00+00:00,86.28,86.5,86.27,86.45,2678.368
2026-03-11 16:45:00+00:00,86.45,86.46,86.35,86.36,1388.409
2026-03-11 16:46:00+00:00,86.35,86.49,86.29,86.49,1564.562
2026-03-11 16:47:00+00:00,86.5,86.59,86.44,86.46,3282.119
2026-03-11 16:48:00+00:00,86.45,86.45,86.24,86.26,1532.716
2026-03-11 16:49:00+00:00,86.27,86.42,86.23,86.4,724.22
2026-03-11 16:50:00+00:00,86.41,86.54,86.39,86.45,1050.038
2026-03-11 16:51:00+00:00,86.45,86.49,86.44,86.48,657.045
2026-03-11 16:52:00+00:00,86.48,86.51,86.43,86.5,1960.502
2026-03-11 16:53:00+00:00,86.51,86.51,86.46,86.47,1254.369
2026-03-11 16:54:00+00:00,86.47,86.47,86.38,86.45,1389.978
2026-03-11 16:55:00+00:00,86.45,86.45,86.36,86.38,2747.374
2026-03-11 16:56:00+00:00,86.39,86.41,86.35,86.39,1248.242
2026-03-11 16:57:00+00:00,86.4,86.41,86.29,86.4,4186.177
2026-03-11 16:58:00+00:00,86.4,86.46,86.39,86.41,459.744
2026-03-11 16:59:00+00:00,86.41,86.45,86.41,86.44,965.361
2026-03-11 17:00:00+00:00,86.45,86.53,86.45,86.53,4624.909
2026-03-11 17:01:00+00:00,86.53,86.6,86.49,86.49,3571.76
2026-03-11 17:02:00+00:00,86.48,86.67,86.44,86.66,4359.617
2026-03-11 17:03:00+00:00,86.66,86.95,86.66,86.93,12803.965
2026-03-11 17:04:00+00:00,86.93,86.99,86.87,86.91,2129.993
2026-03-11 17:05:00+00:00,86.91,86.91,86.77,86.87,3132.058
2026-03-11 17:06:00+00:00,86.87,86.87,86.77,86.81,2390.697
2026-03-11 17:07:00+00:00,86.8,86.83,86.72,86.75,989.978
2026-03-11 17:08:00+00:00,86.76,86.82,86.75,86.81,1734.22
2026-03-11 17:09:00+00:00,86.81,86.83,86.79,86.79,2012.288
2026-03-11 17:10:00+00:00,86.79,86.8,86.72,86.8,1823.811
2026-03-11 17:11:00+00:00,86.79,86.8,86.74,86.78,1258.567
2026-03-11 17:12:00+00:00,86.78,86.79,86.6,86.62,3292.073
2026-03-11 17:13:00+00:00,86.61,86.81,86.61,86.7,2988.168
2026-03-11 17:14:00+00:00,86.69,86.69,86.59,86.63,982.102
2026-03-11 17:15:00+00:00,86.62,86.8,86.62,86.79,958.066
2026-03-11 17:16:00+00:00,86.8,86.85,86.76,86.84,1939.898
2026-03-11 17:17:00+00:00,86.84,86.99,86.8,86.92,8520.797
2026-03-11 17:18:00+00:00,86.93,86.98,86.87,86.91,2232.697
2026-03-11 17:19:00+00:00,86.92,86.98,86.87,86.95,2117.98
2026-03-11 17:20:00+00:00,86.95,87.23,86.91,87.12,25686.364
2026-03-11 17:21:00+00:00,87.11,87.2,87.06,87.15,11179.574
2026-03-11 17:22:00+00:00,87.15,87.18,87.09,87.13,782.75
2026-03-11 17:23:00+00:00,87.13,87.23,87.13,87.21,3534.441
2026-03-11 17:24:00+00:00,87.2,87.3,87.12,87.24,9394.25
2026-03-11 17:25:00+00:00,87.24,87.49,87.24,87.47,5550.943
2026-03-11 17:26:00+00:00,87.47,87.58,87.45,87.58,12717.631
2026-03-11 17:27:00+00:00,87.57,87.82,87.57,87.69,11143.038
2026-03-11 17:28:00+00:00,87.68,87.73,87.56,87.62,5880.66
2026-03-11 17:29:00+00:00,87.62,87.69,87.55,87.66,3615.081
2026-03-11 17:30:00+00:00,87.67,87.82,87.66,87.8,3069.726
2026-03-11 17:31:00+00:00,87.8,87.84,87.51,87.7,5965.984
2026-03-11 17:32:00+00:00,87.7,87.7,87.5,87.51,2596.881
2026-03-11 17:33:00+00:00,87.52,87.53,87.32,87.33,7125.902
2026-03-11 17:34:00+00:00,87.34,87.35,87.3,87.31,1064.65
2026-03-11 17:35:00+00:00,87.31,87.5,87.28,87.4,3759.284
2026-03-11 17:36:00+00:00,87.4,87.4,87.09,87.1,3549.57
2026-03-11 17:37:00+00:00,87.1,87.15,86.84,86.87,16078.148
2026-03-11 17:38:00+00:00,86.86,86.96,86.74,86.93,6672.32
2026-03-11 17:39:00+00:00,86.93,87.15,86.92,87.1,7391.134
2026-03-11 17:40:00+00:00,87.1,87.35,87.07,87.32,3754.056
2026-03-11 17:41:00+00:00,87.32,87.62,87.25,87.55,7800.56
2026-03-11 17:42:00+00:00,87.54,87.54,87.2,87.2,5195.608
2026-03-11 17:43:00+00:00,87.21,87.33,87.15,87.17,3045.359
2026-03-11 17:44:00+00:00,87.18,87.34,87.17,87.26,1346.451
2026-03-11 17:45:00+00:00,87.26,87.26,87.1,87.13,4077.007
2026-03-11 17:46:00+00:00,87.13,87.23,87.1,87.19,3050.987
2026-03-11 17:47:00+00:00,87.19,87.25,87.16,87.19,3586.767
2026-03-11 17:48:00+00:00,87.19,87.36,87.18,87.25,4406.454
2026-03-11 17:49:00+00:00,87.26,87.3,87.15,87.29,3691.019
2026-03-11 17:50:00+00:00,87.29,87.39,87.24,87.37,1516.446
2026-03-11 17:51:00+00:00,87.36,87.41,87.27,87.38,3199.423
2026-03-11 17:52:00+00:00,87.38,87.55,87.37,87.48,3694.797
2026-03-11 17:53:00+00:00,87.47,87.47,87.24,87.27,1800.536
2026-03-11 17:54:00+00:00,87.28,87.28,87.18,87.18,825.784
2026-03-11 17:55:00+00:00,87.17,87.17,86.82,86.93,6086.447
2026-03-11 17:56:00+00:00,86.94,87.08,86.93,86.94,3480.671
2026-03-11 17:57:00+00:00,86.95,87.23,86.95,87.14,5777.457
2026-03-11 17:58:00+00:00,87.14,87.27,87.03,87.27,6103.65
2026-03-11 17:59:00+00:00,87.27,87.32,87.23,87.27,3503.794
2026-03-11 18:00:00+00:00,87.26,87.43,87.24,87.34,5485.707
2026-03-11 18:01:00+00:00,87.34,87.44,87.24,87.29,3069.101
2026-03-11 18:02:00+00:00,87.28,87.47,87.24,87.43,3290.029
2026-03-11 18:03:00+00:00,87.43,87.63,87.42,87.59,3813.78
2026-03-11 18:04:00+00:00,87.59,87.65,87.54,87.62,5975.924
2026-03-11 18:05:00+00:00,87.63,87.71,87.63,87.66,4773.441
2026-03-11 18:06:00+00:00,87.66,87.76,87.63,87.67,3838.576
2026-03-11 18:07:00+00:00,87.67,87.77,87.63,87.77,1434.694
2026-03-11 18:08:00+00:00,87.76,87.77,87.45,87.53,5261.347
2026-03-11 18:09:00+00:00,87.53,87.54,87.4,87.49,2958.64
2026-03-11 18:10:00+00:00,87.48,87.55,87.38,87.46,9369.438
2026-03-11 18:11:00+00:00,87.47,87.54,87.44,87.45,3549.769
2026-03-11 18:12:00+00:00,87.46,87.7,87.45,87.65,5909.56
2026-03-11 18:13:00+00:00,87.64,87.79,87.6,87.77,11446.457
2026-03-11 18:14:00+00:00,87.77,87.87,87.72,87.82,4289.176
2026-03-11 18:15:00+00:00,87.82,87.92,87.75,87.91,10047.528
2026-03-11 18:16:00+00:00,87.91,88.0,87.9,87.95,3768.366
2026-03-11 18:17:00+00:00,87.96,87.96,87.77,87.79,6120.21
2026-03-11 18:18:00+00:00,87.79,87.86,87.76,87.79,1407.625
2026-03-11 18:19:00+00:00,87.78,87.79,87.54,87.57,3236.395
2026-03-11 18:20:00+00:00,87.57,87.77,87.57,87.66,4222.62
2026-03-11 18:21:00+00:00,87.66,88.0,87.61,87.96,9876.431
2026-03-11 18:22:00+00:00,87.96,87.96,87.74,87.76,1746.994
2026-03-11 18:23:00+00:00,87.76,87.82,87.69,87.77,4615.934
2026-03-11 18:24:00+00:00,87.77,87.77,87.63,87.67,2238.475
2026-03-11 18:25:00+00:00,87.67,87.75,87.67,87.73,3388.412
2026-03-11 18:26:00+00:00,87.73,87.78,87.7,87.76,891.906
2026-03-11 18:27:00+00:00,87.77,87.82,87.59,87.64,3321.369
2026-03-11 18:28:00+00:00,87.64,87.75,87.58,87.59,3706.975
2026-03-11 18:29:00+00:00,87.59,87.63,87.48,87.61,2240.556
2026-03-11 18:30:00+00:00,87.61,87.64,87.5,87.55,1052.493
2026-03-11 18:31:00+00:00,87.54,87.57,87.5,87.57,3936.366
2026-03-11 18:32:00+00:00,87.57,87.58,87.43,87.46,6901.423
2026-03-11 18:33:00+00:00,87.46,87.56,87.39,87.44,3759.473
2026-03-11 18:34:00+00:00,87.44,87.6,87.44,87.59,3232.173
2026-03-11 18:35:00+00:00,87.6,87.69,87.59,87.63,6192.234
2026-03-11 18:36:00+00:00,87.64,87.66,87.61,87.61,1357.395
2026-03-11 18:37:00+00:00,87.6,87.67,87.59,87.66,3009.716
2026-03-11 18:38:00+00:00,87.65,87.72,87.63,87.64,7191.972
2026-03-11 18:39:00+00:00,87.63,87.65,87.34,87.36,5368.013
2026-03-11 18:40:00+00:00,87.36,87.43,87.27,87.4,1899.291
2026-03-11 18:41:00+00:00,87.41,87.46,87.32,87.32,1077.868
2026-03-11 18:42:00+00:00,87.32,87.39,87.3,87.33,1756.176
2026-03-11 18:43:00+00:00,87.34,87.35,87.15,87.22,7729.187
2026-03-11 18:44:00+00:00,87.22,87.33,87.22,87.33,690.288
2026-03-11 18:45:00+00:00,87.32,87.33,87.21,87.31,3946.307
2026-03-11 18:46:00+00:00,87.31,87.45,87.3,87.42,3713.402
2026-03-11 18:47:00+00:00,87.42,87.52,87.36,87.52,1887.124
2026-03-11 18:48:00+00:00,87.52,87.54,87.42,87.5,5091.145
2026-03-11 18:49:00+00:00,87.51,87.66,87.51,87.65,2491.802
2026-03-11 18:50:00+00:00,87.65,87.74,87.61,87.73,5834.123
2026-03-11 18:51:00+00:00,87.72,88.0,87.72,88.0,4464.476
2026-03-11 18:52:00+00:00,87.99,88.09,87.96,87.96,19991.79
2026-03-11 18:53:00+00:00,87.96,87.96,87.74,87.8,1951.511
2026-03-11 18:54:00+00:00,87.8,87.86,87.79,87.86,3798.751
2026-03-11 18:55:00+00:00,87.86,87.96,87.86,87.93,2953.908
2026-03-11 18:56:00+00:00,87.93,87.93,87.77,87.8,3039.207
2026-03-11 18:57:00+00:00,87.79,87.79,87.73,87.77,1163.322
2026-03-11 18:58:00+00:00,87.76,87.81,87.73,87.78,2264.812
2026-03-11 18:59:00+00:00,87.79,87.82,87.74,87.81,5246.935
2026-03-11 19:00:00+00:00,87.82,87.86,87.78,87.81,9740.313
2026-03-11 19:01:00+00:00,87.81,87.81,87.71,87.71,656.272
2026-03-11 19:02:00+00:00,87.72,87.72,87.54,87.55,1486.107
2026-03-11 19:03:00+00:00,87.55,87.61,87.48,87.6,7811.159
2026-03-11 19:04:00+00:00,87.6,87.7,87.59,87.63,2745.873
2026-03-11 19:05:00+00:00,87.63,87.63,87.48,87.5,1911.942
2026-03-11 19:06:00+00:00,87.49,87.49,87.43,87.45,1771.249
2026-03-11 19:07:00+00:00,87.45,87.52,87.41,87.42,6247.659
2026-03-11 19:08:00+00:00,87.43,87.46,87.33,87.36,2186.382
2026-03-11 19:09:00+00:00,87.35,87.37,87.31,87.33,869.225
2026-03-11 19:10:00+00:00,87.33,87.36,87.27,87.33,2275.266
2026-03-11 19:11:00+00:00,87.33,87.46,87.31,87.44,9925.591
2026-03-11 19:12:00+00:00,87.43,87.43,87.25,87.25,2266.815
2026-03-11 19:13:00+00:00,87.26,87.31,87.22,87.3,2066.364
2026-03-11 19:14:00+00:00,87.31,87.35,87.26,87.32,1384.899
2026-03-11 19:15:00+00:00,87.33,87.34,87.19,87.29,5554.697
2026-03-11 19:16:00+00:00,87.28,87.39,87.27,87.31,3964.342
2026-03-11 19:17:00+00:00,87.31,87.33,87.22,87.25,1007.989
2026-03-11 19:18:00+00:00,87.25,87.3,87.2,87.26,1859.386
2026-03-11 19:19:00+00:00,87.26,87.32,87.25,87.31,735.39
2026-03-11 19:20:00+00:00,87.32,87.34,87.27,87.3,1547.846
2026-03-11 19:21:00+00:00,87.3,87.34,87.26,87.29,1365.231
2026-03-11 19:22:00+00:00,87.29,87.33,87.26,87.28,3998.296
2026-03-11 19:23:00+00:00,87.29,87.31,87.28,87.28,2461.977
2026-03-11 19:24:00+00:00,87.28,87.4,87.26,87.37,2090.311
2026-03-11 19:25:00+00:00,87.36,87.38,87.32,87.32,565.689
2026-03-11 19:26:00+00:00,87.31,87.34,87.27,87.28,796.049
2026-03-11 19:27:00+00:00,87.27,87.3,87.25,87.25,248.353
2026-03-11 19:28:00+00:00,87.25,87.25,87.16,87.16,2885.846
2026-03-11 19:29:00+00:00,87.16,87.22,87.15,87.22,1684.044
2026-03-11 19:30:00+00:00,87.22,87.23,87.12,87.18,1415.499
2026-03-11 19:31:00+00:00,87.18,87.25,87.17,87.18,1228.03
2026-03-11 19:32:00+00:00,87.18,87.41,87.14,87.36,8910.804
2026-03-11 19:33:00+00:00,87.36,87.56,87.33,87.53,3848.115
2026-03-11 19:34:00+00:00,87.54,87.65,87.53,87.6,1684.585
2026-03-11 19:35:00+00:00,87.6,87.7,87.57,87.59,3921.393
2026-03-11 19:36:00+00:00,87.59,87.61,87.54,87.6,5932.961
2026-03-11 19:37:00+00:00,87.6,87.61,87.52,87.58,615.619
2026-03-11 19:38:00+00:00,87.57,87.59,87.47,87.48,1120.4
2026-03-11 19:39:00+00:00,87.48,87.48,87.38,87.39,1796.794
2026-03-11 19:40:00+00:00,87.39,87.39,87.33,87.33,2876.646
2026-03-11 19:41:00+00:00,87.32,87.32,87.21,87.24,961.614
2026-03-11 19:42:00+00:00,87.25,87.25,87.21,87.24,1651.139
2026-03-11 19:43:00+00:00,87.23,87.24,87.22,87.24,411.899
2026-03-11 19:44:00+00:00,87.24,87.31,87.23,87.3,1271.12
2026-03-11 19:45:00+00:00,87.29,87.32,87.23,87.24,935.468
2026-03-11 19:46:00+00:00,87.24,87.32,87.18,87.26,1686.817
2026-03-11 19:47:00+00:00,87.27,87.3,87.23,87.27,1213.145
2026-03-11 19:48:00+00:00,87.27,87.27,87.2,87.2,494.791
2026-03-11 19:49:00+00:00,87.2,87.22,87.17,87.19,3186.289
2026-03-11 19:50:00+00:00,87.19,87.26,87.14,87.24,1938.688
2026-03-11 19:51:00+00:00,87.24,87.3,87.24,87.25,1709.234
2026-03-11 19:52:00+00:00,87.25,87.28,87.24,87.25,1074.307
2026-03-11 19:53:00+00:00,87.26,87.28,87.24,87.28,950.094
2026-03-11 19:54:00+00:00,87.28,87.34,87.26,87.27,9638.752
2026-03-11 19:55:00+00:00,87.27,87.28,87.14,87.18,1656.825
2026-03-11 19:56:00+00:00,87.18,87.18,87.09,87.11,778.153
2026-03-11 19:57:00+00:00,87.11,87.13,87.08,87.13,1389.617
2026-03-11 19:58:00+00:00,87.13,87.16,87.09,87.16,1211.031
2026-03-11 19:59:00+00:00,87.15,87.3,87.02,87.29,15313.64
2026-03-11 20:00:00+00:00,87.28,87.29,87.18,87.18,1134.697
2026-03-11 20:01:00+00:00,87.17,87.17,87.02,87.08,956.068
2026-03-11 20:02:00+00:00,87.08,87.12,87.04,87.1,1593.27
2026-03-11 20:03:00+00:00,87.1,87.1,87.05,87.1,1576.844
2026-03-11 20:04:00+00:00,87.1,87.16,87.03,87.04,2259.133
2026-03-11 20:05:00+00:00,87.05,87.11,87.02,87.1,716.286
2026-03-11 20:06:00+00:00,87.1,87.15,87.09,87.14,806.161
2026-03-11 20:07:00+00:00,87.15,87.17,87.1,87.13,707.907
2026-03-11 20:08:00+00:00,87.13,87.19,87.13,87.17,407.708
2026-03-11 20:09:00+00:00,87.16,87.18,87.13,87.14,563.51
2026-03-11 20:10:00+00:00,87.14,87.16,87.12,87.15,743.373
2026-03-11 20:11:00+00:00,87.14,87.16,87.11,87.14,925.931
2026-03-11 20:12:00+00:00,87.14,87.15,87.12,87.13,406.278
2026-03-11 20:13:00+00:00,87.12,87.16,87.08,87.16,3039.844
2026-03-11 20:14:00+00:00,87.15,87.15,87.1,87.12,2556.753
2026-03-11 20:15:00+00:00,87.12,87.13,87.09,87.12,4131.289
2026-03-11 20:16:00+00:00,87.13,87.19,87.13,87.19,695.734
2026-03-11 20:17:00+00:00,87.19,87.21,87.18,87.19,391.841
2026-03-11 20:18:00+00:00,87.2,87.2,87.14,87.2,727.823
2026-03-11 20:19:00+00:00,87.2,87.27,87.2,87.25,757.095
2026-03-11 20:20:00+00:00,87.24,87.24,87.16,87.18,346.636
2026-03-11 20:21:00+00:00,87.18,87.18,87.13,87.14,353.153
2026-03-11 20:22:00+00:00,87.14,87.16,87.13,87.16,572.728
2026-03-11 20:23:00+00:00,87.15,87.2,87.15,87.15,381.959
2026-03-11 20:24:00+00:00,87.14,87.16,87.12,87.15,1436.757
2026-03-11 20:25:00+00:00,87.16,87.16,87.01,87.07,1479.697
2026-03-11 20:26:00+00:00,87.08,87.11,87.08,87.1,569.231
2026-03-11 20:27:00+00:00,87.1,87.1,87.02,87.03,636.599
2026-03-11 20:28:00+00:00,87.03,87.06,87.01,87.06,1338.673
2026-03-11 20:29:00+00:00,87.06,87.08,87.05,87.08,786.382
2026-03-11 20:30:00+00:00,87.08,87.1,87.05,87.06,836.397
2026-03-11 20:31:00+00:00,87.05,87.2,87.05,87.19,1029.347
2026-03-11 20:32:00+00:00,87.19,87.19,87.13,87.13,418.554
2026-03-11 20:33:00+00:00,87.13,87.13,87.04,87.1,540.319
2026-03-11 20:34:00+00:00,87.11,87.16,87.09,87.13,292.272
2026-03-11 20:35:00+00:00,87.13,87.14,87.11,87.12,431.415
2026-03-11 20:36:00+00:00,87.11,87.22,87.11,87.2,1725.218
2026-03-11 20:37:00+00:00,87.19,87.2,87.17,87.17,1517.923
2026-03-11 20:38:00+00:00,87.17,87.18,87.11,87.13,1191.164
2026-03-11 20:39:00+00:00,87.13,87.17,87.12,87.13,242.298
2026-03-11 20:40:00+00:00,87.14,87.15,87.11,87.12,256.362
2026-03-11 20:41:00+00:00,87.12,87.22,87.12,87.22,543.119
2026-03-11 20:42:00+00:00,87.23,87.34,87.23,87.32,2143.573
2026-03-11 20:43:00+00:00,87.32,87.32,87.21,87.27,1464.655
2026-03-11 20:44:00+00:00,87.26,87.32,87.26,87.31,744.844
2026-03-11 20:45:00+00:00,87.31,87.36,87.25,87.25,1526.472
2026-03-11 20:46:00+00:00,87.24,87.35,87.22,87.35,1022.511
2026-03-11 20:47:00+00:00,87.35,87.38,87.32,87.34,896.188
2026-03-11 20:48:00+00:00,87.35,87.43,87.35,87.35,2041.664
2026-03-11 20:49:00+00:00,87.36,87.39,87.35,87.35,190.728
2026-03-11 20:50:00+00:00,87.35,87.39,87.33,87.38,673.761
2026-03-11 20:51:00+00:00,87.37,87.37,87.34,87.34,1430.804
2026-03-11 20:52:00+00:00,87.35,87.35,87.28,87.28,1692.29
2026-03-11 20:53:00+00:00,87.29,87.3,87.15,87.23,3297.911
2026-03-11 20:54:00+00:00,87.23,87.3,87.2,87.29,1222.66
2026-03-11 20:55:00+00:00,87.29,87.29,87.2,87.21,538.558
2026-03-11 20:56:00+00:00,87.2,87.21,87.17,87.19,432.667
2026-03-11 20:57:00+00:00,87.19,87.21,87.18,87.21,1152.192
2026-03-11 20:58:00+00:00,87.2,87.43,87.2,87.43,3250.661
2026-03-11 20:59:00+00:00,87.43,87.43,87.28,87.29,661.828
2026-03-11 21:00:00+00:00,87.28,87.53,87.28,87.34,4991.56
2026-03-11 21:01:00+00:00,87.35,87.43,87.35,87.4,738.829
2026-03-11 21:02:00+00:00,87.4,87.4,87.29,87.3,1385.415
2026-03-11 21:03:00+00:00,87.3,87.43,87.27,87.4,2997.211
2026-03-11 21:04:00+00:00,87.4,87.55,87.38,87.52,1863.519
2026-03-11 21:05:00+00:00,87.53,87.53,87.46,87.47,1287.215
2026-03-11 21:06:00+00:00,87.47,87.49,87.43,87.44,952.224
2026-03-11 21:07:00+00:00,87.44,87.49,87.44,87.49,1056.362
2026-03-11 21:08:00+00:00,87.48,87.5,87.47,87.5,1236.36
2026-03-11 21:09:00+00:00,87.5,87.53,87.47,87.52,1043.985
2026-03-11 21:10:00+00:00,87.52,87.52,87.47,87.51,220.848
2026-03-11 21:11:00+00:00,87.51,87.52,87.4,87.41,533.401
2026-03-11 21:12:00+00:00,87.4,87.4,87.32,87.32,426.575
2026-03-11 21:13:00+00:00,87.32,87.32,87.2,87.23,1630.706
2026-03-11 21:14:00+00:00,87.22,87.23,87.2,87.21,534.482
2026-03-11 21:15:00+00:00,87.21,87.21,87.14,87.2,501.329
2026-03-11 21:16:00+00:00,87.19,87.25,87.19,87.21,876.24
2026-03-11 21:17:00+00:00,87.21,87.3,87.21,87.26,797.762
2026-03-11 21:18:00+00:00,87.27,87.27,87.21,87.21,1091.75
2026-03-11 21:19:00+00:00,87.21,87.24,87.17,87.17,1994.425
2026-03-11 21:20:00+00:00,87.17,87.21,87.14,87.21,1611.443
2026-03-11 21:21:00+00:00,87.2,87.28,87.19,87.28,539.909
2026-03-11 21:22:00+00:00,87.28,87.3,87.26,87.26,720.892
2026-03-11 21:23:00+00:00,87.26,87.26,87.23,87.26,674.121
2026-03-11 21:24:00+00:00,87.26,87.33,87.26,87.33,2110.313
2026-03-11 21:25:00+00:00,87.33,87.35,87.33,87.35,138.794
2026-03-11 21:26:00+00:00,87.34,87.34,87.29,87.3,1279.549
2026-03-11 21:27:00+00:00,87.3,87.31,87.27,87.31,732.703
2026-03-11 21:28:00+00:00,87.3,87.32,87.26,87.26,1477.465
2026-03-11 21:29:00+00:00,87.25,87.25,87.17,87.19,573.036
2026-03-11 21:30:00+00:00,87.19,87.27,87.19,87.26,833.012
2026-03-11 21:31:00+00:00,87.25,87.39,87.25,87.38,792.312
2026-03-11 21:32:00+00:00,87.38,87.41,87.34,87.34,1854.634
2026-03-11 21:33:00+00:00,87.34,87.45,87.34,87.39,935.311
2026-03-11 21:34:00+00:00,87.39,87.39,87.35,87.36,339.927
2026-03-11 21:35:00+00:00,87.36,87.43,87.35,87.36,1294.71
2026-03-11 21:36:00+00:00,87.35,87.39,87.34,87.39,437.962
2026-03-11 21:37:00+00:00,87.39,87.45,87.37,87.38,581.991
2026-03-11 21:38:00+00:00,87.37,87.43,87.34,87.42,2184.634
2026-03-11 21:39:00+00:00,87.42,87.42,87.34,87.37,2607.775
2026-03-11 21:40:00+00:00,87.37,87.45,87.36,87.43,1764.862
2026-03-11 21:41:00+00:00,87.42,87.5,87.41,87.48,1934.088
2026-03-11 21:42:00+00:00,87.49,87.49,87.4,87.4,1153.801
2026-03-11 21:43:00+00:00,87.4,87.44,87.38,87.39,1849.576
2026-03-11 21:44:00+00:00,87.39,87.45,87.38,87.38,927.628
2026-03-11 21:45:00+00:00,87.39,87.44,87.38,87.43,506.782
2026-03-11 21:46:00+00:00,87.42,87.43,87.41,87.41,356.756
2026-03-11 21:47:00+00:00,87.4,87.45,87.4,87.43,819.558
2026-03-11 21:48:00+00:00,87.43,87.43,87.4,87.41,239.89
2026-03-11 21:49:00+00:00,87.41,87.42,87.4,87.41,404.487
2026-03-11 21:50:00+00:00,87.42,87.46,87.42,87.43,1265.508
2026-03-11 21:51:00+00:00,87.43,87.47,87.42,87.47,384.865
2026-03-11 21:52:00+00:00,87.47,87.47,87.46,87.47,597.382
2026-03-11 21:53:00+00:00,87.47,87.6,87.47,87.54,3853.931
2026-03-11 21:54:00+00:00,87.53,87.56,87.52,87.55,226.585
2026-03-11 21:55:00+00:00,87.55,87.61,87.53,87.53,755.693
2026-03-11 21:56:00+00:00,87.54,87.54,87.52,87.53,139.503
2026-03-11 21:57:00+00:00,87.52,87.55,87.48,87.55,1685.348
2026-03-11 21:58:00+00:00,87.55,87.56,87.47,87.47,1029.492
2026-03-11 21:59:00+00:00,87.48,87.58,87.48,87.52,1348.687
2026-03-11 22:00:00+00:00,87.53,87.61,87.48,87.57,2131.297
2026-03-11 22:01:00+00:00,87.58,87.58,87.52,87.56,968.281
2026-03-11 22:02:00+00:00,87.55,87.55,87.5,87.5,349.593
2026-03-11 22:03:00+00:00,87.5,87.5,87.44,87.45,842.837
2026-03-11 22:04:00+00:00,87.44,87.5,87.44,87.45,627.534
2026-03-11 22:05:00+00:00,87.45,87.5,87.44,87.48,992.63
2026-03-11 22:06:00+00:00,87.47,87.56,87.47,87.54,737.561
2026-03-11 22:07:00+00:00,87.54,87.56,87.52,87.53,415.023
2026-03-11 22:08:00+00:00,87.52,87.54,87.52,87.52,363.973
2026-03-11 22:09:00+00:00,87.53,87.53,87.47,87.48,570.948
2026-03-11 22:10:00+00:00,87.47,87.47,87.42,87.46,1463.555
2026-03-11 22:11:00+00:00,87.46,87.46,87.39,87.44,562.462
2026-03-11 22:12:00+00:00,87.45,87.68,87.45,87.65,1787.147
2026-03-11 22:13:00+00:00,87.65,87.94,87.61,87.78,10582.189
2026-03-11 22:14:00+00:00,87.77,87.79,87.71,87.76,1741.169
2026-03-11 22:15:00+00:00,87.75,87.77,87.69,87.69,1667.699
2026-03-11 22:16:00+00:00,87.68,87.69,87.62,87.65,1849.431
2026-03-11 22:17:00+00:00,87.64,87.65,87.63,87.64,177.712
2026-03-11 22:18:00+00:00,87.65,87.66,87.61,87.62,987.151
2026-03-11 22:19:00+00:00,87.62,87.62,87.54,87.56,526.501
2026-03-11 22:20:00+00:00,87.56,87.56,87.41,87.44,2894.706
2026-03-11 22:21:00+00:00,87.43,87.44,87.26,87.33,1040.053
2026-03-11 22:22:00+00:00,87.33,87.36,87.3,87.34,506.014
2026-03-11 22:23:00+00:00,87.35,87.38,87.3,87.35,1727.148
2026-03-11 22:24:00+00:00,87.36,87.36,87.28,87.28,653.248
2026-03-11 22:25:00+00:00,87.29,87.37,87.28,87.36,302.176
2026-03-11 22:26:00+00:00,87.37,87.37,87.26,87.36,1381.505
2026-03-11 22:27:00+00:00,87.36,87.36,87.28,87.31,909.132
2026-03-11 22:28:00+00:00,87.3,87.31,87.18,87.22,2446.838
2026-03-11 22:29:00+00:00,87.22,87.22,87.15,87.15,1343.78
2026-03-11 22:30:00+00:00,87.16,87.21,87.12,87.12,2257.163
2026-03-11 22:31:00+00:00,87.12,87.16,87.09,87.09,1524.667
2026-03-11 22:32:00+00:00,87.09,87.18,87.08,87.16,1897.207
2026-03-11 22:33:00+00:00,87.15,87.17,87.09,87.11,706.055
2026-03-11 22:34:00+00:00,87.12,87.13,87.03,87.06,2136.956
2026-03-11 22:35:00+00:00,87.06,87.08,87.03,87.05,848.395
2026-03-11 22:36:00+00:00,87.05,87.08,87.03,87.03,882.949
2026-03-11 22:37:00+00:00,87.03,87.08,86.94,86.99,3837.913
2026-03-11 22:38:00+00:00,86.99,87.01,86.97,86.98,1058.346
2026-03-11 22:39:00+00:00,86.98,87.01,86.96,87.0,2024.83
2026-03-11 22:40:00+00:00,86.99,87.0,86.92,86.99,1046.614
2026-03-11 22:41:00+00:00,86.99,87.02,86.97,87.01,588.944
2026-03-11 22:42:00+00:00,87.0,87.05,87.0,87.0,433.361
2026-03-11 22:43:00+00:00,87.01,87.1,87.01,87.1,1723.441
2026-03-11 22:44:00+00:00,87.09,87.09,87.03,87.03,931.482
2026-03-11 22:45:00+00:00,87.04,87.1,87.01,87.07,887.999
2026-03-11 22:46:00+00:00,87.08,87.08,87.04,87.05,499.556
2026-03-11 22:47:00+00:00,87.06,87.2,87.06,87.18,600.129
2026-03-11 22:48:00+00:00,87.19,87.24,87.18,87.19,688.446
2026-03-11 22:49:00+00:00,87.2,87.2,87.12,87.12,757.958
2026-03-11 22:50:00+00:00,87.12,87.18,87.12,87.17,994.969
2026-03-11 22:51:00+00:00,87.16,87.17,87.13,87.16,382.879
2026-03-11 22:52:00+00:00,87.15,87.16,87.08,87.11,2303.012
2026-03-11 22:53:00+00:00,87.1,87.11,87.08,87.08,68.384
2026-03-11 22:54:00+00:00,87.07,87.07,86.95,86.99,2426.594
2026-03-11 22:55:00+00:00,86.99,86.99,86.9,86.91,2277.99
2026-03-11 22:56:00+00:00,86.91,86.92,86.84,86.9,1410.34
2026-03-11 22:57:00+00:00,86.9,86.99,86.87,86.98,451.886
2026-03-11 22:58:00+00:00,86.98,86.99,86.93,86.99,388.624
2026-03-11 22:59:00+00:00,86.98,87.05,86.98,87.05,629.084
2026-03-11 23:00:00+00:00,87.04,87.22,87.04,87.13,1424.828
2026-03-11 23:01:00+00:00,87.14,87.16,87.07,87.08,545.783
2026-03-11 23:02:00+00:00,87.07,87.19,87.06,87.19,493.981
2026-03-11 23:03:00+00:00,87.18,87.19,87.14,87.15,1262.952
2026-03-11 23:04:00+00:00,87.16,87.19,87.12,87.12,136.461
2026-03-11 23:05:00+00:00,87.12,87.13,87.09,87.11,546.019
2026-03-11 23:06:00+00:00,87.11,87.18,87.11,87.17,136.483
2026-03-11 23:07:00+00:00,87.16,87.16,87.11,87.14,315.529
2026-03-11 23:08:00+00:00,87.14,87.2,87.11,87.11,2885.454
2026-03-11 23:09:00+00:00,87.1,87.17,86.99,87.06,1555.553
2026-03-11 23:10:00+00:00,87.06,87.15,87.06,87.14,1068.953
2026-03-11 23:11:00+00:00,87.15,87.15,87.07,87.12,201.633
2026-03-11 23:12:00+00:00,87.12,87.18,87.11,87.12,410.951
2026-03-11 23:13:00+00:00,87.12,87.13,87.07,87.07,142.937
2026-03-11 23:14:00+00:00,87.08,87.11,87.07,87.09,340.086
2026-03-11 23:15:00+00:00,87.08,87.08,86.98,86.99,1320.984
2026-03-11 23:16:00+00:00,86.99,87.08,86.99,87.04,539.152
2026-03-11 23:17:00+00:00,87.04,87.04,86.93,86.99,1662.633
2026-03-11 23:18:00+00:00,86.98,87.04,86.98,87.03,775.102
2026-03-11 23:19:00+00:00,87.03,87.03,86.92,86.94,554.393
2026-03-11 23:20:00+00:00,86.94,87.01,86.94,87.01,228.825
2026-03-11 23:21:00+00:00,87.01,87.02,86.94,86.98,1675.239
2026-03-11 23:22:00+00:00,86.97,86.98,86.9,86.93,1486.822
2026-03-11 23:23:00+00:00,86.94,86.94,86.89,86.9,789.191
2026-03-11 23:24:00+00:00,86.9,86.95,86.89,86.91,3763.806
2026-03-11 23:25:00+00:00,86.9,86.92,86.86,86.91,591.66
2026-03-11 23:26:00+00:00,86.9,86.9,86.87,86.89,1760.582
2026-03-11 23:27:00+00:00,86.9,86.92,86.89,86.91,460.855
2026-03-11 23:28:00+00:00,86.92,86.98,86.91,86.95,2122.593
2026-03-11 23:29:00+00:00,86.96,86.97,86.9,86.9,399.963
2026-03-11 23:30:00+00:00,86.9,86.9,86.77,86.79,3204.942
2026-03-11 23:31:00+00:00,86.78,86.82,86.73,86.74,1448.442
2026-03-11 23:32:00+00:00,86.73,86.8,86.64,86.78,4309.443
2026-03-11 23:33:00+00:00,86.79,86.86,86.74,86.74,568.897
2026-03-11 23:34:00+00:00,86.75,86.75,86.66,86.67,565.487
2026-03-11 23:35:00+00:00,86.67,86.84,86.65,86.84,808.772
2026-03-11 23:36:00+00:00,86.85,86.9,86.82,86.82,849.679
2026-03-11 23:37:00+00:00,86.82,86.83,86.8,86.8,166.768
2026-03-11 23:38:00+00:00,86.8,86.9,86.78,86.85,190.651
2026-03-11 23:39:00+00:00,86.86,86.88,86.8,86.81,631.605
2026-03-11 23:40:00+00:00,86.82,86.87,86.82,86.82,541.894
2026-03-11 23:41:00+00:00,86.82,86.83,86.76,86.82,179.492
2026-03-11 23:42:00+00:00,86.82,86.88,86.82,86.84,682.296
2026-03-11 23:43:00+00:00,86.84,86.85,86.8,86.8,390.686
2026-03-11 23:44:00+00:00,86.8,86.8,86.63,86.7,1964.306
2026-03-11 23:45:00+00:00,86.69,86.78,86.68,86.71,1700.204
2026-03-11 23:46:00+00:00,86.7,86.74,86.66,86.7,329.087
2026-03-11 23:47:00+00:00,86.69,86.69,86.46,86.51,10073.512
2026-03-11 23:48:00+00:00,86.51,86.57,86.47,86.57,1896.658
2026-03-11 23:49:00+00:00,86.56,86.63,86.51,86.61,1731.351
2026-03-11 23:50:00+00:00,86.61,86.71,86.58,86.69,1383.835
2026-03-11 23:51:00+00:00,86.69,86.72,86.62,86.63,693.198
2026-03-11 23:52:00+00:00,86.63,86.64,86.54,86.59,2207.2
2026-03-11 23:53:00+00:00,86.6,86.61,86.56,86.56,162.394
2026-03-11 23:54:00+00:00,86.56,86.57,86.54,86.56,582.752
2026-03-11 23:55:00+00:00,86.56,86.59,86.55,86.55,419.65
2026-03-11 23:56:00+00:00,86.55,86.58,86.52,86.52,792.205
2026-03-11 23:57:00+00:00,86.52,86.52,86.5,86.51,610.022
2026-03-11 23:58:00+00:00,86.51,86.57,86.48,86.57,2348.12
2026-03-11 23:59:00+00:00,86.57,86.59,86.54,86.58,367.692
2026-03-12 00:00:00+00:00,86.58,86.64,86.58,86.63,2107.134
2026-03-12 00:01:00+00:00,86.63,86.63,86.57,86.57,967.182
2026-03-12 00:02:00+00:00,86.58,86.58,86.51,86.52,2072.043
2026-03-12 00:03:00+00:00,86.52,86.54,86.49,86.5,973.072
2026-03-12 00:04:00+00:00,86.51,86.55,86.5,86.51,1967.088
2026-03-12 00:05:00+00:00,86.52,86.54,86.49,86.51,766.828
2026-03-12 00:06:00+00:00,86.5,86.54,86.45,86.49,729.248
2026-03-12 00:07:00+00:00,86.49,86.5,86.46,86.49,1968.19
2026-03-12 00:08:00+00:00,86.49,86.55,86.49,86.54,944.262
2026-03-12 00:09:00+00:00,86.55,86.7,86.53,86.65,1326.434
2026-03-12 00:10:00+00:00,86.65,86.7,86.61,86.63,796.095
2026-03-12 00:11:00+00:00,86.63,86.66,86.58,86.65,337.972
2026-03-12 00:12:00+00:00,86.66,86.7,86.64,86.67,476.415
2026-03-12 00:13:00+00:00,86.67,86.69,86.65,86.67,143.996
2026-03-12 00:14:00+00:00,86.66,86.68,86.59,86.6,293.801
2026-03-12 00:15:00+00:00,86.59,86.62,86.54,86.54,497.832
2026-03-12 00:16:00+00:00,86.55,86.61,86.45,86.61,703.347
2026-03-12 00:17:00+00:00,86.61,86.73,86.61,86.67,502.429
2026-03-12 00:18:00+00:00,86.66,86.7,86.62,86.63,637.465
2026-03-12 00:19:00+00:00,86.62,86.63,86.54,86.59,673.077
2026-03-12 00:20:00+00:00,86.59,86.63,86.58,86.58,1270.243
2026-03-12 00:21:00+00:00,86.58,86.6,86.48,86.59,2450.376
2026-03-12 00:22:00+00:00,86.58,86.59,86.52,86.58,321.643
2026-03-12 00:23:00+00:00,86.57,86.71,86.57,86.71,312.411
2026-03-12 00:24:00+00:00,86.72,86.78,86.7,86.77,505.647
2026-03-12 00:25:00+00:00,86.77,86.78,86.73,86.74,1095.368
2026-03-12 00:26:00+00:00,86.75,86.76,86.61,86.65,488.812
2026-03-12 00:27:00+00:00,86.64,86.66,86.6,86.66,345.289
2026-03-12 00:28:00+00:00,86.67,86.69,86.62,86.62,477.423
2026-03-12 00:29:00+00:00,86.63,86.67,86.59,86.59,2050.555
2026-03-12 00:30:00+00:00,86.59,86.59,86.49,86.55,470.282
2026-03-12 00:31:00+00:00,86.54,86.57,86.53,86.53,369.534
2026-03-12 00:32:00+00:00,86.54,86.57,86.54,86.56,298.409
2026-03-12 00:33:00+00:00,86.56,86.56,86.51,86.52,426.186
2026-03-12 00:34:00+00:00,86.51,86.52,86.37,86.49,1050.832
2026-03-12 00:35:00+00:00,86.5,86.63,86.49,86.6,744.753
2026-03-12 00:36:00+00:00,86.59,86.59,86.52,86.52,429.912
2026-03-12 00:37:00+00:00,86.51,86.55,86.45,86.54,633.135
2026-03-12 00:38:00+00:00,86.53,86.6,86.53,86.56,969.957
2026-03-12 00:39:00+00:00,86.56,86.72,86.55,86.7,515.227
2026-03-12 00:40:00+00:00,86.71,86.78,86.67,86.72,2200.206
2026-03-12 00:41:00+00:00,86.72,86.73,86.67,86.67,886.29
2026-03-12 00:42:00+00:00,86.68,86.71,86.65,86.68,839.662
2026-03-12 00:43:00+00:00,86.67,86.69,86.65,86.67,360.18
2026-03-12 00:44:00+00:00,86.67,86.72,86.67,86.71,99.764
2026-03-12 00:45:00+00:00,86.7,86.71,86.65,86.66,207.248
2026-03-12 00:46:00+00:00,86.66,86.66,86.6,86.64,534.891
2026-03-12 00:47:00+00:00,86.64,86.7,86.63,86.67,618.911
2026-03-12 00:48:00+00:00,86.67,86.71,86.66,86.69,256.949
2026-03-12 00:49:00+00:00,86.69,86.77,86.66,86.77,593.9
2026-03-12 00:50:00+00:00,86.77,86.77,86.69,86.69,504.949
2026-03-12 00:51:00+00:00,86.69,86.71,86.65,86.71,263.377
2026-03-12 00:52:00+00:00,86.71,86.71,86.66,86.68,384.286
2026-03-12 00:53:00+00:00,86.67,86.69,86.65,86.66,656.659
2026-03-12 00:54:00+00:00,86.66,86.72,86.66,86.71,272.936
2026-03-12 00:55:00+00:00,86.7,86.7,86.65,86.66,189.976
2026-03-12 00:56:00+00:00,86.67,86.72,86.67,86.69,434.059
2026-03-12 00:57:00+00:00,86.68,86.69,86.63,86.69,537.995
2026-03-12 00:58:00+00:00,86.69,86.73,86.69,86.71,222.693
2026-03-12 00:59:00+00:00,86.72,86.73,86.67,86.68,223.474
2026-03-12 01:00:00+00:00,86.68,86.71,86.65,86.67,121.209
2026-03-12 01:01:00+00:00,86.67,86.67,86.61,86.61,434.968
2026-03-12 01:02:00+00:00,86.62,86.62,86.46,86.46,586.785
2026-03-12 01:03:00+00:00,86.46,86.46,86.26,86.3,4449.354
2026-03-12 01:04:00+00:00,86.3,86.37,86.23,86.27,2571.652
2026-03-12 01:05:00+00:00,86.26,86.28,86.14,86.19,2663.635
2026-03-12 01:06:00+00:00,86.19,86.21,86.14,86.21,746.342
2026-03-12 01:07:00+00:00,86.22,86.24,86.17,86.24,1926.621
2026-03-12 01:08:00+00:00,86.23,86.31,86.21,86.29,3775.371
2026-03-12 01:09:00+00:00,86.29,86.38,86.28,86.34,1679.331
2026-03-12 01:10:00+00:00,86.35,86.45,86.35,86.39,1529.325
2026-03-12 01:11:00+00:00,86.38,86.39,86.24,86.25,760.673
2026-03-12 01:12:00+00:00,86.25,86.28,86.21,86.21,1238.008
2026-03-12 01:13:00+00:00,86.22,86.28,86.22,86.24,533.311
2026-03-12 01:14:00+00:00,86.24,86.29,86.23,86.26,281.619
2026-03-12 01:15:00+00:00,86.25,86.32,86.21,86.28,512.743
2026-03-12 01:16:00+00:00,86.28,86.3,86.24,86.29,395.794
2026-03-12 01:17:00+00:00,86.29,86.39,86.28,86.37,930.627
2026-03-12 01:18:00+00:00,86.37,86.39,86.31,86.32,596.958
2026-03-12 01:19:00+00:00,86.32,86.36,86.31,86.36,862.079
2026-03-12 01:20:00+00:00,86.35,86.41,86.34,86.34,229.243
2026-03-12 01:21:00+00:00,86.33,86.35,86.29,86.3,686.975
2026-03-12 01:22:00+00:00,86.29,86.35,86.28,86.34,224.08
2026-03-12 01:23:00+00:00,86.34,86.43,86.33,86.43,544.869
2026-03-12 01:24:00+00:00,86.42,86.44,86.39,86.39,1021.67
2026-03-12 01:25:00+00:00,86.39,86.39,86.31,86.35,1858.893
2026-03-12 01:26:00+00:00,86.36,86.36,86.33,86.35,156.595
2026-03-12 01:27:00+00:00,86.35,86.42,86.35,86.4,955.748
2026-03-12 01:28:00+00:00,86.4,86.45,86.4,86.45,340.599
2026-03-12 01:29:00+00:00,86.44,86.45,86.37,86.37,869.235
2026-03-12 01:30:00+00:00,86.38,86.4,86.3,86.37,1057.407
2026-03-12 01:31:00+00:00,86.38,86.4,86.34,86.36,519.552
2026-03-12 01:32:00+00:00,86.36,86.36,86.27,86.27,426.709
2026-03-12 01:33:00+00:00,86.27,86.27,86.16,86.18,2963.893
2026-03-12 01:34:00+00:00,86.19,86.26,86.16,86.16,654.553
2026-03-12 01:35:00+00:00,86.17,86.2,86.16,86.2,294.959
2026-03-12 01:36:00+00:00,86.2,86.22,86.17,86.17,179.772
2026-03-12 01:37:00+00:00,86.18,86.21,86.18,86.21,413.096
2026-03-12 01:38:00+00:00,86.2,86.21,86.15,86.17,266.115
2026-03-12 01:39:00+00:00,86.17,86.21,86.17,86.21,421.026
2026-03-12 01:40:00+00:00,86.21,86.31,86.21,86.29,1803.774
2026-03-12 01:41:00+00:00,86.3,86.35,86.28,86.32,1146.322
2026-03-12 01:42:00+00:00,86.32,86.44,86.27,86.29,4484.384
2026-03-12 01:43:00+00:00,86.29,86.33,86.19,86.21,3719.092
2026-03-12 01:44:00+00:00,86.21,86.24,86.11,86.19,3662.498
2026-03-12 01:45:00+00:00,86.19,86.26,86.14,86.16,2253.543
2026-03-12 01:46:00+00:00,86.17,86.18,86.05,86.07,2541.354
2026-03-12 01:47:00+00:00,86.06,86.06,86.01,86.04,1068.825
2026-03-12 01:48:00+00:00,86.03,86.05,86.0,86.05,407.823
2026-03-12 01:49:00+00:00,86.04,86.04,85.98,86.04,3149.297
2026-03-12 01:50:00+00:00,86.04,86.15,85.98,86.13,4843.563
2026-03-12 01:51:00+00:00,86.12,86.12,86.02,86.04,348.902
2026-03-12 01:52:00+00:00,86.04,86.09,86.02,86.02,997.024
2026-03-12 01:53:00+00:00,86.02,86.05,85.95,86.05,3313.593
2026-03-12 01:54:00+00:00,86.05,86.05,86.02,86.05,260.26
2026-03-12 01:55:00+00:00,86.05,86.07,86.0,86.01,1827.452
2026-03-12 01:56:00+00:00,86.01,86.04,86.0,86.01,369.578
2026-03-12 01:57:00+00:00,86.0,86.03,85.98,85.99,332.748
2026-03-12 01:58:00+00:00,86.0,86.02,85.99,86.02,330.952
2026-03-12 01:59:00+00:00,86.02,86.05,86.01,86.05,353.144
2026-03-12 02:00:00+00:00,86.05,86.05,85.99,86.0,464.747
2026-03-12 02:01:00+00:00,85.99,86.06,85.96,86.01,729.082
2026-03-12 02:02:00+00:00,86.02,86.03,85.93,85.97,1124.423
2026-03-12 02:03:00+00:00,85.96,86.08,85.96,86.03,1334.291
2026-03-12 02:04:00+00:00,86.03,86.13,86.01,86.07,1693.453
2026-03-12 02:05:00+00:00,86.07,86.1,86.03,86.07,1017.465
2026-03-12 02:06:00+00:00,86.07,86.12,86.05,86.11,891.122
2026-03-12 02:07:00+00:00,86.11,86.11,85.98,86.07,1080.19
2026-03-12 02:08:00+00:00,86.07,86.12,86.07,86.1,500.851
2026-03-12 02:09:00+00:00,86.1,86.1,86.05,86.09,1522.953
2026-03-12 02:10:00+00:00,86.08,86.16,86.08,86.12,977.118
2026-03-12 02:11:00+00:00,86.12,86.12,86.05,86.06,666.862
2026-03-12 02:12:00+00:00,86.06,86.13,86.05,86.05,1511.791
2026-03-12 02:13:00+00:00,86.06,86.13,86.03,86.13,820.829
2026-03-12 02:14:00+00:00,86.12,86.13,86.07,86.08,191.679
2026-03-12 02:15:00+00:00,86.07,86.11,86.05,86.1,1494.97
2026-03-12 02:16:00+00:00,86.09,86.09,86.04,86.04,530.092
2026-03-12 02:17:00+00:00,86.05,86.05,85.92,85.93,528.589
2026-03-12 02:18:00+00:00,85.93,86.0,85.86,85.92,2615.256
2026-03-12 02:19:00+00:00,85.91,85.93,85.83,85.87,5634.875
2026-03-12 02:20:00+00:00,85.87,85.87,85.68,85.77,7831.961
2026-03-12 02:21:00+00:00,85.76,85.77,85.7,85.73,1007.439
2026-03-12 02:22:00+00:00,85.73,85.75,85.7,85.73,2161.44
2026-03-12 02:23:00+00:00,85.73,85.79,85.73,85.76,1991.475
2026-03-12 02:24:00+00:00,85.76,85.82,85.76,85.76,1297.842
2026-03-12 02:25:00+00:00,85.76,85.77,85.73,85.76,313.12
2026-03-12 02:26:00+00:00,85.77,85.78,85.76,85.78,419.623
2026-03-12 02:27:00+00:00,85.77,85.81,85.77,85.8,301.577
2026-03-12 02:28:00+00:00,85.81,85.82,85.79,85.79,232.215
2026-03-12 02:29:00+00:00,85.8,85.82,85.79,85.79,956.335
2026-03-12 02:30:00+00:00,85.79,85.8,85.77,85.8,248.563
2026-03-12 02:31:00+00:00,85.8,85.8,85.78,85.79,293.749
2026-03-12 02:32:00+00:00,85.79,85.79,85.67,85.7,1897.036
2026-03-12 02:33:00+00:00,85.71,85.71,85.66,85.67,819.814
2026-03-12 02:34:00+00:00,85.68,85.91,85.68,85.91,2173.347
2026-03-12 02:35:00+00:00,85.91,85.95,85.79,85.79,9151.318
2026-03-12 02:36:00+00:00,85.78,85.78,85.66,85.68,2213.575
2026-03-12 02:37:00+00:00,85.68,85.7,85.58,85.65,4073.031
2026-03-12 02:38:00+00:00,85.65,85.66,85.54,85.59,3704.238
2026-03-12 02:39:00+00:00,85.59,85.64,85.57,85.58,2253.089
2026-03-12 02:40:00+00:00,85.58,85.58,85.5,85.58,3551.922
2026-03-12 02:41:00+00:00,85.57,85.62,85.56,85.59,1416.344
2026-03-12 02:42:00+00:00,85.59,85.61,85.57,85.59,545.832
2026-03-12 02:43:00+00:00,85.59,85.6,85.56,85.57,297.842
2026-03-12 02:44:00+00:00,85.57,85.62,85.57,85.62,737.163
2026-03-12 02:45:00+00:00,85.62,85.68,85.62,85.64,1051.405
2026-03-12 02:46:00+00:00,85.63,85.68,85.62,85.65,320.461
2026-03-12 02:47:00+00:00,85.65,85.65,85.39,85.56,24300.129
2026-03-12 02:48:00+00:00,85.56,85.59,85.47,85.5,1992.117
2026-03-12 02:49:00+00:00,85.5,85.51,85.39,85.39,2696.839
2026-03-12 02:50:00+00:00,85.4,85.41,85.34,85.35,3071.675
2026-03-12 02:51:00+00:00,85.35,85.36,85.22,85.24,3870.85
2026-03-12 02:52:00+00:00,85.24,85.26,85.21,85.22,2709.574
2026-03-12 02:53:00+00:00,85.22,85.23,85.19,85.21,2197.043
2026-03-12 02:54:00+00:00,85.2,85.25,85.17,85.21,949.836
2026-03-12 02:55:00+00:00,85.21,85.27,85.2,85.26,855.242
2026-03-12 02:56:00+00:00,85.27,85.27,85.22,85.23,480.162
2026-03-12 02:57:00+00:00,85.22,85.27,85.22,85.23,556.796
2026-03-12 02:58:00+00:00,85.23,85.25,85.22,85.24,618.678
2026-03-12 02:59:00+00:00,85.23,85.24,85.18,85.21,1264.005
2026-03-12 03:00:00+00:00,85.21,85.22,85.17,85.18,1584.177
2026-03-12 03:01:00+00:00,85.17,85.32,85.17,85.31,1217.255
2026-03-12 03:02:00+00:00,85.31,85.32,85.27,85.27,1435.714
2026-03-12 03:03:00+00:00,85.28,85.33,85.28,85.29,849.714
2026-03-12 03:04:00+00:00,85.3,85.36,85.28,85.34,932.705
2026-03-12 03:05:00+00:00,85.33,85.34,85.29,85.31,804.819
2026-03-12 03:06:00+00:00,85.31,85.39,85.3,85.34,1421.602
2026-03-12 03:07:00+00:00,85.34,85.35,85.29,85.34,887.274
2026-03-12 03:08:00+00:00,85.34,85.34,85.3,85.31,927.047
2026-03-12 03:09:00+00:00,85.3,85.31,85.27,85.28,570.249
2026-03-12 03:10:00+00:00,85.27,85.31,85.25,85.29,794.949
2026-03-12 03:11:00+00:00,85.28,85.29,85.17,85.2,2541.222
2026-03-12 03:12:00+00:00,85.19,85.28,85.18,85.2,1362.7
2026-03-12 03:13:00+00:00,85.21,85.3,85.21,85.29,594.746
2026-03-12 03:14:00+00:00,85.3,85.31,85.23,85.24,912.254
2026-03-12 03:15:00+00:00,85.24,85.25,85.18,85.22,1075.069
2026-03-12 03:16:00+00:00,85.23,85.23,85.16,85.21,1351.187
2026-03-12 03:17:00+00:00,85.21,85.26,85.19,85.25,1329.679
2026-03-12 03:18:00+00:00,85.26,85.27,85.22,85.24,510.676
2026-03-12 03:19:00+00:00,85.24,85.3,85.23,85.29,547.447
2026-03-12 03:20:00+00:00,85.29,85.39,85.29,85.39,1149.572
2026-03-12 03:21:00+00:00,85.38,85.41,85.33,85.33,1754.383
2026-03-12 03:22:00+00:00,85.33,85.34,85.29,85.3,998.684
2026-03-12 03:23:00+00:00,85.31,85.37,85.31,85.37,676.708
2026-03-12 03:24:00+00:00,85.37,85.43,85.37,85.38,1609.569
2026-03-12 03:25:00+00:00,85.39,85.39,85.31,85.31,741.609
2026-03-12 03:26:00+00:00,85.31,85.35,85.25,85.28,2228.923
2026-03-12 03:27:00+00:00,85.28,85.31,85.28,85.3,759.783
2026-03-12 03:28:00+00:00,85.3,85.32,85.22,85.24,1491.184
2026-03-12 03:29:00+00:00,85.24,85.26,85.23,85.23,574.428
2026-03-12 03:30:00+00:00,85.24,85.28,85.18,85.27,923.309
2026-03-12 03:31:00+00:00,85.27,85.27,85.2,85.21,1232.847
2026-03-12 03:32:00+00:00,85.21,85.3,85.2,85.27,4251.88
2026-03-12 03:33:00+00:00,85.27,85.43,85.27,85.4,3885.791
2026-03-12 03:34:00+00:00,85.39,85.4,85.35,85.4,1246.924
2026-03-12 03:35:00+00:00,85.4,85.4,85.34,85.37,789.765
2026-03-12 03:36:00+00:00,85.36,85.38,85.35,85.36,1260.748
2026-03-12 03:37:00+00:00,85.35,85.37,85.3,85.3,950.252
2026-03-12 03:38:00+00:00,85.3,85.33,85.28,85.29,3072.004
2026-03-12 03:39:00+00:00,85.28,85.33,85.27,85.28,4169.161
2026-03-12 03:40:00+00:00,85.27,85.28,85.25,85.27,848.505
2026-03-12 03:41:00+00:00,85.27,85.39,85.27,85.35,1558.884
2026-03-12 03:42:00+00:00,85.36,85.36,85.29,85.3,1974.005
2026-03-12 03:43:00+00:00,85.31,85.33,85.24,85.24,3769.795
2026-03-12 03:44:00+00:00,85.23,85.25,85.21,85.23,683.599
2026-03-12 03:45:00+00:00,85.23,85.23,85.18,85.2,826.437
2026-03-12 03:46:00+00:00,85.19,85.21,85.01,85.01,8892.456
2026-03-12 03:47:00+00:00,85.01,85.02,84.81,84.86,18528.327
2026-03-12 03:48:00+00:00,84.85,84.87,84.73,84.8,5312.18
2026-03-12 03:49:00+00:00,84.8,84.86,84.72,84.84,3163.033
2026-03-12 03:50:00+00:00,84.85,84.9,84.8,84.81,2335.691
2026-03-12 03:51:00+00:00,84.81,84.81,84.72,84.78,2136.637
2026-03-12 03:52:00+00:00,84.79,84.88,84.78,84.85,979.001
2026-03-12 03:53:00+00:00,84.85,84.86,84.79,84.81,1285.501
2026-03-12 03:54:00+00:00,84.82,84.83,84.81,84.83,375.582
2026-03-12 03:55:00+00:00,84.83,84.88,84.83,84.88,1093.558
2026-03-12 03:56:00+00:00,84.88,85.02,84.87,85.0,1546.525
2026-03-12 03:57:00+00:00,84.99,85.01,84.96,84.99,1055.07
2026-03-12 03:58:00+00:00,84.99,85.03,84.98,85.01,1152.572
2026-03-12 03:59:00+00:00,85.01,85.03,85.0,85.01,315.247
2026-03-12 04:00:00+00:00,85.02,85.02,84.96,85.0,2250.209
2026-03-12 04:01:00+00:00,84.99,85.19,84.99,85.13,2138.88
2026-03-12 04:02:00+00:00,85.14,85.19,85.1,85.18,2615.978
2026-03-12 04:03:00+00:00,85.19,85.26,85.18,85.23,1515.01
2026-03-12 04:04:00+00:00,85.23,85.27,85.23,85.24,1198.14
2026-03-12 04:05:00+00:00,85.24,85.24,85.19,85.23,1282.123
2026-03-12 04:06:00+00:00,85.24,85.24,85.18,85.21,1647.771
2026-03-12 04:07:00+00:00,85.21,85.34,85.2,85.32,1097.359
2026-03-12 04:08:00+00:00,85.33,85.39,85.32,85.37,2230.774
2026-03-12 04:09:00+00:00,85.38,85.42,85.35,85.36,1010.897
2026-03-12 04:10:00+00:00,85.36,85.4,85.32,85.33,1130.604
2026-03-12 04:11:00+00:00,85.32,85.39,85.3,85.36,1534.596
2026-03-12 04:12:00+00:00,85.35,85.36,85.21,85.26,3495.291
2026-03-12 04:13:00+00:00,85.26,85.27,85.2,85.22,845.665
2026-03-12 04:14:00+00:00,85.22,85.22,85.08,85.09,3763.091
2026-03-12 04:15:00+00:00,85.09,85.17,85.07,85.09,2508.684
2026-03-12 04:16:00+00:00,85.1,85.13,85.02,85.05,2457.916
2026-03-12 04:17:00+00:00,85.05,85.1,85.01,85.08,1219.099
2026-03-12 04:18:00+00:00,85.07,85.2,85.07,85.16,6773.228
2026-03-12 04:19:00+00:00,85.16,85.3,85.15,85.27,1526.576
2026-03-12 04:20:00+00:00,85.26,85.29,85.21,85.21,1305.104
2026-03-12 04:21:00+00:00,85.22,85.26,85.22,85.26,932.607
2026-03-12 04:22:00+00:00,85.26,85.26,85.2,85.22,999.705
2026-03-12 04:23:00+00:00,85.21,85.22,85.16,85.21,715.644
2026-03-12 04:24:00+00:00,85.21,85.21,85.17,85.19,400.681
2026-03-12 04:25:00+00:00,85.19,85.21,85.13,85.21,1358.492
2026-03-12 04:26:00+00:00,85.2,85.21,85.18,85.19,849.296
2026-03-12 04:27:00+00:00,85.19,85.22,85.06,85.11,3574.918
2026-03-12 04:28:00+00:00,85.12,85.14,85.05,85.07,1806.579
2026-03-12 04:29:00+00:00,85.08,85.1,85.02,85.05,1062.338
2026-03-12 04:30:00+00:00,85.04,85.05,84.97,85.04,4944.533
2026-03-12 04:31:00+00:00,85.04,85.06,84.99,84.99,844.374
2026-03-12 04:32:00+00:00,85.0,85.0,84.9,84.91,1369.762
2026-03-12 04:33:00+00:00,84.91,85.05,84.91,85.05,1573.713
2026-03-12 04:34:00+00:00,85.05,85.11,85.04,85.07,854.301
2026-03-12 04:35:00+00:00,85.06,85.06,84.96,84.98,2363.603
2026-03-12 04:36:00+00:00,84.98,85.0,84.97,84.98,543.156
2026-03-12 04:37:00+00:00,84.98,85.04,84.96,85.04,682.832
2026-03-12 04:38:00+00:00,85.04,85.12,85.04,85.1,627.893
2026-03-12 04:39:00+00:00,85.1,85.22,85.09,85.2,1411.987
2026-03-12 04:40:00+00:00,85.2,85.21,85.14,85.17,762.63
2026-03-12 04:41:00+00:00,85.16,85.17,85.12,85.17,406.435
2026-03-12 04:42:00+00:00,85.16,85.18,85.11,85.12,450.85
2026-03-12 04:43:00+00:00,85.12,85.17,85.12,85.15,234.921
2026-03-12 04:44:00+00:00,85.15,85.15,85.12,85.12,342.316
2026-03-12 04:45:00+00:00,85.12,85.15,85.1,85.12,460.173
2026-03-12 04:46:00+00:00,85.11,85.12,85.06,85.07,1208.253
2026-03-12 04:47:00+00:00,85.07,85.11,85.06,85.11,257.196
2026-03-12 04:48:00+00:00,85.1,85.11,85.04,85.08,681.804
2026-03-12 04:49:00+00:00,85.08,85.11,85.03,85.11,1309.463
2026-03-12 04:50:00+00:00,85.1,85.11,85.02,85.02,1916.325
2026-03-12 04:51:00+00:00,85.03,85.06,85.03,85.06,587.24
2026-03-12 04:52:00+00:00,85.06,85.11,85.05,85.09,2057.937
2026-03-12 04:53:00+00:00,85.08,85.09,85.06,85.08,686.56
2026-03-12 04:54:00+00:00,85.09,85.14,85.09,85.12,680.125
2026-03-12 04:55:00+00:00,85.12,85.13,85.08,85.09,246.007
2026-03-12 04:56:00+00:00,85.08,85.11,85.07,85.09,233.833
2026-03-12 04:57:00+00:00,85.1,85.11,85.06,85.09,655.008
2026-03-12 04:58:00+00:00,85.1,85.11,85.09,85.11,564.79
2026-03-12 04:59:00+00:00,85.11,85.13,85.11,85.11,416.384
2026-03-12 05:00:00+00:00,85.11,85.11,85.07,85.1,391.783
2026-03-12 05:01:00+00:00,85.1,85.11,85.06,85.11,330.225
2026-03-12 05:02:00+00:00,85.11,85.21,85.11,85.21,1029.8
2026-03-12 05:03:00+00:00,85.22,85.33,85.22,85.25,2190.069
2026-03-12 05:04:00+00:00,85.24,85.25,85.21,85.23,603.121
2026-03-12 05:05:00+00:00,85.22,85.24,85.19,85.2,830.358
2026-03-12 05:06:00+00:00,85.2,85.21,85.18,85.19,533.912
2026-03-12 05:07:00+00:00,85.19,85.19,85.11,85.17,1317.515
2026-03-12 05:08:00+00:00,85.17,85.25,85.17,85.22,2583.83
2026-03-12 05:09:00+00:00,85.22,85.25,85.19,85.24,437.011
2026-03-12 05:10:00+00:00,85.24,85.26,85.23,85.25,1100.276
2026-03-12 05:11:00+00:00,85.25,85.28,85.21,85.23,1266.956
2026-03-12 05:12:00+00:00,85.23,85.25,85.23,85.23,618.729
2026-03-12 05:13:00+00:00,85.23,85.24,85.17,85.18,1198.21
2026-03-12 05:14:00+00:00,85.18,85.18,85.11,85.12,1092.561
2026-03-12 05:15:00+00:00,85.11,85.13,85.08,85.13,663.451
2026-03-12 05:16:00+00:00,85.12,85.13,85.08,85.1,508.618
2026-03-12 05:17:00+00:00,85.09,85.11,85.07,85.1,556.529
2026-03-12 05:18:00+00:00,85.11,85.11,85.09,85.11,352.978
2026-03-12 05:19:00+00:00,85.1,85.11,85.1,85.11,230.576
2026-03-12 05:20:00+00:00,85.11,85.11,85.04,85.07,313.329
2026-03-12 05:21:00+00:00,85.07,85.07,84.93,84.93,1757.128
2026-03-12 05:22:00+00:00,84.94,84.98,84.91,84.98,568.179
2026-03-12 05:23:00+00:00,84.98,84.99,84.93,84.96,1010.074
2026-03-12 05:24:00+00:00,84.95,84.99,84.95,84.96,622.554
2026-03-12 05:25:00+00:00,84.96,84.97,84.9,84.95,803.044
2026-03-12 05:26:00+00:00,84.95,84.97,84.93,84.97,993.862
2026-03-12 05:27:00+00:00,84.98,85.01,84.89,84.93,1844.769
2026-03-12 05:28:00+00:00,84.93,84.93,84.91,84.91,421.563
2026-03-12 05:29:00+00:00,84.92,84.96,84.91,84.92,901.225
2026-03-12 05:30:00+00:00,84.92,84.98,84.9,84.95,1674.094
2026-03-12 05:31:00+00:00,84.95,84.98,84.92,84.97,563.814
2026-03-12 05:32:00+00:00,84.96,85.0,84.94,84.99,1289.784
2026-03-12 05:33:00+00:00,84.99,85.03,84.96,84.99,601.686
2026-03-12 05:34:00+00:00,84.98,85.08,84.98,85.02,949.302
2026-03-12 05:35:00+00:00,85.02,85.04,84.97,84.98,555.601
2026-03-12 05:36:00+00:00,84.98,84.99,84.95,84.96,402.9
2026-03-12 05:37:00+00:00,84.95,85.0,84.93,85.0,474.693
2026-03-12 05:38:00+00:00,85.0,85.1,84.99,85.09,690.3
2026-03-12 05:39:00+00:00,85.09,85.1,85.07,85.08,348.494
2026-03-12 05:40:00+00:00,85.09,85.16,85.06,85.16,2750.834
2026-03-12 05:41:00+00:00,85.15,85.24,85.13,85.2,1999.724
2026-03-12 05:42:00+00:00,85.2,85.23,85.19,85.22,1130.268
2026-03-12 05:43:00+00:00,85.22,85.32,85.21,85.24,8510.451
2026-03-12 05:44:00+00:00,85.24,85.24,85.22,85.22,640.101
2026-03-12 05:45:00+00:00,85.23,85.24,85.2,85.2,342.019
2026-03-12 05:46:00+00:00,85.2,85.2,85.16,85.18,557.279
2026-03-12 05:47:00+00:00,85.17,85.18,85.13,85.17,1361.241
2026-03-12 05:48:00+00:00,85.16,85.19,85.1,85.1,910.227
2026-03-12 05:49:00+00:00,85.1,85.14,85.1,85.14,434.024
2026-03-12 05:50:00+00:00,85.13,85.16,85.11,85.11,472.481
2026-03-12 05:51:00+00:00,85.12,85.14,85.03,85.06,2215.157
2026-03-12 05:52:00+00:00,85.07,85.09,85.05,85.09,597.963
2026-03-12 05:53:00+00:00,85.08,85.08,85.06,85.08,488.899
2026-03-12 05:54:00+00:00,85.08,85.13,85.08,85.12,616.823
2026-03-12 05:55:00+00:00,85.12,85.13,85.11,85.12,214.007
2026-03-12 05:56:00+00:00,85.12,85.15,85.11,85.15,269.582
2026-03-12 05:57:00+00:00,85.15,85.18,85.14,85.17,261.379
2026-03-12 05:58:00+00:00,85.16,85.17,85.1,85.1,212.779
2026-03-12 05:59:00+00:00,85.1,85.14,85.1,85.13,818.739
2026-03-12 06:00:00+00:00,85.13,85.14,85.03,85.05,2701.692
2026-03-12 06:01:00+00:00,85.05,85.06,84.97,85.03,1178.239
2026-03-12 06:02:00+00:00,85.03,85.03,84.97,85.03,706.208
2026-03-12 06:03:00+00:00,85.03,85.12,85.02,85.12,1313.269
2026-03-12 06:04:00+00:00,85.12,85.15,85.08,85.12,428.697
2026-03-12 06:05:00+00:00,85.12,85.18,85.11,85.11,1252.726
2026-03-12 06:06:00+00:00,85.12,85.12,85.05,85.06,439.896
2026-03-12 06:07:00+00:00,85.06,85.08,85.05,85.08,202.507
2026-03-12 06:08:00+00:00,85.08,85.12,85.07,85.11,434.303
2026-03-12 06:09:00+00:00,85.1,85.15,85.1,85.12,504.086
2026-03-12 06:10:00+00:00,85.12,85.12,85.07,85.07,494.52
2026-03-12 06:11:00+00:00,85.08,85.1,85.06,85.09,470.27
2026-03-12 06:12:00+00:00,85.09,85.13,85.09,85.13,307.746
2026-03-12 06:13:00+00:00,85.13,85.13,85.1,85.1,228.961
2026-03-12 06:14:00+00:00,85.11,85.14,85.09,85.13,418.103
2026-03-12 06:15:00+00:00,85.13,85.14,85.09,85.1,650.098
2026-03-12 06:16:00+00:00,85.1,85.11,85.07,85.1,395.129
2026-03-12 06:17:00+00:00,85.1,85.14,85.09,85.13,1034.034
2026-03-12 06:18:00+00:00,85.13,85.16,85.11,85.13,2055.049
2026-03-12 06:19:00+00:00,85.13,85.14,85.1,85.1,306.418
2026-03-12 06:20:00+00:00,85.1,85.15,85.09,85.1,1008.908
2026-03-12 06:21:00+00:00,85.09,85.2,85.09,85.2,1729.382
2026-03-12 06:22:00+00:00,85.2,85.2,85.18,85.2,641.495
2026-03-12 06:23:00+00:00,85.2,85.26,85.19,85.23,419.492
2026-03-12 06:24:00+00:00,85.24,85.28,85.15,85.16,1822.611
2026-03-12 06:25:00+00:00,85.16,85.23,85.1,85.17,4257.359
2026-03-12 06:26:00+00:00,85.18,85.24,85.15,85.15,2817.033
2026-03-12 06:27:00+00:00,85.16,85.24,85.16,85.19,832.266
2026-03-12 06:28:00+00:00,85.19,85.21,85.17,85.21,382.079
2026-03-12 06:29:00+00:00,85.21,85.24,85.21,85.24,779.74
2026-03-12 06:30:00+00:00,85.24,85.29,85.22,85.29,2560.022
2026-03-12 06:31:00+00:00,85.3,85.3,85.25,85.25,981.676
2026-03-12 06:32:00+00:00,85.26,85.27,85.25,85.26,847.532
2026-03-12 06:33:00+00:00,85.27,85.32,85.27,85.32,525.882
2026-03-12 06:34:00+00:00,85.32,85.37,85.31,85.31,1179.131
2026-03-12 06:35:00+00:00,85.31,85.31,85.25,85.27,372.917
2026-03-12 06:36:00+00:00,85.26,85.28,85.25,85.27,695.572
2026-03-12 06:37:00+00:00,85.26,85.27,85.24,85.25,826.266
2026-03-12 06:38:00+00:00,85.25,85.27,85.23,85.27,728.046
2026-03-12 06:39:00+00:00,85.27,85.29,85.22,85.22,434.54
2026-03-12 06:40:00+00:00,85.23,85.23,85.15,85.2,718.186
2026-03-12 06:41:00+00:00,85.2,85.24,85.2,85.22,879.072
2026-03-12 06:42:00+00:00,85.21,85.29,85.21,85.28,596.541
2026-03-12 06:43:00+00:00,85.29,85.29,85.26,85.28,469.165
2026-03-12 06:44:00+00:00,85.29,85.32,85.28,85.32,409.519
2026-03-12 06:45:00+00:00,85.32,85.32,85.3,85.31,174.213
2026-03-12 06:46:00+00:00,85.31,85.31,85.28,85.3,2249.121
2026-03-12 06:47:00+00:00,85.3,85.3,85.23,85.3,384.53
2026-03-12 06:48:00+00:00,85.29,85.31,85.29,85.3,536.424
2026-03-12 06:49:00+00:00,85.31,85.35,85.3,85.35,785.809
2026-03-12 06:50:00+00:00,85.35,85.37,85.32,85.33,966.701
2026-03-12 06:51:00+00:00,85.32,85.32,85.28,85.3,5386.571
2026-03-12 06:52:00+00:00,85.31,85.31,85.29,85.29,636.393
2026-03-12 06:53:00+00:00,85.3,85.33,85.29,85.32,752.703
2026-03-12 06:54:00+00:00,85.32,85.41,85.32,85.41,1504.036
2026-03-12 06:55:00+00:00,85.41,85.42,85.33,85.35,2748.852
2026-03-12 06:56:00+00:00,85.36,85.4,85.36,85.39,1034.013
2026-03-12 06:57:00+00:00,85.39,85.39,85.33,85.34,790.284
2026-03-12 06:58:00+00:00,85.33,85.36,85.33,85.36,486.766
2026-03-12 06:59:00+00:00,85.36,85.39,85.35,85.39,1049.686
2026-03-12 07:00:00+00:00,85.39,85.48,85.36,85.45,3520.738
2026-03-12 07:01:00+00:00,85.44,85.53,85.44,85.49,2367.9
2026-03-12 07:02:00+00:00,85.5,85.54,85.5,85.5,691.617
2026-03-12 07:03:00+00:00,85.5,85.51,85.47,85.49,4354.833
2026-03-12 07:04:00+00:00,85.49,85.49,85.47,85.47,318.985
2026-03-12 07:05:00+00:00,85.47,85.47,85.37,85.42,2303.478
2026-03-12 07:06:00+00:00,85.42,85.47,85.41,85.41,2045.829
2026-03-12 07:07:00+00:00,85.4,85.43,85.25,85.28,8397.698
2026-03-12 07:08:00+00:00,85.28,85.28,85.05,85.06,2683.127
2026-03-12 07:09:00+00:00,85.06,85.1,85.01,85.04,2825.325
2026-03-12 07:10:00+00:00,85.04,85.13,85.01,85.1,3660.224
2026-03-12 07:11:00+00:00,85.1,85.19,85.05,85.06,1635.796
2026-03-12 07:12:00+00:00,85.05,85.06,85.0,85.04,2664.916
2026-03-12 07:13:00+00:00,85.03,85.19,85.03,85.19,2184.988
2026-03-12 07:14:00+00:00,85.2,85.23,85.19,85.22,1096.924
2026-03-12 07:15:00+00:00,85.21,85.31,85.21,85.29,1997.466
2026-03-12 07:16:00+00:00,85.28,85.33,85.28,85.33,1049.212
2026-03-12 07:17:00+00:00,85.34,85.4,85.33,85.34,959.854
2026-03-12 07:18:00+00:00,85.34,85.37,85.34,85.35,417.871
2026-03-12 07:19:00+00:00,85.35,85.35,85.3,85.32,1497.223
2026-03-12 07:20:00+00:00,85.32,85.35,85.31,85.34,445.124
2026-03-12 07:21:00+00:00,85.35,85.36,85.32,85.36,785.71
2026-03-12 07:22:00+00:00,85.36,85.5,85.35,85.45,4862.188
2026-03-12 07:23:00+00:00,85.45,85.5,85.45,85.47,879.845
2026-03-12 07:24:00+00:00,85.46,85.47,85.45,85.45,166.902
2026-03-12 07:25:00+00:00,85.45,85.46,85.4,85.41,783.177
2026-03-12 07:26:00+00:00,85.42,85.47,85.41,85.45,1532.736
2026-03-12 07:27:00+00:00,85.45,85.47,85.44,85.46,852.632
2026-03-12 07:28:00+00:00,85.46,85.49,85.44,85.47,3020.76
2026-03-12 07:29:00+00:00,85.46,85.56,85.45,85.52,3287.748
2026-03-12 07:30:00+00:00,85.53,85.57,85.49,85.54,2380.314
2026-03-12 07:31:00+00:00,85.54,85.78,85.53,85.78,4396.519
2026-03-12 07:32:00+00:00,85.78,85.82,85.71,85.73,3384.838
2026-03-12 07:33:00+00:00,85.73,85.74,85.67,85.74,3372.822
2026-03-12 07:34:00+00:00,85.73,85.79,85.73,85.75,1238.172
2026-03-12 07:35:00+00:00,85.76,85.76,85.6,85.61,1363.21
2026-03-12 07:36:00+00:00,85.62,85.64,85.56,85.63,3376.925
2026-03-12 07:37:00+00:00,85.62,85.67,85.59,85.63,2537.484
2026-03-12 07:38:00+00:00,85.63,85.76,85.63,85.75,1506.212
2026-03-12 07:39:00+00:00,85.76,85.77,85.67,85.7,555.474
2026-03-12 07:40:00+00:00,85.7,85.74,85.67,85.67,338.903
2026-03-12 07:41:00+00:00,85.68,85.73,85.66,85.71,507.806
2026-03-12 07:42:00+00:00,85.71,85.76,85.7,85.76,843.806
2026-03-12 07:43:00+00:00,85.76,85.79,85.76,85.77,428.202
2026-03-12 07:44:00+00:00,85.77,85.79,85.75,85.77,763.733
2026-03-12 07:45:00+00:00,85.76,85.79,85.75,85.76,1012.654
2026-03-12 07:46:00+00:00,85.76,85.78,85.73,85.78,767.743
2026-03-12 07:47:00+00:00,85.78,85.86,85.78,85.84,1058.957
2026-03-12 07:48:00+00:00,85.83,85.87,85.75,85.84,3199.85
2026-03-12 07:49:00+00:00,85.85,85.9,85.79,85.86,1844.685
2026-03-12 07:50:00+00:00,85.87,85.87,85.72,85.73,561.888
2026-03-12 07:51:00+00:00,85.73,85.75,85.71,85.72,567.337
2026-03-12 07:52:00+00:00,85.72,85.84,85.71,85.73,4525.492
2026-03-12 07:53:00+00:00,85.74,85.84,85.73,85.81,1969.915
2026-03-12 07:54:00+00:00,85.82,85.82,85.78,85.8,813.493
2026-03-12 07:55:00+00:00,85.8,85.83,85.79,85.81,1846.036
2026-03-12 07:56:00+00:00,85.81,85.81,85.79,85.8,468.046
2026-03-12 07:57:00+00:00,85.8,85.85,85.79,85.82,882.993
2026-03-12 07:58:00+00:00,85.83,85.83,85.79,85.82,2953.598
2026-03-12 07:59:00+00:00,85.81,85.83,85.77,85.82,1042.539
2026-03-12 08:00:00+00:00,85.82,85.93,85.81,85.92,2348.83
2026-03-12 08:01:00+00:00,85.93,86.02,85.88,85.88,3501.111
2026-03-12 08:02:00+00:00,85.89,86.0,85.87,85.92,3255.287
2026-03-12 08:03:00+00:00,85.92,86.01,85.89,86.01,3001.79
2026-03-12 08:04:00+00:00,86.01,86.06,85.97,85.97,1771.529
2026-03-12 08:05:00+00:00,85.96,85.98,85.91,85.93,2382.026
2026-03-12 08:06:00+00:00,85.92,85.93,85.78,85.79,2835.643
2026-03-12 08:07:00+00:00,85.79,85.81,85.57,85.64,8747.579
2026-03-12 08:08:00+00:00,85.63,85.72,85.59,85.64,3020.201
2026-03-12 08:09:00+00:00,85.63,85.64,85.55,85.56,2848.932
2026-03-12 08:10:00+00:00,85.57,85.57,85.46,85.46,2592.079
2026-03-12 08:11:00+00:00,85.47,85.58,85.41,85.42,5155.147
2026-03-12 08:12:00+00:00,85.42,85.46,85.39,85.46,2282.863
2026-03-12 08:13:00+00:00,85.46,85.53,85.45,85.51,1239.161
2026-03-12 08:14:00+00:00,85.51,85.6,85.51,85.57,1083.435
2026-03-12 08:15:00+00:00,85.56,85.57,85.54,85.56,282.631
2026-03-12 08:16:00+00:00,85.56,85.84,85.53,85.77,4708.783
2026-03-12 08:17:00+00:00,85.78,86.01,85.78,85.97,2421.278
2026-03-12 08:18:00+00:00,85.97,86.16,85.97,86.11,4205.49
2026-03-12 08:19:00+00:00,86.12,86.15,86.0,86.01,1379.236
2026-03-12 08:20:00+00:00,86.01,86.02,85.92,85.96,1355.195
2026-03-12 08:21:00+00:00,85.95,86.05,85.95,86.05,687.869
2026-03-12 08:22:00+00:00,86.05,86.05,85.93,85.94,1442.282
2026-03-12 08:23:00+00:00,85.93,85.98,85.92,85.98,1310.459
2026-03-12 08:24:00+00:00,85.98,86.03,85.97,86.0,1553.517
2026-03-12 08:25:00+00:00,86.01,86.01,85.92,85.93,1465.811
2026-03-12 08:26:00+00:00,85.92,85.92,85.82,85.85,1168.292
2026-03-12 08:27:00+00:00,85.85,85.88,85.84,85.86,1148.072
2026-03-12 08:28:00+00:00,85.87,85.87,85.76,85.8,684.344
2026-03-12 08:29:00+00:00,85.8,85.85,85.78,85.83,992.385
2026-03-12 08:30:00+00:00,85.83,85.89,85.78,85.89,1362.232
2026-03-12 08:31:00+00:00,85.89,85.97,85.85,85.92,1766.25
2026-03-12 08:32:00+00:00,85.92,85.93,85.88,85.91,2020.642
2026-03-12 08:33:00+00:00,85.91,85.91,85.86,85.87,1235.325
2026-03-12 08:34:00+00:00,85.88,85.94,85.87,85.87,3786.918
2026-03-12 08:35:00+00:00,85.87,85.93,85.87,85.9,1518.762
2026-03-12 08:36:00+00:00,85.89,85.89,85.88,85.89,206.573
2026-03-12 08:37:00+00:00,85.88,85.96,85.88,85.96,1436.588
2026-03-12 08:38:00+00:00,85.95,85.96,85.92,85.95,475.403
2026-03-12 08:39:00+00:00,85.95,85.95,85.88,85.89,187.101
2026-03-12 08:40:00+00:00,85.89,85.89,85.8,85.8,729.317
2026-03-12 08:41:00+00:00,85.81,85.81,85.72,85.75,950.611
2026-03-12 08:42:00+00:00,85.75,85.77,85.71,85.72,1214.035
2026-03-12 08:43:00+00:00,85.72,85.83,85.72,85.81,686.435
2026-03-12 08:44:00+00:00,85.81,85.91,85.8,85.91,2188.91
2026-03-12 08:45:00+00:00,85.9,85.9,85.86,85.87,609.383
2026-03-12 08:46:00+00:00,85.88,85.88,85.84,85.84,330.093
2026-03-12 08:47:00+00:00,85.84,85.85,85.81,85.81,490.735
2026-03-12 08:48:00+00:00,85.82,85.84,85.8,85.84,734.361
2026-03-12 08:49:00+00:00,85.84,85.98,85.83,85.95,1927.284
2026-03-12 08:50:00+00:00,85.96,85.96,85.93,85.94,269.584
2026-03-12 08:51:00+00:00,85.94,85.96,85.92,85.94,669.726
2026-03-12 08:52:00+00:00,85.94,85.97,85.94,85.97,539.28
2026-03-12 08:53:00+00:00,85.97,86.0,85.96,85.97,723.047
2026-03-12 08:54:00+00:00,85.98,86.0,85.97,85.98,593.205
2026-03-12 08:55:00+00:00,85.98,85.98,85.94,85.95,590.479
2026-03-12 08:56:00+00:00,85.95,85.96,85.94,85.95,656.285
2026-03-12 08:57:00+00:00,85.96,85.96,85.95,85.95,195.084
2026-03-12 08:58:00+00:00,85.96,85.96,85.92,85.92,435.6
2026-03-12 08:59:00+00:00,85.93,85.96,85.91,85.96,1653.869
2026-03-12 09:00:00+00:00,85.95,85.95,85.83,85.84,1417.756
2026-03-12 09:01:00+00:00,85.83,85.84,85.8,85.81,560.631
2026-03-12 09:02:00+00:00,85.8,85.87,85.8,85.84,2181.458
2026-03-12 09:03:00+00:00,85.84,85.95,85.82,85.9,1447.89
2026-03-12 09:04:00+00:00,85.89,85.9,85.87,85.89,500.741
2026-03-12 09:05:00+00:00,85.89,85.89,85.77,85.77,590.659
2026-03-12 09:06:00+00:00,85.77,85.77,85.68,85.69,2100.402
2026-03-12 09:07:00+00:00,85.69,85.76,85.69,85.75,1050.735
2026-03-12 09:08:00+00:00,85.76,85.77,85.69,85.7,1242.705
2026-03-12 09:09:00+00:00,85.7,85.71,85.64,85.69,1563.883
2026-03-12 09:10:00+00:00,85.69,85.73,85.67,85.67,758.737
2026-03-12 09:11:00+00:00,85.66,85.7,85.66,85.7,358.101
2026-03-12 09:12:00+00:00,85.69,85.7,85.64,85.65,444.244
2026-03-12 09:13:00+00:00,85.65,85.66,85.62,85.64,1283.437
2026-03-12 09:14:00+00:00,85.65,85.65,85.59,85.65,2922.225
2026-03-12 09:15:00+00:00,85.65,85.68,85.56,85.59,2398.45
2026-03-12 09:16:00+00:00,85.59,85.62,85.52,85.54,1223.33
2026-03-12 09:17:00+00:00,85.55,85.6,85.52,85.53,1951.954
2026-03-12 09:18:00+00:00,85.53,85.57,85.53,85.54,332.691
2026-03-12 09:19:00+00:00,85.55,85.56,85.5,85.5,556.119
2026-03-12 09:20:00+00:00,85.5,85.55,85.48,85.5,2203.562
2026-03-12 09:21:00+00:00,85.49,85.58,85.45,85.58,1370.604
2026-03-12 09:22:00+00:00,85.57,85.59,85.56,85.56,996.41
2026-03-12 09:23:00+00:00,85.57,85.62,85.5,85.62,990.915
2026-03-12 09:24:00+00:00,85.62,85.62,85.57,85.6,385.431
2026-03-12 09:25:00+00:00,85.6,85.69,85.59,85.69,779.689
2026-03-12 09:26:00+00:00,85.69,85.72,85.67,85.68,1237.053
2026-03-12 09:27:00+00:00,85.69,85.69,85.55,85.62,1456.9
2026-03-12 09:28:00+00:00,85.62,85.66,85.61,85.65,1250.404
2026-03-12 09:29:00+00:00,85.66,85.7,85.63,85.65,741.398
2026-03-12 09:30:00+00:00,85.65,85.75,85.65,85.67,2665.896
2026-03-12 09:31:00+00:00,85.67,85.74,85.64,85.72,2164.118
2026-03-12 09:32:00+00:00,85.71,85.76,85.68,85.73,502.4
2026-03-12 09:33:00+00:00,85.74,85.74,85.66,85.69,1339.814
2026-03-12 09:34:00+00:00,85.68,85.69,85.66,85.68,498.268
2026-03-12 09:35:00+00:00,85.67,85.71,85.65,85.65,422.232
2026-03-12 09:36:00+00:00,85.66,85.72,85.65,85.72,908.09
2026-03-12 09:37:00+00:00,85.73,85.77,85.71,85.73,517.671
2026-03-12 09:38:00+00:00,85.73,85.78,85.7,85.76,1273.136
2026-03-12 09:39:00+00:00,85.76,85.83,85.76,85.82,1337.904
2026-03-12 09:40:00+00:00,85.81,85.92,85.81,85.92,800.694
2026-03-12 09:41:00+00:00,85.92,85.99,85.91,85.98,4141.37
2026-03-12 09:42:00+00:00,85.98,86.05,85.98,86.05,1248.992
2026-03-12 09:43:00+00:00,86.05,86.13,86.04,86.13,930.634
2026-03-12 09:44:00+00:00,86.13,86.54,86.13,86.49,17214.617
2026-03-12 09:45:00+00:00,86.48,86.7,86.44,86.5,6723.867
2026-03-12 09:46:00+00:00,86.49,86.49,86.26,86.27,3034.725
2026-03-12 09:47:00+00:00,86.27,86.29,85.97,86.01,5570.083
2026-03-12 09:48:00+00:00,86.01,86.05,85.86,86.0,4244.618
2026-03-12 09:49:00+00:00,86.01,86.1,86.01,86.06,1374.136
2026-03-12 09:50:00+00:00,86.06,86.12,86.06,86.11,551.435
2026-03-12 09:51:00+00:00,86.11,86.13,86.1,86.13,931.395
2026-03-12 09:52:00+00:00,86.13,86.19,86.07,86.08,1701.006
2026-03-12 09:53:00+00:00,86.08,86.15,86.08,86.11,1841.838
2026-03-12 09:54:00+00:00,86.12,86.15,86.11,86.11,1124.334
2026-03-12 09:55:00+00:00,86.12,86.16,86.11,86.12,565.852
2026-03-12 09:56:00+00:00,86.13,86.13,86.09,86.1,348.913
2026-03-12 09:57:00+00:00,86.1,86.16,86.09,86.15,1217.347
2026-03-12 09:58:00+00:00,86.16,86.21,86.13,86.19,1629.447
2026-03-12 09:59:00+00:00,86.2,86.22,86.18,86.18,380.544
2026-03-12 10:00:00+00:00,86.19,86.36,86.19,86.36,6201.985
2026-03-12 10:01:00+00:00,86.36,86.37,86.25,86.27,2653.414
2026-03-12 10:02:00+00:00,86.26,86.3,86.23,86.24,2639.345
2026-03-12 10:03:00+00:00,86.24,86.24,86.15,86.2,2197.825
2026-03-12 10:04:00+00:00,86.19,86.21,86.15,86.17,1159.435
2026-03-12 10:05:00+00:00,86.17,86.24,86.17,86.23,606.175
2026-03-12 10:06:00+00:00,86.23,86.23,86.19,86.19,525.343
2026-03-12 10:07:00+00:00,86.19,86.19,86.1,86.11,992.999
2026-03-12 10:08:00+00:00,86.1,86.11,86.06,86.07,980.751
2026-03-12 10:09:00+00:00,86.08,86.1,86.04,86.1,1004.329
2026-03-12 10:10:00+00:00,86.1,86.1,86.05,86.1,818.195
2026-03-12 10:11:00+00:00,86.1,86.15,86.1,86.13,722.2
2026-03-12 10:12:00+00:00,86.12,86.19,86.12,86.14,1023.223
2026-03-12 10:13:00+00:00,86.15,86.15,86.06,86.07,1596.882
2026-03-12 10:14:00+00:00,86.08,86.15,86.08,86.15,761.405
2026-03-12 10:15:00+00:00,86.14,86.18,86.13,86.16,894.568
2026-03-12 10:16:00+00:00,86.16,86.17,86.12,86.16,460.369
2026-03-12 10:17:00+00:00,86.16,86.26,86.12,86.22,2624.889
2026-03-12 10:18:00+00:00,86.23,86.35,86.22,86.34,1089.093
2026-03-12 10:19:00+00:00,86.34,86.35,86.31,86.35,581.941
2026-03-12 10:20:00+00:00,86.35,86.49,86.35,86.43,3509.243
2026-03-12 10:21:00+00:00,86.44,86.51,86.4,86.49,1547.486
2026-03-12 10:22:00+00:00,86.5,86.6,86.5,86.57,2401.635
2026-03-12 10:23:00+00:00,86.57,86.63,86.56,86.58,3153.706
2026-03-12 10:24:00+00:00,86.58,86.58,86.52,86.54,1293.599
2026-03-12 10:25:00+00:00,86.54,86.56,86.51,86.56,700.165
2026-03-12 10:26:00+00:00,86.56,86.66,86.56,86.61,4068.929
2026-03-12 10:27:00+00:00,86.61,86.67,86.58,86.66,1002.951
2026-03-12 10:28:00+00:00,86.66,86.69,86.64,86.67,1020.904
2026-03-12 10:29:00+00:00,86.67,86.67,86.65,86.66,2269.045
2026-03-12 10:30:00+00:00,86.65,86.79,86.65,86.72,5827.41
2026-03-12 10:31:00+00:00,86.72,86.78,86.48,86.5,8953.056
2026-03-12 10:32:00+00:00,86.51,86.53,86.5,86.52,1955.018
2026-03-12 10:33:00+00:00,86.51,86.63,86.47,86.59,2608.067
2026-03-12 10:34:00+00:00,86.59,86.66,86.58,86.65,1003.288
2026-03-12 10:35:00+00:00,86.66,86.67,86.57,86.65,1635.194
2026-03-12 10:36:00+00:00,86.64,86.83,86.64,86.79,3427.773
2026-03-12 10:37:00+00:00,86.8,86.89,86.75,86.76,2715.203
2026-03-12 10:38:00+00:00,86.75,86.83,86.75,86.82,1066.897
2026-03-12 10:39:00+00:00,86.83,86.93,86.83,86.88,3184.062
2026-03-12 10:40:00+00:00,86.88,86.99,86.88,86.96,4895.108
2026-03-12 10:41:00+00:00,86.96,87.04,86.94,86.94,12505.507
2026-03-12 10:42:00+00:00,86.95,87.03,86.94,86.94,3104.334
2026-03-12 10:43:00+00:00,86.94,86.95,86.9,86.9,1911.03
2026-03-12 10:44:00+00:00,86.89,86.91,86.86,86.87,1280.178
2026-03-12 10:45:00+00:00,86.86,86.92,86.83,86.91,5802.593
2026-03-12 10:46:00+00:00,86.92,86.96,86.91,86.96,802.371
2026-03-12 10:47:00+00:00,86.96,86.98,86.84,86.98,2289.157
2026-03-12 10:48:00+00:00,86.97,87.0,86.72,86.78,8409.256
2026-03-12 10:49:00+00:00,86.77,86.77,86.68,86.72,2622.07
2026-03-12 10:50:00+00:00,86.72,86.8,86.69,86.8,3328.539
2026-03-12 10:51:00+00:00,86.8,86.8,86.67,86.68,1003.517
2026-03-12 10:52:00+00:00,86.68,86.7,86.64,86.66,4425.534
2026-03-12 10:53:00+00:00,86.65,86.68,86.61,86.68,3809.275
2026-03-12 10:54:00+00:00,86.68,86.73,86.65,86.73,1520.935
2026-03-12 10:55:00+00:00,86.73,86.73,86.63,86.71,485.602
2026-03-12 10:56:00+00:00,86.7,86.74,86.7,86.74,785.476
2026-03-12 10:57:00+00:00,86.74,86.76,86.73,86.75,490.298
2026-03-12 10:58:00+00:00,86.75,86.76,86.73,86.76,676.417
2026-03-12 10:59:00+00:00,86.76,86.76,86.75,86.76,708.329
2026-03-12 11:00:00+00:00,86.76,86.77,86.72,86.73,909.328
2026-03-12 11:01:00+00:00,86.74,86.79,86.72,86.75,1025.954
2026-03-12 11:02:00+00:00,86.76,86.78,86.65,86.74,3448.009
2026-03-12 11:03:00+00:00,86.74,86.85,86.74,86.82,3937.605
2026-03-12 11:04:00+00:00,86.82,86.82,86.73,86.8,707.224
2026-03-12 11:05:00+00:00,86.8,86.8,86.69,86.71,1892.527
2026-03-12 11:06:00+00:00,86.72,86.77,86.72,86.73,1042.357
2026-03-12 11:07:00+00:00,86.74,86.82,86.74,86.76,736.791
2026-03-12 11:08:00+00:00,86.76,86.84,86.74,86.82,1774.722
2026-03-12 11:09:00+00:00,86.81,86.86,86.81,86.82,1802.102
2026-03-12 11:10:00+00:00,86.83,86.83,86.8,86.82,554.223
2026-03-12 11:11:00+00:00,86.82,86.88,86.8,86.81,698.401
2026-03-12 11:12:00+00:00,86.81,86.83,86.73,86.73,813.6
2026-03-12 11:13:00+00:00,86.72,86.73,86.68,86.69,310.927
2026-03-12 11:14:00+00:00,86.68,86.71,86.67,86.7,576.909
2026-03-12 11:15:00+00:00,86.7,86.72,86.69,86.72,888.184
2026-03-12 11:16:00+00:00,86.72,86.75,86.71,86.72,433.853
2026-03-12 11:17:00+00:00,86.72,86.83,86.71,86.82,292.433
2026-03-12 11:18:00+00:00,86.83,86.94,86.82,86.92,1433.466
2026-03-12 11:19:00+00:00,86.92,86.93,86.86,86.93,1819.407
2026-03-12 11:20:00+00:00,86.92,86.98,86.91,86.96,1678.828
2026-03-12 11:21:00+00:00,86.97,87.02,86.93,86.97,2489.111
2026-03-12 11:22:00+00:00,86.98,86.98,86.9,86.9,1401.803
2026-03-12 11:23:00+00:00,86.91,86.94,86.81,86.83,1560.338
2026-03-12 11:24:00+00:00,86.83,86.87,86.83,86.86,274.951
2026-03-12 11:25:00+00:00,86.86,86.86,86.83,86.84,328.524
2026-03-12 11:26:00+00:00,86.83,86.86,86.74,86.74,1441.648
2026-03-12 11:27:00+00:00,86.75,86.75,86.63,86.72,4718.564
2026-03-12 11:28:00+00:00,86.73,86.74,86.7,86.73,1091.862
2026-03-12 11:29:00+00:00,86.73,86.85,86.72,86.83,1440.288
2026-03-12 11:30:00+00:00,86.82,86.93,86.81,86.81,4300.22
2026-03-12 11:31:00+00:00,86.8,86.85,86.8,86.82,1159.492
2026-03-12 11:32:00+00:00,86.83,86.85,86.79,86.79,1659.387
2026-03-12 11:33:00+00:00,86.8,86.83,86.78,86.82,457.034
2026-03-12 11:34:00+00:00,86.82,86.84,86.82,86.84,998.049
2026-03-12 11:35:00+00:00,86.84,86.84,86.81,86.81,696.183
2026-03-12 11:36:00+00:00,86.81,86.91,86.79,86.91,2924.807
2026-03-12 11:37:00+00:00,86.92,86.98,86.91,86.97,537.921
2026-03-12 11:38:00+00:00,86.97,86.97,86.84,86.87,980.327
2026-03-12 11:39:00+00:00,86.86,86.93,86.85,86.89,604.659
2026-03-12 11:40:00+00:00,86.89,86.91,86.86,86.9,912.257
2026-03-12 11:41:00+00:00,86.9,86.99,86.89,86.99,2632.813
2026-03-12 11:42:00+00:00,86.99,86.99,86.94,86.96,930.038
2026-03-12 11:43:00+00:00,86.97,87.02,86.97,86.98,1472.449
2026-03-12 11:44:00+00:00,86.98,86.99,86.91,86.98,1367.62
2026-03-12 11:45:00+00:00,86.98,87.12,86.97,86.98,4080.031
2026-03-12 11:46:00+00:00,86.98,87.01,86.95,86.97,1380.317
2026-03-12 11:47:00+00:00,86.98,87.13,86.97,87.07,4240.556
2026-03-12 11:48:00+00:00,87.06,87.06,86.89,86.95,2836.711
2026-03-12 11:49:00+00:00,86.95,87.02,86.92,87.01,1359.03
2026-03-12 11:50:00+00:00,87.01,87.03,86.92,86.96,3125.029
2026-03-12 11:51:00+00:00,86.96,86.96,86.7,86.85,7235.246
2026-03-12 11:52:00+00:00,86.86,86.91,86.84,86.9,1099.393
2026-03-12 11:53:00+00:00,86.91,86.93,86.89,86.91,663.809
2026-03-12 11:54:00+00:00,86.91,86.92,86.7,86.71,1967.26
2026-03-12 11:55:00+00:00,86.72,86.8,86.72,86.76,855.688
2026-03-12 11:56:00+00:00,86.76,86.81,86.75,86.77,1327.54
2026-03-12 11:57:00+00:00,86.77,86.78,86.68,86.7,2003.442
2026-03-12 11:58:00+00:00,86.71,86.76,86.71,86.72,2561.741
2026-03-12 11:59:00+00:00,86.72,86.83,86.72,86.79,2311.379
2026-03-12 12:00:00+00:00,86.8,86.89,86.77,86.77,1320.641
2026-03-12 12:01:00+00:00,86.77,86.78,86.74,86.77,606.806
2026-03-12 12:02:00+00:00,86.77,86.77,86.69,86.71,800.273
2026-03-12 12:03:00+00:00,86.72,86.72,86.59,86.71,1988.839
2026-03-12 12:04:00+00:00,86.71,86.72,86.62,86.64,649.372
2026-03-12 12:05:00+00:00,86.64,86.65,86.56,86.58,996.605
2026-03-12 12:06:00+00:00,86.59,86.63,86.55,86.63,1029.403
2026-03-12 12:07:00+00:00,86.64,86.71,86.63,86.65,347.518
2026-03-12 12:08:00+00:00,86.64,86.87,86.61,86.87,4939.349
2026-03-12 12:09:00+00:00,86.88,86.93,86.82,86.93,3087.716
2026-03-12 12:10:00+00:00,86.92,87.0,86.9,86.96,1528.976
2026-03-12 12:11:00+00:00,86.96,87.05,86.89,86.93,2308.08
2026-03-12 12:12:00+00:00,86.93,87.01,86.89,86.99,1464.667
2026-03-12 12:13:00+00:00,86.99,87.02,86.97,86.99,849.612
2026-03-12 12:14:00+00:00,86.98,87.0,86.88,86.88,1261.064
2026-03-12 12:15:00+00:00,86.88,86.89,86.83,86.84,587.729
2026-03-12 12:16:00+00:00,86.84,86.89,86.83,86.83,527.768
2026-03-12 12:17:00+00:00,86.83,86.91,86.81,86.89,727.427
2026-03-12 12:18:00+00:00,86.89,87.19,86.89,87.08,5840.491
2026-03-12 12:19:00+00:00,87.09,87.23,87.04,87.15,4811.224
2026-03-12 12:20:00+00:00,87.15,87.18,87.07,87.13,3782.634
2026-03-12 12:21:00+00:00,87.14,87.22,87.09,87.2,3373.501
2026-03-12 12:22:00+00:00,87.2,87.44,87.2,87.31,23663.044
2026-03-12 12:23:00+00:00,87.32,87.5,87.31,87.37,30001.922
2026-03-12 12:24:00+00:00,87.37,87.38,87.21,87.23,4521.34
2026-03-12 12:25:00+00:00,87.24,87.31,87.24,87.28,2176.002
2026-03-12 12:26:00+00:00,87.28,87.28,87.24,87.27,345.837
2026-03-12 12:27:00+00:00,87.26,87.27,87.16,87.17,708.391
2026-03-12 12:28:00+00:00,87.17,87.23,87.16,87.19,3064.469
2026-03-12 12:29:00+00:00,87.18,87.19,87.17,87.18,517.559
2026-03-12 12:30:00+00:00,87.18,87.27,87.11,87.11,1688.601
2026-03-12 12:31:00+00:00,87.11,87.19,87.03,87.17,954.468
2026-03-12 12:32:00+00:00,87.17,87.2,87.09,87.13,672.829
2026-03-12 12:33:00+00:00,87.12,87.15,87.08,87.13,764.848
2026-03-12 12:34:00+00:00,87.13,87.14,87.08,87.12,2528.553
2026-03-12 12:35:00+00:00,87.12,87.13,87.07,87.11,4894.975
2026-03-12 12:36:00+00:00,87.11,87.16,87.11,87.13,262.375
2026-03-12 12:37:00+00:00,87.13,87.19,87.12,87.14,1162.325
2026-03-12 12:38:00+00:00,87.15,87.2,87.11,87.13,1354.707
2026-03-12 12:39:00+00:00,87.12,87.13,87.04,87.05,1954.046
2026-03-12 12:40:00+00:00,87.06,87.1,87.05,87.08,915.91
2026-03-12 12:41:00+00:00,87.09,87.15,87.08,87.13,721.511
2026-03-12 12:42:00+00:00,87.13,87.2,87.12,87.18,1159.938
2026-03-12 12:43:00+00:00,87.18,87.18,87.13,87.18,368.85
2026-03-12 12:44:00+00:00,87.18,87.24,87.18,87.2,2886.85
2026-03-12 12:45:00+00:00,87.19,87.22,87.15,87.21,1931.722
2026-03-12 12:46:00+00:00,87.21,87.22,87.18,87.19,2241.214
2026-03-12 12:47:00+00:00,87.2,87.25,87.17,87.24,1524.473
2026-03-12 12:48:00+00:00,87.24,87.44,87.24,87.41,10002.532
2026-03-12 12:49:00+00:00,87.41,87.51,87.39,87.46,3722.804
2026-03-12 12:50:00+00:00,87.46,87.5,87.43,87.44,1753.188
2026-03-12 12:51:00+00:00,87.44,87.44,87.23,87.27,4174.363
2026-03-12 12:52:00+00:00,87.27,87.33,87.27,87.3,4108.379
2026-03-12 12:53:00+00:00,87.31,87.34,87.29,87.3,2749.526
2026-03-12 12:54:00+00:00,87.29,87.3,87.19,87.2,1142.845
2026-03-12 12:55:00+00:00,87.2,87.26,87.2,87.26,484.515
2026-03-12 12:56:00+00:00,87.25,87.28,87.21,87.23,624.932
2026-03-12 12:57:00+00:00,87.22,87.24,87.19,87.24,1305.693
2026-03-12 12:58:00+00:00,87.24,87.25,87.18,87.24,919.507
2026-03-12 12:59:00+00:00,87.25,87.28,87.24,87.25,378.614
2026-03-12 13:00:00+00:00,87.25,87.28,87.25,87.26,1334.951
2026-03-12 13:01:00+00:00,87.27,87.28,87.24,87.27,779.883
2026-03-12 13:02:00+00:00,87.27,87.3,87.25,87.29,916.97
2026-03-12 13:03:00+00:00,87.3,87.38,87.3,87.36,2350.047
2026-03-12 13:04:00+00:00,87.36,87.43,87.24,87.39,4735.806
2026-03-12 13:05:00+00:00,87.4,87.51,87.38,87.5,3689.696
2026-03-12 13:06:00+00:00,87.5,87.59,87.5,87.59,3669.032
2026-03-12 13:07:00+00:00,87.58,87.6,87.5,87.58,4361.213
2026-03-12 13:08:00+00:00,87.57,87.63,87.52,87.61,1748.48
2026-03-12 13:09:00+00:00,87.61,87.61,87.45,87.47,1239.568
2026-03-12 13:10:00+00:00,87.47,87.52,87.45,87.45,320.342
2026-03-12 13:11:00+00:00,87.45,87.46,87.39,87.39,1221.344
2026-03-12 13:12:00+00:00,87.39,87.41,87.35,87.36,482.652
2026-03-12 13:13:00+00:00,87.36,87.36,87.28,87.3,388.429
2026-03-12 13:14:00+00:00,87.29,87.34,87.29,87.3,1809.802
2026-03-12 13:15:00+00:00,87.31,87.33,87.09,87.13,5204.564
2026-03-12 13:16:00+00:00,87.14,87.18,86.94,86.95,7100.289
2026-03-12 13:17:00+00:00,86.95,87.02,86.75,86.88,40278.478
2026-03-12 13:18:00+00:00,86.88,87.0,86.88,86.93,4313.092
2026-03-12 13:19:00+00:00,86.94,87.17,86.94,87.05,14813.279
2026-03-12 13:20:00+00:00,87.05,87.1,86.97,86.99,4292.284
2026-03-12 13:21:00+00:00,86.98,86.99,86.82,86.82,5336.489
2026-03-12 13:22:00+00:00,86.82,86.85,86.75,86.77,6216.69
2026-03-12 13:23:00+00:00,86.77,86.86,86.72,86.83,5564.829
2026-03-12 13:24:00+00:00,86.83,86.88,86.81,86.86,1497.454
2026-03-12 13:25:00+00:00,86.86,86.96,86.86,86.95,4651.013
2026-03-12 13:26:00+00:00,86.95,87.07,86.94,87.03,1293.653
2026-03-12 13:27:00+00:00,87.03,87.06,87.02,87.03,1024.93
2026-03-12 13:28:00+00:00,87.02,87.04,86.92,86.95,1445.149
2026-03-12 13:29:00+00:00,86.94,86.95,86.87,86.95,3594.277
2026-03-12 13:30:00+00:00,86.94,86.98,86.87,86.9,3750.403
2026-03-12 13:31:00+00:00,86.89,86.99,86.89,86.92,4445.234
2026-03-12 13:32:00+00:00,86.93,86.97,86.8,86.92,5439.151
2026-03-12 13:33:00+00:00,86.93,87.17,86.93,87.15,6915.628
2026-03-12 13:34:00+00:00,87.16,87.5,87.16,87.43,10166.958
2026-03-12 13:35:00+00:00,87.42,87.55,87.29,87.45,6532.481
2026-03-12 13:36:00+00:00,87.44,87.69,87.32,87.56,14090.78
2026-03-12 13:37:00+00:00,87.55,87.56,87.3,87.35,3752.967
2026-03-12 13:38:00+00:00,87.35,87.44,87.21,87.26,2889.751
2026-03-12 13:39:00+00:00,87.27,87.34,87.18,87.23,2963.242
2026-03-12 13:40:00+00:00,87.24,87.31,87.16,87.24,3386.974
2026-03-12 13:41:00+00:00,87.24,87.25,87.08,87.1,4108.729
2026-03-12 13:42:00+00:00,87.09,87.13,86.91,87.1,4729.537
2026-03-12 13:43:00+00:00,87.1,87.16,87.08,87.09,1980.466
2026-03-12 13:44:00+00:00,87.08,87.08,86.9,86.96,5078.04
2026-03-12 13:45:00+00:00,86.95,87.08,86.77,86.8,5635.562
2026-03-12 13:46:00+00:00,86.79,86.79,86.62,86.62,4974.645
2026-03-12 13:47:00+00:00,86.63,86.63,86.45,86.51,11621.682
2026-03-12 13:48:00+00:00,86.52,86.75,86.48,86.73,5551.5
2026-03-12 13:49:00+00:00,86.73,86.9,86.71,86.86,2564.254
2026-03-12 13:50:00+00:00,86.87,87.01,86.81,86.81,4040.982
2026-03-12 13:51:00+00:00,86.81,86.93,86.81,86.91,2442.103
2026-03-12 13:52:00+00:00,86.9,86.9,86.73,86.77,3567.536
2026-03-12 13:53:00+00:00,86.78,86.82,86.73,86.73,1741.794
2026-03-12 13:54:00+00:00,86.74,86.76,86.67,86.68,2608.026
2026-03-12 13:55:00+00:00,86.67,86.67,86.5,86.54,2544.705
2026-03-12 13:56:00+00:00,86.54,86.55,86.34,86.55,5362.245
2026-03-12 13:57:00+00:00,86.55,86.71,86.54,86.68,2770.523
2026-03-12 13:58:00+00:00,86.67,86.67,86.59,86.6,4031.853
2026-03-12 13:59:00+00:00,86.61,86.75,86.6,86.74,1728.64
2026-03-12 14:00:00+00:00,86.75,87.03,86.73,87.03,2637.846
2026-03-12 14:01:00+00:00,87.03,87.07,86.93,87.01,2610.493
2026-03-12 14:02:00+00:00,87.0,87.27,87.0,87.24,9565.2
2026-03-12 14:03:00+00:00,87.24,87.26,87.19,87.21,1696.095
2026-03-12 14:04:00+00:00,87.2,87.31,87.03,87.09,1760.291
2026-03-12 14:05:00+00:00,87.09,87.14,87.01,87.04,1273.411
2026-03-12 14:06:00+00:00,87.05,87.1,86.98,87.0,1251.061
2026-03-12 14:07:00+00:00,87.0,87.09,86.96,87.05,1908.656
2026-03-12 14:08:00+00:00,87.06,87.08,86.97,87.04,1497.206
2026-03-12 14:09:00+00:00,87.04,87.13,86.98,87.12,3913.163
2026-03-12 14:10:00+00:00,87.12,87.25,87.11,87.14,1835.216
2026-03-12 14:11:00+00:00,87.15,87.25,87.14,87.23,2391.415
2026-03-12 14:12:00+00:00,87.23,87.3,87.14,87.23,3885.114
2026-03-12 14:13:00+00:00,87.22,87.29,87.13,87.22,2983.434
2026-03-12 14:14:00+00:00,87.22,87.25,87.18,87.24,1899.047
2026-03-12 14:15:00+00:00,87.25,87.66,87.25,87.42,14244.618
2026-03-12 14:16:00+00:00,87.43,87.51,87.28,87.28,4704.022
2026-03-12 14:17:00+00:00,87.28,87.28,87.09,87.11,4559.884
2026-03-12 14:18:00+00:00,87.11,87.11,86.87,86.87,2821.14
2026-03-12 14:19:00+00:00,86.88,86.93,86.85,86.88,2644.487
2026-03-12 14:20:00+00:00,86.87,86.9,86.77,86.8,3114.668
2026-03-12 14:21:00+00:00,86.79,86.8,86.62,86.67,3795.495
2026-03-12 14:22:00+00:00,86.67,86.77,86.67,86.77,1995.774
2026-03-12 14:23:00+00:00,86.78,86.89,86.77,86.8,1365.704
2026-03-12 14:24:00+00:00,86.81,86.86,86.73,86.83,2891.71
2026-03-12 14:25:00+00:00,86.84,86.9,86.78,86.81,2764.286
2026-03-12 14:26:00+00:00,86.8,86.81,86.72,86.74,1261.608
2026-03-12 14:27:00+00:00,86.74,86.79,86.44,86.57,16815.526
2026-03-12 14:28:00+00:00,86.57,86.58,86.47,86.54,6266.562
2026-03-12 14:29:00+00:00,86.54,86.59,86.42,86.44,4390.299
2026-03-12 14:30:00+00:00,86.43,86.47,86.37,86.39,2638.608
2026-03-12 14:31:00+00:00,86.39,86.4,86.14,86.16,9913.745
2026-03-12 14:32:00+00:00,86.16,86.24,86.04,86.21,4035.899
2026-03-12 14:33:00+00:00,86.2,86.2,85.92,85.94,8711.829
2026-03-12 14:34:00+00:00,85.94,86.02,85.79,85.95,17773.873
2026-03-12 14:35:00+00:00,85.95,86.09,85.89,86.08,7589.088
2026-03-12 14:36:00+00:00,86.08,86.15,85.93,85.94,4428.431
2026-03-12 14:37:00+00:00,85.93,85.96,85.75,85.77,21950.372
2026-03-12 14:38:00+00:00,85.77,85.83,85.65,85.75,7498.418
2026-03-12 14:39:00+00:00,85.75,85.81,85.66,85.67,3616.033
2026-03-12 14:40:00+00:00,85.66,85.71,85.57,85.58,7332.414
2026-03-12 14:41:00+00:00,85.58,85.67,85.48,85.53,8336.618
2026-03-12 14:42:00+00:00,85.52,85.53,85.4,85.43,7526.61
2026-03-12 14:43:00+00:00,85.44,85.57,85.43,85.51,6520.188
2026-03-12 14:44:00+00:00,85.5,85.67,85.47,85.65,6360.775
2026-03-12 14:45:00+00:00,85.64,85.69,85.52,85.55,5353.543
2026-03-12 14:46:00+00:00,85.54,85.75,85.54,85.75,6636.955
2026-03-12 14:47:00+00:00,85.75,85.88,85.72,85.72,9363.534
2026-03-12 14:48:00+00:00,85.71,85.71,85.46,85.46,4831.59
2026-03-12 14:49:00+00:00,85.46,85.47,85.2,85.41,10427.1
2026-03-12 14:50:00+00:00,85.41,85.46,85.31,85.35,3067.717
2026-03-12 14:51:00+00:00,85.34,85.52,85.34,85.46,2715.972
2026-03-12 14:52:00+00:00,85.46,85.61,85.46,85.51,1606.093
2026-03-12 14:53:00+00:00,85.5,85.54,85.34,85.47,4537.419
2026-03-12 14:54:00+00:00,85.48,85.54,85.38,85.54,3426.304
2026-03-12 14:55:00+00:00,85.54,85.6,85.5,85.52,3858.868
2026-03-12 14:56:00+00:00,85.52,85.52,85.46,85.5,1358.655
2026-03-12 14:57:00+00:00,85.51,85.51,85.41,85.47,1183.369
2026-03-12 14:58:00+00:00,85.47,85.56,85.41,85.45,1433.411
2026-03-12 14:59:00+00:00,85.45,85.6,85.45,85.54,2429.432
2026-03-12 15:00:00+00:00,85.54,85.59,85.45,85.5,3715.736
2026-03-12 15:01:00+00:00,85.5,85.69,85.46,85.46,5398.416
2026-03-12 15:02:00+00:00,85.47,85.62,85.47,85.53,2014.525
2026-03-12 15:03:00+00:00,85.54,85.78,85.48,85.78,1224.236
2026-03-12 15:04:00+00:00,85.78,85.82,85.71,85.77,3782.141
2026-03-12 15:05:00+00:00,85.77,85.79,85.69,85.79,1733.165
2026-03-12 15:06:00+00:00,85.8,85.84,85.68,85.74,2493.259
2026-03-12 15:07:00+00:00,85.74,85.75,85.46,85.51,6038.158
2026-03-12 15:08:00+00:00,85.51,85.68,85.49,85.58,4098.199
2026-03-12 15:09:00+00:00,85.58,85.59,85.33,85.43,2938.143
2026-03-12 15:10:00+00:00,85.43,85.44,85.35,85.36,1236.066
2026-03-12 15:11:00+00:00,85.37,85.47,85.31,85.4,3436.166
2026-03-12 15:12:00+00:00,85.41,85.47,85.3,85.31,1370.152
2026-03-12 15:13:00+00:00,85.3,85.47,85.12,85.44,7093.75
2026-03-12 15:14:00+00:00,85.43,85.66,85.43,85.61,3369.834
2026-03-12 15:15:00+00:00,85.61,85.7,85.53,85.53,2648.608
2026-03-12 15:16:00+00:00,85.52,85.6,85.42,85.58,5900.746
2026-03-12 15:17:00+00:00,85.57,85.69,85.54,85.67,2021.899
2026-03-12 15:18:00+00:00,85.67,85.68,85.54,85.61,1983.635
2026-03-12 15:19:00+00:00,85.61,85.74,85.61,85.69,1540.444
2026-03-12 15:20:00+00:00,85.69,85.71,85.65,85.65,604.882
2026-03-12 15:21:00+00:00,85.65,85.75,85.6,85.69,2284.165
2026-03-12 15:22:00+00:00,85.69,85.78,85.63,85.77,782.831
2026-03-12 15:23:00+00:00,85.76,85.84,85.74,85.82,1847.818
2026-03-12 15:24:00+00:00,85.83,85.92,85.81,85.89,6961.699
2026-03-12 15:25:00+00:00,85.9,86.08,85.89,86.08,5236.834
2026-03-12 15:26:00+00:00,86.08,86.57,86.08,86.56,26344.158
2026-03-12 15:27:00+00:00,86.56,86.56,86.37,86.48,5093.326
2026-03-12 15:28:00+00:00,86.47,86.5,86.42,86.5,1915.277
2026-03-12 15:29:00+00:00,86.49,86.52,86.37,86.42,1766.169
2026-03-12 15:30:00+00:00,86.42,86.47,86.32,86.45,2026.688
2026-03-12 15:31:00+00:00,86.44,86.6,86.44,86.47,5285.538
2026-03-12 15:32:00+00:00,86.48,86.52,86.32,86.36,5320.915
2026-03-12 15:33:00+00:00,86.36,86.36,86.21,86.33,4463.176
2026-03-12 15:34:00+00:00,86.34,86.44,86.32,86.41,2564.986
2026-03-12 15:35:00+00:00,86.42,86.48,86.4,86.44,2998.836
2026-03-12 15:36:00+00:00,86.44,86.44,86.27,86.3,3909.425
2026-03-12 15:37:00+00:00,86.3,86.55,86.26,86.52,4319.625
2026-03-12 15:38:00+00:00,86.52,86.53,86.34,86.41,4589.452
2026-03-12 15:39:00+00:00,86.41,86.97,86.4,86.94,7583.261
2026-03-12 15:40:00+00:00,86.93,87.0,86.84,86.87,21164.987
2026-03-12 15:41:00+00:00,86.87,86.87,86.53,86.75,4213.634
2026-03-12 15:42:00+00:00,86.75,86.95,86.72,86.88,4042.189
2026-03-12 15:43:00+00:00,86.87,86.98,86.85,86.85,3465.108
2026-03-12 15:44:00+00:00,86.86,86.86,86.66,86.8,9387.679
2026-03-12 15:45:00+00:00,86.79,86.97,86.78,86.96,5732.098
2026-03-12 15:46:00+00:00,86.96,87.03,86.74,86.75,4075.835
2026-03-12 15:47:00+00:00,86.75,86.79,86.63,86.69,4061.368
2026-03-12 15:48:00+00:00,86.69,86.91,86.68,86.86,3042.869
2026-03-12 15:49:00+00:00,86.85,86.94,86.81,86.84,4321.45
2026-03-12 15:50:00+00:00,86.84,86.9,86.8,86.84,1950.452
2026-03-12 15:51:00+00:00,86.85,86.85,86.6,86.65,5066.624
2026-03-12 15:52:00+00:00,86.66,86.78,86.66,86.73,1874.87
2026-03-12 15:53:00+00:00,86.73,86.82,86.7,86.73,2401.783
2026-03-12 15:54:00+00:00,86.74,86.8,86.62,86.77,1239.606
2026-03-12 15:55:00+00:00,86.77,86.78,86.62,86.65,1030.726
2026-03-12 15:56:00+00:00,86.66,86.69,86.64,86.67,502.346
2026-03-12 15:57:00+00:00,86.67,86.69,86.57,86.58,1500.537
2026-03-12 15:58:00+00:00,86.58,86.6,86.44,86.46,1616.353
2026-03-12 15:59:00+00:00,86.46,86.66,86.46,86.58,1358.866
2026-03-12 16:00:00+00:00,86.57,86.58,86.45,86.46,966.051
2026-03-12 16:01:00+00:00,86.46,86.58,86.46,86.5,1812.82
2026-03-12 16:02:00+00:00,86.51,86.67,86.51,86.6,3933.45
2026-03-12 16:03:00+00:00,86.61,86.77,86.61,86.73,1663.179
2026-03-12 16:04:00+00:00,86.74,86.8,86.72,86.79,2275.867
2026-03-12 16:05:00+00:00,86.8,86.94,86.77,86.79,2746.929
2026-03-12 16:06:00+00:00,86.78,86.81,86.49,86.54,1674.105
2026-03-12 16:07:00+00:00,86.53,86.53,86.25,86.26,3680.513
2026-03-12 16:08:00+00:00,86.26,86.26,85.86,85.87,7244.568
2026-03-12 16:09:00+00:00,85.86,85.93,85.8,85.87,3921.053
2026-03-12 16:10:00+00:00,85.86,86.1,85.86,86.08,3177.982
2026-03-12 16:11:00+00:00,86.07,86.1,85.94,85.99,2664.279
2026-03-12 16:12:00+00:00,85.98,86.04,85.95,85.99,1037.799
2026-03-12 16:13:00+00:00,85.99,86.11,85.97,86.06,1070.073
2026-03-12 16:14:00+00:00,86.06,86.16,86.05,86.14,1682.991
2026-03-12 16:15:00+00:00,86.15,86.22,86.13,86.2,1268.055
2026-03-12 16:16:00+00:00,86.21,86.43,86.21,86.32,1916.273
2026-03-12 16:17:00+00:00,86.32,86.54,86.32,86.4,1706.469
2026-03-12 16:18:00+00:00,86.39,86.39,86.3,86.31,1139.552
2026-03-12 16:19:00+00:00,86.32,86.41,86.32,86.36,613.897
2026-03-12 16:20:00+00:00,86.36,86.45,86.36,86.45,770.237
2026-03-12 16:21:00+00:00,86.46,86.9,86.46,86.88,7727.192
2026-03-12 16:22:00+00:00,86.87,86.98,86.83,86.96,10124.936
2026-03-12 16:23:00+00:00,86.97,86.97,86.72,86.73,3185.562
2026-03-12 16:24:00+00:00,86.73,86.75,86.56,86.6,1975.201
2026-03-12 16:25:00+00:00,86.6,86.6,86.47,86.52,903.894
2026-03-12 16:26:00+00:00,86.52,86.52,86.32,86.32,1453.849
2026-03-12 16:27:00+00:00,86.33,86.44,86.31,86.4,2056.014
2026-03-12 16:28:00+00:00,86.4,86.4,86.29,86.3,749.252
2026-03-12 16:29:00+00:00,86.3,86.31,86.18,86.19,1159.398
2026-03-12 16:30:00+00:00,86.18,86.21,86.09,86.18,2222.927
2026-03-12 16:31:00+00:00,86.18,86.36,86.15,86.24,1849.123
2026-03-12 16:32:00+00:00,86.25,86.39,86.18,86.39,2620.284
2026-03-12 16:33:00+00:00,86.39,86.47,86.34,86.45,2305.198
2026-03-12 16:34:00+00:00,86.46,86.58,86.45,86.45,3681.976
2026-03-12 16:35:00+00:00,86.45,86.48,86.39,86.47,425.245
2026-03-12 16:36:00+00:00,86.47,86.63,86.46,86.54,6517.932
2026-03-12 16:37:00+00:00,86.53,86.63,86.53,86.62,3838.14
2026-03-12 16:38:00+00:00,86.63,86.63,86.48,86.55,3205.252
2026-03-12 16:39:00+00:00,86.56,86.77,86.56,86.75,3963.062
2026-03-12 16:40:00+00:00,86.75,86.85,86.74,86.84,7890.731
2026-03-12 16:41:00+00:00,86.83,86.84,86.68,86.76,1887.469
2026-03-12 16:42:00+00:00,86.76,86.86,86.75,86.85,1861.856
2026-03-12 16:43:00+00:00,86.85,86.89,86.8,86.83,1753.107
2026-03-12 16:44:00+00:00,86.83,86.9,86.8,86.82,1066.469
2026-03-12 16:45:00+00:00,86.82,87.02,86.81,86.81,9309.693
2026-03-12 16:46:00+00:00,86.82,86.82,86.59,86.59,2233.559
2026-03-12 16:47:00+00:00,86.58,86.83,86.53,86.81,12672.414
2026-03-12 16:48:00+00:00,86.8,86.9,86.78,86.84,1931.898
2026-03-12 16:49:00+00:00,86.84,87.09,86.82,87.07,6866.365
2026-03-12 16:50:00+00:00,87.06,87.06,86.91,86.96,1329.752
2026-03-12 16:51:00+00:00,86.96,86.97,86.89,86.97,1502.432
2026-03-12 16:52:00+00:00,86.96,86.99,86.86,86.87,1470.817
2026-03-12 16:53:00+00:00,86.88,86.91,86.86,86.9,1407.025
2026-03-12 16:54:00+00:00,86.9,86.98,86.82,86.96,2828.007
2026-03-12 16:55:00+00:00,86.95,87.0,86.94,86.96,1695.66
2026-03-12 16:56:00+00:00,86.96,86.96,86.88,86.91,2390.502
2026-03-12 16:57:00+00:00,86.91,86.91,86.79,86.83,2331.083
2026-03-12 16:58:00+00:00,86.84,86.87,86.78,86.79,1402.507
2026-03-12 16:59:00+00:00,86.79,86.8,86.77,86.79,905.825
2026-03-12 17:00:00+00:00,86.8,86.89,86.8,86.82,2621.464
2026-03-12 17:01:00+00:00,86.82,86.85,86.69,86.72,2033.696
2026-03-12 17:02:00+00:00,86.73,86.8,86.7,86.72,1705.177
2026-03-12 17:03:00+00:00,86.72,86.75,86.66,86.73,3641.015
2026-03-12 17:04:00+00:00,86.73,86.83,86.69,86.72,3749.74
2026-03-12 17:05:00+00:00,86.72,86.9,86.71,86.88,2812.345
2026-03-12 17:06:00+00:00,86.89,86.9,86.78,86.89,1642.571
2026-03-12 17:07:00+00:00,86.89,86.9,86.73,86.75,766.412
2026-03-12 17:08:00+00:00,86.75,86.75,86.55,86.57,4145.103
2026-03-12 17:09:00+00:00,86.57,86.65,86.57,86.65,1235.76
2026-03-12 17:10:00+00:00,86.64,86.78,86.62,86.78,1859.951
2026-03-12 17:11:00+00:00,86.78,86.83,86.77,86.79,2057.281
2026-03-12 17:12:00+00:00,86.79,86.8,86.74,86.8,988.099
2026-03-12 17:13:00+00:00,86.8,86.89,86.77,86.77,2228.103
2026-03-12 17:14:00+00:00,86.77,86.8,86.76,86.78,592.825
2026-03-12 17:15:00+00:00,86.77,86.8,86.69,86.72,672.758
2026-03-12 17:16:00+00:00,86.71,86.73,86.58,86.64,1478.167
2026-03-12 17:17:00+00:00,86.65,86.68,86.55,86.66,2052.605
2026-03-12 17:18:00+00:00,86.65,86.65,86.54,86.58,2375.082
2026-03-12 17:19:00+00:00,86.59,86.6,86.4,86.41,5564.377
2026-03-12 17:20:00+00:00,86.4,86.53,86.33,86.52,3704.432
2026-03-12 17:21:00+00:00,86.52,86.56,86.44,86.45,1995.311
2026-03-12 17:22:00+00:00,86.46,86.72,86.45,86.69,5416.83
2026-03-12 17:23:00+00:00,86.69,86.8,86.68,86.75,3637.124
2026-03-12 17:24:00+00:00,86.75,86.75,86.64,86.65,908.001
2026-03-12 17:25:00+00:00,86.66,86.69,86.62,86.66,642.31
2026-03-12 17:26:00+00:00,86.65,86.76,86.65,86.73,2720.064
2026-03-12 17:27:00+00:00,86.74,86.78,86.68,86.7,1100.178
2026-03-12 17:28:00+00:00,86.71,86.71,86.59,86.61,728.43
2026-03-12 17:29:00+00:00,86.61,86.61,86.44,86.47,2063.571
2026-03-12 17:30:00+00:00,86.48,86.58,86.48,86.57,2356.458
2026-03-12 17:31:00+00:00,86.58,86.62,86.51,86.51,3522.992
2026-03-12 17:32:00+00:00,86.51,86.55,86.49,86.52,707.39
2026-03-12 17:33:00+00:00,86.52,86.53,86.5,86.5,934.458
2026-03-12 17:34:00+00:00,86.51,86.54,86.43,86.51,3471.644
2026-03-12 17:35:00+00:00,86.51,86.76,86.51,86.74,2883.571
2026-03-12 17:36:00+00:00,86.74,86.81,86.6,86.65,3455.243
2026-03-12 17:37:00+00:00,86.66,86.78,86.66,86.77,1091.927
2026-03-12 17:38:00+00:00,86.77,86.9,86.76,86.83,1775.199
2026-03-12 17:39:00+00:00,86.84,86.86,86.77,86.82,1389.33
2026-03-12 17:40:00+00:00,86.82,86.83,86.78,86.82,1379.619
2026-03-12 17:41:00+00:00,86.82,86.9,86.81,86.84,1914.49
2026-03-12 17:42:00+00:00,86.83,86.84,86.78,86.78,968.885
2026-03-12 17:43:00+00:00,86.79,86.8,86.73,86.76,808.234
2026-03-12 17:44:00+00:00,86.77,86.87,86.77,86.84,1296.612
2026-03-12 17:45:00+00:00,86.85,86.85,86.74,86.75,1617.411
2026-03-12 17:46:00+00:00,86.74,86.74,86.51,86.6,3528.373
2026-03-12 17:47:00+00:00,86.59,86.8,86.58,86.78,2034.667
2026-03-12 17:48:00+00:00,86.79,86.93,86.79,86.81,4456.86
2026-03-12 17:49:00+00:00,86.82,86.83,86.75,86.78,601.185
2026-03-12 17:50:00+00:00,86.79,86.93,86.79,86.91,4831.071
2026-03-12 17:51:00+00:00,86.91,86.99,86.9,86.98,3097.069
2026-03-12 17:52:00+00:00,86.97,86.97,86.83,86.84,1041.898
2026-03-12 17:53:00+00:00,86.85,86.87,86.75,86.78,525.132
2026-03-12 17:54:00+00:00,86.77,86.77,86.67,86.68,1169.456
2026-03-12 17:55:00+00:00,86.68,86.68,86.4,86.53,3361.85
2026-03-12 17:56:00+00:00,86.53,86.58,86.52,86.55,1537.56
2026-03-12 17:57:00+00:00,86.56,86.67,86.56,86.67,1659.359
2026-03-12 17:58:00+00:00,86.66,86.74,86.66,86.71,1052.423
2026-03-12 17:59:00+00:00,86.72,86.72,86.59,86.59,1801.312
2026-03-12 18:00:00+00:00,86.6,86.67,86.55,86.61,1930.252
2026-03-12 18:01:00+00:00,86.61,86.61,86.48,86.51,1212.57
2026-03-12 18:02:00+00:00,86.51,86.82,86.51,86.7,4274.088
2026-03-12 18:03:00+00:00,86.7,86.7,86.54,86.6,1093.869
2026-03-12 18:04:00+00:00,86.6,86.61,86.48,86.49,998.979
2026-03-12 18:05:00+00:00,86.48,86.49,86.35,86.36,2131.07
2026-03-12 18:06:00+00:00,86.36,86.38,86.34,86.34,963.594
2026-03-12 18:07:00+00:00,86.34,86.46,86.33,86.44,2326.081
2026-03-12 18:08:00+00:00,86.44,86.58,86.44,86.51,1217.804
2026-03-12 18:09:00+00:00,86.51,86.58,86.47,86.58,732.024
2026-03-12 18:10:00+00:00,86.57,86.64,86.57,86.64,1778.492
2026-03-12 18:11:00+00:00,86.63,86.63,86.47,86.49,803.367
2026-03-12 18:12:00+00:00,86.49,86.53,86.47,86.53,721.274
2026-03-12 18:13:00+00:00,86.52,86.58,86.51,86.57,526.159
2026-03-12 18:14:00+00:00,86.57,86.57,86.47,86.5,1160.683
2026-03-12 18:15:00+00:00,86.51,86.57,86.51,86.54,494.451
2026-03-12 18:16:00+00:00,86.54,86.62,86.54,86.56,1378.507
2026-03-12 18:17:00+00:00,86.56,86.56,86.42,86.47,1175.335
2026-03-12 18:18:00+00:00,86.46,86.46,86.33,86.36,652.854
2026-03-12 18:19:00+00:00,86.37,86.38,86.3,86.31,1763.236
2026-03-12 18:20:00+00:00,86.31,86.31,86.08,86.11,16198.145
2026-03-12 18:21:00+00:00,86.11,86.11,85.96,86.01,2519.397
2026-03-12 18:22:00+00:00,86.0,86.22,85.98,86.16,3167.914
2026-03-12 18:23:00+00:00,86.16,86.16,86.06,86.09,1069.706
2026-03-12 18:24:00+00:00,86.1,86.17,86.1,86.14,1278.648
2026-03-12 18:25:00+00:00,86.13,86.23,86.1,86.21,1740.443
2026-03-12 18:26:00+00:00,86.21,86.26,86.2,86.21,939.924
2026-03-12 18:27:00+00:00,86.22,86.22,86.16,86.16,1905.696
2026-03-12 18:28:00+00:00,86.17,86.19,86.11,86.18,1144.837
2026-03-12 18:29:00+00:00,86.18,86.19,86.12,86.16,810.925
2026-03-12 18:30:00+00:00,86.16,86.21,86.15,86.19,1607.374
2026-03-12 18:31:00+00:00,86.19,86.19,86.16,86.17,1034.054
2026-03-12 18:32:00+00:00,86.18,86.23,86.15,86.19,2595.835
2026-03-12 18:33:00+00:00,86.2,86.25,86.18,86.18,3225.934
2026-03-12 18:34:00+00:00,86.18,86.18,86.01,86.06,1290.435
2026-03-12 18:35:00+00:00,86.07,86.13,86.06,86.1,1391.444
2026-03-12 18:36:00+00:00,86.1,86.23,86.1,86.22,2643.623
2026-03-12 18:37:00+00:00,86.22,86.31,86.21,86.24,448.972
2026-03-12 18:38:00+00:00,86.24,86.28,86.23,86.23,586.184
2026-03-12 18:39:00+00:00,86.23,86.27,86.16,86.19,581.911
2026-03-12 18:40:00+00:00,86.18,86.19,86.1,86.12,478.205
2026-03-12 18:41:00+00:00,86.12,86.12,86.03,86.05,860.577
2026-03-12 18:42:00+00:00,86.06,86.11,86.05,86.06,487.54
2026-03-12 18:43:00+00:00,86.05,86.08,85.96,86.08,1331.199
2026-03-12 18:44:00+00:00,86.08,86.12,86.06,86.06,968.003
2026-03-12 18:45:00+00:00,86.06,86.07,86.0,86.04,616.269
2026-03-12 18:46:00+00:00,86.04,86.07,86.01,86.02,800.33
2026-03-12 18:47:00+00:00,86.02,86.02,85.91,86.01,3120.078
2026-03-12 18:48:00+00:00,86.01,86.04,85.95,85.96,1422.685
2026-03-12 18:49:00+00:00,85.95,85.97,85.88,85.96,1318.652
2026-03-12 18:50:00+00:00,85.96,85.99,85.92,85.96,2472.492
2026-03-12 18:51:00+00:00,85.97,86.1,85.97,86.04,1877.419
2026-03-12 18:52:00+00:00,86.05,86.08,86.01,86.03,769.037
2026-03-12 18:53:00+00:00,86.03,86.05,85.96,86.05,2726.828
2026-03-12 18:54:00+00:00,86.05,86.06,86.03,86.03,1292.822
2026-03-12 18:55:00+00:00,86.02,86.04,85.95,85.96,1379.21
2026-03-12 18:56:00+00:00,85.97,85.97,85.89,85.93,839.991
2026-03-12 18:57:00+00:00,85.94,85.96,85.82,85.84,2204.283
2026-03-12 18:58:00+00:00,85.83,85.86,85.81,85.84,594.924
2026-03-12 18:59:00+00:00,85.85,85.88,85.84,85.86,1079.171
2026-03-12 19:00:00+00:00,85.86,86.06,85.84,86.05,1651.344
2026-03-12 19:01:00+00:00,86.05,86.11,85.99,86.01,2763.751
2026-03-12 19:02:00+00:00,86.02,86.02,85.88,85.88,705.987
2026-03-12 19:03:00+00:00,85.88,85.9,85.84,85.9,894.803
2026-03-12 19:04:00+00:00,85.91,86.01,85.91,85.96,2338.513
2026-03-12 19:05:00+00:00,85.95,86.02,85.87,85.98,1065.069
2026-03-12 19:06:00+00:00,85.99,86.01,85.89,85.96,783.638
2026-03-12 19:07:00+00:00,85.97,85.97,85.83,85.84,1936.282
2026-03-12 19:08:00+00:00,85.83,85.96,85.72,85.95,6822.8
2026-03-12 19:09:00+00:00,85.96,85.98,85.93,85.96,627.745
2026-03-12 19:10:00+00:00,85.95,85.95,85.8,85.85,586.724
2026-03-12 19:11:00+00:00,85.85,85.85,85.75,85.75,5207.2
2026-03-12 19:12:00+00:00,85.75,85.79,85.68,85.79,1553.543
2026-03-12 19:13:00+00:00,85.79,85.85,85.78,85.81,492.237
2026-03-12 19:14:00+00:00,85.8,85.89,85.8,85.84,1272.131
2026-03-12 19:15:00+00:00,85.84,85.96,85.84,85.87,2838.282
2026-03-12 19:16:00+00:00,85.88,85.96,85.88,85.93,1072.003
2026-03-12 19:17:00+00:00,85.93,86.07,85.93,86.07,1526.01
2026-03-12 19:18:00+00:00,86.07,86.15,86.07,86.15,833.681
2026-03-12 19:19:00+00:00,86.16,86.2,86.12,86.13,1993.636
2026-03-12 19:20:00+00:00,86.12,86.12,86.02,86.05,949.969
2026-03-12 19:21:00+00:00,86.05,86.09,85.94,86.09,2644.946
2026-03-12 19:22:00+00:00,86.1,86.19,86.1,86.17,1925.112
2026-03-12 19:23:00+00:00,86.18,86.22,86.12,86.15,2551.665
2026-03-12 19:24:00+00:00,86.15,86.15,86.07,86.08,1132.897
2026-03-12 19:25:00+00:00,86.08,86.23,86.04,86.2,2410.153
2026-03-12 19:26:00+00:00,86.2,86.22,86.17,86.22,662.143
2026-03-12 19:27:00+00:00,86.21,86.26,86.2,86.21,1251.399
2026-03-12 19:28:00+00:00,86.21,86.4,86.2,86.4,2346.649
2026-03-12 19:29:00+00:00,86.4,86.47,86.4,86.46,3702.074
2026-03-12 19:30:00+00:00,86.47,86.64,86.47,86.56,4109.902
2026-03-12 19:31:00+00:00,86.57,86.69,86.57,86.68,1708.451
2026-03-12 19:32:00+00:00,86.69,86.75,86.64,86.74,2089.504
2026-03-12 19:33:00+00:00,86.74,86.75,86.68,86.68,1182.509
2026-03-12 19:34:00+00:00,86.67,86.71,86.65,86.65,2688.601
2026-03-12 19:35:00+00:00,86.64,86.65,86.57,86.59,763.521
2026-03-12 19:36:00+00:00,86.6,86.67,86.59,86.66,1056.77
2026-03-12 19:37:00+00:00,86.66,86.68,86.62,86.67,1221.512
2026-03-12 19:38:00+00:00,86.67,86.68,86.61,86.63,1152.814
2026-03-12 19:39:00+00:00,86.63,86.68,86.62,86.67,595.096
2026-03-12 19:40:00+00:00,86.67,86.68,86.54,86.54,1476.254
2026-03-12 19:41:00+00:00,86.55,86.63,86.55,86.63,833.59
2026-03-12 19:42:00+00:00,86.63,86.66,86.58,86.64,582.533
2026-03-12 19:43:00+00:00,86.64,86.69,86.63,86.68,2159.256
2026-03-12 19:44:00+00:00,86.69,86.72,86.67,86.7,2577.898
2026-03-12 19:45:00+00:00,86.69,86.74,86.64,86.73,809.062
2026-03-12 19:46:00+00:00,86.74,86.74,86.66,86.73,1863.484
2026-03-12 19:47:00+00:00,86.73,86.85,86.73,86.75,2847.335
2026-03-12 19:48:00+00:00,86.75,86.77,86.68,86.74,1040.832
2026-03-12 19:49:00+00:00,86.75,86.91,86.75,86.91,2434.586
2026-03-12 19:50:00+00:00,86.9,86.94,86.83,86.85,2591.776
2026-03-12 19:51:00+00:00,86.85,86.88,86.81,86.84,1322.329
2026-03-12 19:52:00+00:00,86.84,86.87,86.81,86.82,1109.062
2026-03-12 19:53:00+00:00,86.81,86.84,86.79,86.82,1341.537
2026-03-12 19:54:00+00:00,86.82,86.85,86.74,86.85,597.066
2026-03-12 19:55:00+00:00,86.85,86.91,86.84,86.86,5141.75
2026-03-12 19:56:00+00:00,86.86,86.86,86.8,86.83,745.602
2026-03-12 19:57:00+00:00,86.83,86.85,86.78,86.83,2636.594
2026-03-12 19:58:00+00:00,86.83,86.91,86.82,86.86,1139.163
2026-03-12 19:59:00+00:00,86.85,86.9,86.79,86.8,2311.264
2026-03-12 20:00:00+00:00,86.79,86.86,86.79,86.82,652.916
2026-03-12 20:01:00+00:00,86.82,86.88,86.79,86.82,1057.822
2026-03-12 20:02:00+00:00,86.81,86.82,86.74,86.74,423.739
2026-03-12 20:03:00+00:00,86.74,86.89,86.71,86.88,2028.184
2026-03-12 20:04:00+00:00,86.88,86.91,86.81,86.9,912.196
2026-03-12 20:05:00+00:00,86.89,86.96,86.85,86.91,1446.892
2026-03-12 20:06:00+00:00,86.9,86.91,86.8,86.8,1624.433
2026-03-12 20:07:00+00:00,86.81,86.85,86.73,86.73,1241.103
2026-03-12 20:08:00+00:00,86.74,86.83,86.74,86.83,698.659
2026-03-12 20:09:00+00:00,86.84,86.86,86.82,86.86,476.627
2026-03-12 20:10:00+00:00,86.86,86.87,86.7,86.74,1275.794
2026-03-12 20:11:00+00:00,86.74,86.74,86.58,86.66,1426.74
2026-03-12 20:12:00+00:00,86.66,86.72,86.66,86.71,355.689
2026-03-12 20:13:00+00:00,86.71,86.76,86.69,86.69,1374.004
2026-03-12 20:14:00+00:00,86.69,86.7,86.67,86.7,852.167
2026-03-12 20:15:00+00:00,86.7,86.72,86.68,86.69,889.854
2026-03-12 20:16:00+00:00,86.69,86.69,86.59,86.63,2750.754
2026-03-12 20:17:00+00:00,86.63,86.66,86.59,86.59,852.425
2026-03-12 20:18:00+00:00,86.59,86.62,86.53,86.59,2696.992
2026-03-12 20:19:00+00:00,86.6,86.66,86.54,86.55,1398.508
2026-03-12 20:20:00+00:00,86.56,86.57,86.5,86.52,1414.199
2026-03-12 20:21:00+00:00,86.53,86.72,86.51,86.64,5674.397
2026-03-12 20:22:00+00:00,86.64,86.77,86.64,86.77,3371.478
2026-03-12 20:23:00+00:00,86.77,86.81,86.77,86.8,525.007
2026-03-12 20:24:00+00:00,86.79,86.83,86.78,86.83,1310.655
2026-03-12 20:25:00+00:00,86.83,86.9,86.82,86.89,717.514
2026-03-12 20:26:00+00:00,86.89,86.93,86.79,86.79,2489.664
2026-03-12 20:27:00+00:00,86.79,86.81,86.71,86.81,2161.901
2026-03-12 20:28:00+00:00,86.82,86.84,86.73,86.77,1777.982
2026-03-12 20:29:00+00:00,86.76,86.76,86.68,86.69,921.957
2026-03-12 20:30:00+00:00,86.68,86.68,86.52,86.57,1048.017
2026-03-12 20:31:00+00:00,86.57,86.62,86.57,86.58,1751.223
2026-03-12 20:32:00+00:00,86.57,86.6,86.57,86.6,769.872
2026-03-12 20:33:00+00:00,86.59,86.59,86.53,86.53,652.085
2026-03-12 20:34:00+00:00,86.53,86.53,86.48,86.5,1084.679
2026-03-12 20:35:00+00:00,86.49,86.52,86.47,86.5,796.797
2026-03-12 20:36:00+00:00,86.5,86.5,86.45,86.47,261.468
2026-03-12 20:37:00+00:00,86.46,86.5,86.42,86.43,206.973
2026-03-12 20:38:00+00:00,86.43,86.52,86.43,86.48,1998.707
2026-03-12 20:39:00+00:00,86.49,86.53,86.48,86.52,170.891
2026-03-12 20:40:00+00:00,86.53,86.55,86.52,86.55,179.343
2026-03-12 20:41:00+00:00,86.55,86.55,86.46,86.48,420.887
2026-03-12 20:42:00+00:00,86.48,86.49,86.45,86.46,651.281
2026-03-12 20:43:00+00:00,86.47,86.48,86.45,86.48,886.943
2026-03-12 20:44:00+00:00,86.48,86.49,86.45,86.46,439.507
2026-03-12 20:45:00+00:00,86.45,86.5,86.42,86.46,1713.316
2026-03-12 20:46:00+00:00,86.47,86.6,86.46,86.6,730.454
2026-03-12 20:47:00+00:00,86.59,86.63,86.57,86.59,756.389
2026-03-12 20:48:00+00:00,86.58,86.61,86.57,86.61,464.019
2026-03-12 20:49:00+00:00,86.61,86.65,86.61,86.64,356.942
2026-03-12 20:50:00+00:00,86.65,86.65,86.57,86.61,2548.712
2026-03-12 20:51:00+00:00,86.6,86.61,86.58,86.58,144.228
2026-03-12 20:52:00+00:00,86.58,86.58,86.57,86.58,218.001
2026-03-12 20:53:00+00:00,86.58,86.61,86.57,86.58,232.144
2026-03-12 20:54:00+00:00,86.57,86.57,86.43,86.47,243.646
2026-03-12 20:55:00+00:00,86.46,86.49,86.46,86.48,192.825
2026-03-12 20:56:00+00:00,86.48,86.51,86.47,86.49,319.834
2026-03-12 20:57:00+00:00,86.49,86.49,86.46,86.47,94.885
2026-03-12 20:58:00+00:00,86.46,86.47,86.44,86.44,759.283
2026-03-12 20:59:00+00:00,86.43,86.46,86.42,86.45,985.686
2026-03-12 21:00:00+00:00,86.45,86.5,86.45,86.46,734.014
2026-03-12 21:01:00+00:00,86.45,86.52,86.45,86.5,196.214
2026-03-12 21:02:00+00:00,86.49,86.54,86.49,86.51,417.025
2026-03-12 21:03:00+00:00,86.5,86.51,86.48,86.49,88.884
2026-03-12 21:04:00+00:00,86.48,86.55,86.47,86.54,379.012
2026-03-12 21:05:00+00:00,86.55,86.56,86.53,86.54,363.431
2026-03-12 21:06:00+00:00,86.54,86.55,86.53,86.53,154.796
2026-03-12 21:07:00+00:00,86.53,86.53,86.47,86.48,563.577
2026-03-12 21:08:00+00:00,86.47,86.48,86.43,86.44,363.013
2026-03-12 21:09:00+00:00,86.44,86.53,86.44,86.52,483.949
2026-03-12 21:10:00+00:00,86.52,86.55,86.48,86.49,1144.319
2026-03-12 21:11:00+00:00,86.49,86.6,86.49,86.58,986.604
2026-03-12 21:12:00+00:00,86.58,86.6,86.54,86.6,377.493
2026-03-12 21:13:00+00:00,86.6,86.68,86.57,86.57,1067.819
2026-03-12 21:14:00+00:00,86.58,86.59,86.54,86.56,172.609
2026-03-12 21:15:00+00:00,86.56,86.6,86.51,86.51,403.739
2026-03-12 21:16:00+00:00,86.51,86.57,86.5,86.56,260.743
2026-03-12 21:17:00+00:00,86.56,86.56,86.49,86.5,136.996
2026-03-12 21:18:00+00:00,86.5,86.5,86.48,86.48,539.261
2026-03-12 21:19:00+00:00,86.48,86.53,86.48,86.48,170.043
2026-03-12 21:20:00+00:00,86.48,86.5,86.46,86.46,204.326
2026-03-12 21:21:00+00:00,86.47,86.49,86.42,86.45,306.2
2026-03-12 21:22:00+00:00,86.45,86.46,86.42,86.45,234.262
2026-03-12 21:23:00+00:00,86.45,86.46,86.4,86.45,957.124
2026-03-12 21:24:00+00:00,86.45,86.47,86.43,86.47,288.511
2026-03-12 21:25:00+00:00,86.46,86.46,86.35,86.39,859.845
2026-03-12 21:26:00+00:00,86.38,86.4,86.34,86.35,221.342
2026-03-12 21:27:00+00:00,86.34,86.37,86.34,86.35,587.487
2026-03-12 21:28:00+00:00,86.36,86.38,86.36,86.37,93.874
2026-03-12 21:29:00+00:00,86.37,86.37,86.33,86.35,962.02
2026-03-12 21:30:00+00:00,86.35,86.38,86.27,86.27,851.345
2026-03-12 21:31:00+00:00,86.28,86.28,86.24,86.25,1186.259
2026-03-12 21:32:00+00:00,86.24,86.26,86.22,86.24,245.112
2026-03-12 21:33:00+00:00,86.24,86.25,86.22,86.23,1136.448
2026-03-12 21:34:00+00:00,86.22,86.25,86.22,86.25,583.683
2026-03-12 21:35:00+00:00,86.24,86.28,86.22,86.26,1253.105
2026-03-12 21:36:00+00:00,86.27,86.3,86.26,86.3,652.937
2026-03-12 21:37:00+00:00,86.3,86.3,86.22,86.23,172.155
2026-03-12 21:38:00+00:00,86.23,86.25,86.21,86.22,1734.807
2026-03-12 21:39:00+00:00,86.23,86.25,86.23,86.25,448.16
2026-03-12 21:40:00+00:00,86.24,86.24,86.18,86.19,3242.071
2026-03-12 21:41:00+00:00,86.19,86.34,86.19,86.22,3429.807
2026-03-12 21:42:00+00:00,86.22,86.27,86.2,86.26,516.087
2026-03-12 21:43:00+00:00,86.27,86.29,86.18,86.2,4182.443
2026-03-12 21:44:00+00:00,86.19,86.28,86.18,86.28,610.622
2026-03-12 21:45:00+00:00,86.27,86.29,86.23,86.24,297.335
2026-03-12 21:46:00+00:00,86.24,86.33,86.24,86.3,1431.304
2026-03-12 21:47:00+00:00,86.3,86.36,86.3,86.36,894.769
2026-03-12 21:48:00+00:00,86.35,86.35,86.3,86.31,166.015
2026-03-12 21:49:00+00:00,86.31,86.44,86.3,86.4,976.817
2026-03-12 21:50:00+00:00,86.41,86.44,86.39,86.4,386.808
2026-03-12 21:51:00+00:00,86.4,86.42,86.38,86.4,544.5
2026-03-12 21:52:00+00:00,86.4,86.4,86.31,86.33,284.28
2026-03-12 21:53:00+00:00,86.32,86.35,86.28,86.35,334.152
2026-03-12 21:54:00+00:00,86.35,86.5,86.35,86.49,766.799
2026-03-12 21:55:00+00:00,86.49,86.49,86.44,86.46,504.659
2026-03-12 21:56:00+00:00,86.46,86.55,86.45,86.52,531.476
2026-03-12 21:57:00+00:00,86.51,86.52,86.46,86.51,153.007
2026-03-12 21:58:00+00:00,86.51,86.64,86.51,86.6,582.29
2026-03-12 21:59:00+00:00,86.6,86.67,86.54,86.54,1561.965
2026-03-12 22:00:00+00:00,86.54,86.58,86.44,86.47,1845.674
2026-03-12 22:01:00+00:00,86.48,86.54,86.47,86.51,819.157
2026-03-12 22:02:00+00:00,86.51,86.51,86.44,86.49,714.716
2026-03-12 22:03:00+00:00,86.49,86.53,86.47,86.51,355.557
2026-03-12 22:04:00+00:00,86.51,86.51,86.49,86.5,197.752
2026-03-12 22:05:00+00:00,86.5,86.55,86.5,86.5,514.026
2026-03-12 22:06:00+00:00,86.5,86.53,86.44,86.53,951.805
2026-03-12 22:07:00+00:00,86.53,86.6,86.53,86.56,2027.933
2026-03-12 22:08:00+00:00,86.56,86.58,86.54,86.54,560.233
2026-03-12 22:09:00+00:00,86.53,86.53,86.47,86.51,231.148
2026-03-12 22:10:00+00:00,86.5,86.5,86.4,86.44,891.161
2026-03-12 22:11:00+00:00,86.45,86.48,86.44,86.47,193.269
2026-03-12 22:12:00+00:00,86.48,86.51,86.48,86.5,347.86
2026-03-12 22:13:00+00:00,86.5,86.51,86.49,86.49,211.248
2026-03-12 22:14:00+00:00,86.48,86.49,86.45,86.47,770.174
2026-03-12 22:15:00+00:00,86.48,86.48,86.37,86.38,503.239
2026-03-12 22:16:00+00:00,86.38,86.39,86.31,86.31,663.131
2026-03-12 22:17:00+00:00,86.31,86.35,86.31,86.32,136.551
2026-03-12 22:18:00+00:00,86.31,86.35,86.3,86.35,242.251
2026-03-12 22:19:00+00:00,86.35,86.35,86.26,86.26,1224.16
2026-03-12 22:20:00+00:00,86.25,86.25,86.15,86.18,3575.382
2026-03-12 22:21:00+00:00,86.18,86.2,86.16,86.19,1105.133
2026-03-12 22:22:00+00:00,86.19,86.2,86.16,86.2,980.499
2026-03-12 22:23:00+00:00,86.2,86.27,86.2,86.27,1149.956
2026-03-12 22:24:00+00:00,86.27,86.33,86.27,86.32,1955.874
2026-03-12 22:25:00+00:00,86.32,86.48,86.31,86.44,1393.813
2026-03-12 22:26:00+00:00,86.45,86.45,86.38,86.38,161.491
2026-03-12 22:27:00+00:00,86.39,86.39,86.3,86.31,602.301
2026-03-12 22:28:00+00:00,86.31,86.31,86.23,86.25,858.786
2026-03-12 22:29:00+00:00,86.25,86.27,86.2,86.26,1360.339
2026-03-12 22:30:00+00:00,86.26,86.26,86.2,86.25,688.722
2026-03-12 22:31:00+00:00,86.25,86.25,86.18,86.18,697.655
2026-03-12 22:32:00+00:00,86.19,86.26,86.19,86.26,1076.441
2026-03-12 22:33:00+00:00,86.25,86.32,86.25,86.27,1497.149
2026-03-12 22:34:00+00:00,86.26,86.26,86.11,86.12,827.835
2026-03-12 22:35:00+00:00,86.12,86.18,86.11,86.16,560.491
2026-03-12 22:36:00+00:00,86.16,86.17,86.11,86.13,402.319
2026-03-12 22:37:00+00:00,86.13,86.26,86.12,86.23,1589.297
2026-03-12 22:38:00+00:00,86.24,86.29,86.23,86.23,983.824
2026-03-12 22:39:00+00:00,86.23,86.27,86.2,86.23,1218.485
2026-03-12 22:40:00+00:00,86.22,86.23,86.16,86.19,908.971
2026-03-12 22:41:00+00:00,86.19,86.24,86.15,86.17,1286.279
2026-03-12 22:42:00+00:00,86.17,86.22,86.17,86.2,1129.61
2026-03-12 22:43:00+00:00,86.19,86.23,86.19,86.22,482.888
2026-03-12 22:44:00+00:00,86.22,86.23,86.12,86.12,3676.658
2026-03-12 22:45:00+00:00,86.12,86.19,86.12,86.19,608.721
2026-03-12 22:46:00+00:00,86.19,86.21,86.12,86.17,1716.501
2026-03-12 22:47:00+00:00,86.17,86.19,86.12,86.13,3452.291
2026-03-12 22:48:00+00:00,86.12,86.14,86.06,86.13,1466.982
2026-03-12 22:49:00+00:00,86.12,86.12,85.99,86.03,2302.064
2026-03-12 22:50:00+00:00,86.04,86.06,86.01,86.05,1071.409
2026-03-12 22:51:00+00:00,86.05,86.06,86.01,86.02,161.751
2026-03-12 22:52:00+00:00,86.02,86.05,85.96,86.03,1770.262
2026-03-12 22:53:00+00:00,86.03,86.03,86.0,86.01,146.795
2026-03-12 22:54:00+00:00,86.01,86.06,86.0,86.05,261.692
2026-03-12 22:55:00+00:00,86.05,86.19,86.05,86.13,6015.528
2026-03-12 22:56:00+00:00,86.13,86.17,86.13,86.14,327.088
2026-03-12 22:57:00+00:00,86.14,86.15,86.11,86.12,64.222
2026-03-12 22:58:00+00:00,86.11,86.18,86.11,86.18,755.11
2026-03-12 22:59:00+00:00,86.18,86.33,86.18,86.3,2282.459
2026-03-12 23:00:00+00:00,86.3,86.44,86.28,86.35,1114.826
2026-03-12 23:01:00+00:00,86.36,86.54,86.35,86.46,11081.199
2026-03-12 23:02:00+00:00,86.46,86.48,86.43,86.46,1205.333
2026-03-12 23:03:00+00:00,86.47,86.61,86.46,86.59,1994.588
2026-03-12 23:04:00+00:00,86.59,86.98,86.59,86.83,17339.568
2026-03-12 23:05:00+00:00,86.82,86.84,86.76,86.77,2315.102
2026-03-12 23:06:00+00:00,86.78,86.94,86.76,86.93,3739.766
2026-03-12 23:07:00+00:00,86.92,86.95,86.8,86.86,3712.545
2026-03-12 23:08:00+00:00,86.86,86.88,86.77,86.77,1451.623
2026-03-12 23:09:00+00:00,86.77,86.78,86.68,86.76,1967.975
2026-03-12 23:10:00+00:00,86.76,86.76,86.65,86.7,352.458
2026-03-12 23:11:00+00:00,86.71,86.76,86.69,86.76,1703.949
2026-03-12 23:12:00+00:00,86.77,86.81,86.77,86.79,609.371
2026-03-12 23:13:00+00:00,86.79,86.88,86.78,86.88,523.067
2026-03-12 23:14:00+00:00,86.88,86.96,86.88,86.94,2246.401
2026-03-12 23:15:00+00:00,86.94,87.02,86.93,86.99,5954.243
2026-03-12 23:16:00+00:00,86.99,87.06,86.96,87.03,4847.295
2026-03-12 23:17:00+00:00,87.03,87.05,86.91,86.92,2139.974
2026-03-12 23:18:00+00:00,86.91,86.95,86.89,86.93,829.968
2026-03-12 23:19:00+00:00,86.93,87.11,86.93,87.0,5588.481
2026-03-12 23:20:00+00:00,87.0,87.09,86.97,87.06,1943.726
2026-03-12 23:21:00+00:00,87.05,87.18,87.04,87.14,3039.405
2026-03-12 23:22:00+00:00,87.15,87.23,87.14,87.15,2569.079
2026-03-12 23:23:00+00:00,87.14,87.16,86.91,86.91,3066.936
2026-03-12 23:24:00+00:00,86.9,86.97,86.88,86.94,1279.216
2026-03-12 23:25:00+00:00,86.93,86.98,86.92,86.98,265.329
2026-03-12 23:26:00+00:00,86.97,86.97,86.9,86.92,423.72
2026-03-12 23:27:00+00:00,86.93,86.93,86.85,86.87,493.468
2026-03-12 23:28:00+00:00,86.87,86.91,86.85,86.89,645.853
2026-03-12 23:29:00+00:00,86.89,86.96,86.88,86.93,621.221
2026-03-12 23:30:00+00:00,86.93,86.94,86.9,86.91,1173.482
2026-03-12 23:31:00+00:00,86.92,86.93,86.88,86.92,499.937
2026-03-12 23:32:00+00:00,86.91,86.95,86.88,86.91,1466.289
2026-03-12 23:33:00+00:00,86.9,86.92,86.88,86.89,1186.333
2026-03-12 23:34:00+00:00,86.89,86.95,86.89,86.93,745.004
2026-03-12 23:35:00+00:00,86.93,86.94,86.85,86.89,708.842
2026-03-12 23:36:00+00:00,86.89,86.95,86.89,86.95,736.13
2026-03-12 23:37:00+00:00,86.94,86.95,86.9,86.9,1222.355
2026-03-12 23:38:00+00:00,86.89,86.93,86.88,86.9,515.712
2026-03-12 23:39:00+00:00,86.91,86.97,86.9,86.95,451.259
2026-03-12 23:40:00+00:00,86.96,87.01,86.89,86.9,3376.767
2026-03-12 23:41:00+00:00,86.89,86.92,86.86,86.9,387.416
2026-03-12 23:42:00+00:00,86.91,86.94,86.9,86.94,406.599
2026-03-12 23:43:00+00:00,86.94,87.0,86.94,86.99,1122.333
2026-03-12 23:44:00+00:00,87.0,87.01,86.97,87.0,813.639
2026-03-12 23:45:00+00:00,87.0,87.04,86.99,87.02,2325.005
2026-03-12 23:46:00+00:00,87.02,87.03,86.88,86.99,1774.556
2026-03-12 23:47:00+00:00,87.0,87.02,86.98,86.98,595.852
2026-03-12 23:48:00+00:00,86.99,86.99,86.95,86.96,531.751
2026-03-12 23:49:00+00:00,86.95,86.98,86.95,86.96,493.688
2026-03-12 23:50:00+00:00,86.97,87.01,86.96,86.96,1315.8
2026-03-12 23:51:00+00:00,86.97,87.02,86.96,86.99,2110.517
2026-03-12 23:52:00+00:00,87.0,87.04,86.95,86.96,669.86
2026-03-12 23:53:00+00:00,86.95,86.99,86.95,86.98,207.468
2026-03-12 23:54:00+00:00,86.98,86.99,86.94,86.95,1505.544
2026-03-12 23:55:00+00:00,86.94,86.95,86.8,86.83,1912.233
2026-03-12 23:56:00+00:00,86.84,86.89,86.83,86.83,1056.995
2026-03-12 23:57:00+00:00,86.84,86.85,86.8,86.8,657.577
2026-03-12 23:58:00+00:00,86.8,86.81,86.79,86.8,404.766
2026-03-12 23:59:00+00:00,86.8,86.84,86.78,86.84,1668.668
2026-03-13 00:00:00+00:00,86.83,86.84,86.79,86.83,3968.185
2026-03-13 00:01:00+00:00,86.84,86.84,86.75,86.76,805.839
2026-03-13 00:02:00+00:00,86.75,86.79,86.71,86.78,1097.788
2026-03-13 00:03:00+00:00,86.78,86.85,86.78,86.82,832.801
2026-03-13 00:04:00+00:00,86.83,86.85,86.81,86.81,573.41
2026-03-13 00:05:00+00:00,86.81,86.95,86.8,86.92,1054.344
2026-03-13 00:06:00+00:00,86.92,86.92,86.85,86.88,402.457
2026-03-13 00:07:00+00:00,86.87,87.01,86.85,86.98,836.175
2026-03-13 00:08:00+00:00,86.97,86.98,86.85,86.89,1120.179
2026-03-13 00:09:00+00:00,86.89,86.97,86.86,86.95,770.374
2026-03-13 00:10:00+00:00,86.96,87.09,86.95,87.09,1600.195
2026-03-13 00:11:00+00:00,87.09,87.13,87.07,87.11,731.612
2026-03-13 00:12:00+00:00,87.11,87.42,87.11,87.39,10969.496
2026-03-13 00:13:00+00:00,87.39,87.59,87.37,87.51,7864.977
2026-03-13 00:14:00+00:00,87.51,87.63,87.49,87.63,3703.407
2026-03-13 00:15:00+00:00,87.63,88.27,87.62,88.15,40843.455
2026-03-13 00:16:00+00:00,88.15,88.8,88.13,88.75,48792.801
2026-03-13 00:17:00+00:00,88.75,89.17,88.58,88.61,39050.17
2026-03-13 00:18:00+00:00,88.6,88.6,88.34,88.47,9271.861
2026-03-13 00:19:00+00:00,88.48,88.5,88.22,88.26,5910.541
2026-03-13 00:20:00+00:00,88.26,88.61,88.21,88.53,9246.34
2026-03-13 00:21:00+00:00,88.53,89.17,88.51,88.86,21149.583
2026-03-13 00:22:00+00:00,88.87,89.98,88.87,89.75,57328.963
2026-03-13 00:23:00+00:00,89.75,90.48,89.66,90.02,71888.643
2026-03-13 00:24:00+00:00,90.01,90.25,89.94,89.99,35553.276
2026-03-13 00:25:00+00:00,89.99,90.06,89.81,89.9,23842.485
2026-03-13 00:26:00+00:00,89.9,90.0,89.87,89.88,11208.57
2026-03-13 00:27:00+00:00,89.87,89.89,89.54,89.61,16951.413
2026-03-13 00:28:00+00:00,89.61,89.68,89.51,89.57,11256.213
2026-03-13 00:29:00+00:00,89.57,89.76,89.53,89.76,11172.293
2026-03-13 00:30:00+00:00,89.76,90.69,89.76,90.6,39050.974
2026-03-13 00:31:00+00:00,90.61,90.9,90.61,90.7,40077.642
2026-03-13 00:32:00+00:00,90.69,90.8,90.56,90.69,14137.852
2026-03-13 00:33:00+00:00,90.7,91.14,90.59,90.77,43038.842
2026-03-13 00:34:00+00:00,90.76,90.93,90.69,90.84,13090.217
2026-03-13 00:35:00+00:00,90.83,90.99,90.64,90.71,9395.259
2026-03-13 00:36:00+00:00,90.7,90.76,90.42,90.47,8051.183
2026-03-13 00:37:00+00:00,90.47,90.55,90.25,90.34,13068.302
2026-03-13 00:38:00+00:00,90.34,90.45,90.28,90.32,9007.194
2026-03-13 00:39:00+00:00,90.33,90.38,90.27,90.31,7791.525
2026-03-13 00:40:00+00:00,90.31,90.38,90.23,90.34,4996.13
2026-03-13 00:41:00+00:00,90.34,90.41,90.01,90.01,6805.988
2026-03-13 00:42:00+00:00,90.01,90.19,89.94,90.12,18715.892
2026-03-13 00:43:00+00:00,90.12,90.12,89.94,89.97,4060.037
2026-03-13 00:44:00+00:00,89.96,90.0,89.93,89.99,3193.285
2026-03-13 00:45:00+00:00,89.98,90.18,89.98,90.02,11427.214
2026-03-13 00:46:00+00:00,90.01,90.13,89.96,90.0,7164.634
2026-03-13 00:47:00+00:00,90.0,90.01,89.86,90.0,4610.134
2026-03-13 00:48:00+00:00,90.0,90.09,89.97,90.03,5957.883
2026-03-13 00:49:00+00:00,90.04,90.13,89.83,89.88,8447.329
2026-03-13 00:50:00+00:00,89.89,90.16,89.86,90.15,6294.443
2026-03-13 00:51:00+00:00,90.15,90.17,89.98,90.02,7294.46
2026-03-13 00:52:00+00:00,90.01,90.13,89.89,89.9,4293.844
2026-03-13 00:53:00+00:00,89.9,90.02,89.82,90.0,5939.172
2026-03-13 00:54:00+00:00,90.01,90.05,89.65,89.81,6606.78
2026-03-13 00:55:00+00:00,89.8,89.85,89.66,89.82,6926.31
2026-03-13 00:56:00+00:00,89.82,89.89,89.75,89.86,4015.123
2026-03-13 00:57:00+00:00,89.85,89.89,89.63,89.66,7230.206
2026-03-13 00:58:00+00:00,89.67,89.75,89.51,89.65,7729.53
2026-03-13 00:59:00+00:00,89.66,89.8,89.65,89.78,3587.361
2026-03-13 01:00:00+00:00,89.77,90.08,89.77,90.06,9590.204
2026-03-13 01:01:00+00:00,90.06,90.14,90.02,90.13,6147.365
2026-03-13 01:02:00+00:00,90.14,90.19,90.03,90.06,4418.45
2026-03-13 01:03:00+00:00,90.05,90.1,89.92,90.05,6995.685
2026-03-13 01:04:00+00:00,90.05,90.1,89.9,89.9,6172.233
2026-03-13 01:05:00+00:00,89.9,90.08,89.88,90.05,5383.232
2026-03-13 01:06:00+00:00,90.06,90.21,90.05,90.17,6966.202
2026-03-13 01:07:00+00:00,90.16,90.18,90.03,90.12,7031.53
2026-03-13 01:08:00+00:00,90.12,90.14,90.07,90.11,6899.762
2026-03-13 01:09:00+00:00,90.1,90.2,90.09,90.14,4913.736
2026-03-13 01:10:00+00:00,90.14,90.2,90.13,90.2,5332.402
2026-03-13 01:11:00+00:00,90.21,90.22,90.15,90.15,2561.851
2026-03-13 01:12:00+00:00,90.15,90.15,90.01,90.09,3300.226
2026-03-13 01:13:00+00:00,90.09,90.1,89.99,90.03,4413.83
2026-03-13 01:14:00+00:00,90.03,90.04,89.99,89.99,2677.968
2026-03-13 01:15:00+00:00,90.0,90.16,89.93,90.1,6525.307
2026-03-13 01:16:00+00:00,90.1,90.15,90.05,90.15,4760.365
2026-03-13 01:17:00+00:00,90.15,90.3,90.09,90.16,6646.311
2026-03-13 01:18:00+00:00,90.17,90.24,90.14,90.14,4598.434
2026-03-13 01:19:00+00:00,90.14,90.18,89.99,90.09,3808.443
2026-03-13 01:20:00+00:00,90.09,90.25,90.07,90.23,4255.955
2026-03-13 01:21:00+00:00,90.24,90.27,90.07,90.14,4740.375
2026-03-13 01:22:00+00:00,90.14,90.15,89.92,89.92,4234.373
2026-03-13 01:23:00+00:00,89.92,89.99,89.92,89.97,2242.682
2026-03-13 01:24:00+00:00,89.97,89.97,89.87,89.89,5392.8
2026-03-13 01:25:00+00:00,89.9,89.94,89.82,89.87,4197.496
2026-03-13 01:26:00+00:00,89.87,89.93,89.86,89.91,1870.391
2026-03-13 01:27:00+00:00,89.92,90.22,89.92,90.17,12802.951
2026-03-13 01:28:00+00:00,90.18,90.43,90.18,90.41,12759.334
2026-03-13 01:29:00+00:00,90.41,90.41,90.29,90.33,3185.206
2026-03-13 01:30:00+00:00,90.32,90.4,90.28,90.32,3328.016
2026-03-13 01:31:00+00:00,90.32,90.43,90.29,90.42,4425.552
2026-03-13 01:32:00+00:00,90.42,90.5,90.26,90.32,5033.467
2026-03-13 01:33:00+00:00,90.33,90.46,90.3,90.44,2447.489
2026-03-13 01:34:00+00:00,90.44,90.48,90.2,90.2,3548.74
2026-03-13 01:35:00+00:00,90.21,90.25,90.08,90.16,5246.749
2026-03-13 01:36:00+00:00,90.16,90.16,89.98,89.99,9518.581
2026-03-13 01:37:00+00:00,89.99,90.08,89.96,90.03,4653.847
2026-03-13 01:38:00+00:00,90.02,90.03,89.82,89.91,7310.996
2026-03-13 01:39:00+00:00,89.92,90.12,89.91,90.07,5266.445
2026-03-13 01:40:00+00:00,90.08,90.44,90.07,90.42,10459.44
2026-03-13 01:41:00+00:00,90.42,90.48,90.33,90.35,3332.168
2026-03-13 01:42:00+00:00,90.35,90.74,90.25,90.61,9637.098
2026-03-13 01:43:00+00:00,90.61,90.65,90.54,90.59,2285.836
2026-03-13 01:44:00+00:00,90.59,90.66,90.55,90.59,5362.73
2026-03-13 01:45:00+00:00,90.6,90.64,90.53,90.59,3770.913
2026-03-13 01:46:00+00:00,90.6,90.65,90.54,90.57,4009.43
2026-03-13 01:47:00+00:00,90.57,90.57,90.51,90.51,2108.623
2026-03-13 01:48:00+00:00,90.51,90.51,90.4,90.42,2623.487
2026-03-13 01:49:00+00:00,90.41,90.48,90.38,90.47,2228.639
2026-03-13 01:50:00+00:00,90.47,90.56,90.39,90.43,12936.267
2026-03-13 01:51:00+00:00,90.42,90.49,90.41,90.46,1581.952
2026-03-13 01:52:00+00:00,90.46,90.56,90.45,90.51,2010.979
2026-03-13 01:53:00+00:00,90.51,90.54,90.44,90.49,1971.175
2026-03-13 01:54:00+00:00,90.5,90.66,90.49,90.54,2914.344
2026-03-13 01:55:00+00:00,90.54,90.55,90.41,90.47,2718.195
2026-03-13 01:56:00+00:00,90.48,90.48,90.44,90.44,1297.491
2026-03-13 01:57:00+00:00,90.45,90.48,90.42,90.46,1573.097
2026-03-13 01:58:00+00:00,90.46,90.51,90.41,90.44,1296.81
2026-03-13 01:59:00+00:00,90.44,90.5,90.41,90.45,2976.326
2026-03-13 02:00:00+00:00,90.46,90.59,90.34,90.43,4404.495
2026-03-13 02:01:00+00:00,90.42,90.44,90.34,90.38,3363.276
2026-03-13 02:02:00+00:00,90.37,90.43,90.29,90.34,2367.735
2026-03-13 02:03:00+00:00,90.35,90.38,90.27,90.3,2814.197
2026-03-13 02:04:00+00:00,90.29,90.3,90.23,90.23,1647.961
2026-03-13 02:05:00+00:00,90.23,90.26,90.18,90.18,3265.372
2026-03-13 02:06:00+00:00,90.18,90.26,90.18,90.25,2312.237
2026-03-13 02:07:00+00:00,90.25,90.27,90.17,90.19,1375.209
2026-03-13 02:08:00+00:00,90.19,90.25,90.16,90.17,3850.988
2026-03-13 02:09:00+00:00,90.16,90.22,90.12,90.2,3274.945
2026-03-13 02:10:00+00:00,90.2,90.28,90.19,90.23,5943.225
2026-03-13 02:11:00+00:00,90.23,90.35,90.23,90.35,3115.742
2026-03-13 02:12:00+00:00,90.36,90.38,90.23,90.25,1864.658
2026-03-13 02:13:00+00:00,90.26,90.29,90.19,90.23,7956.16
2026-03-13 02:14:00+00:00,90.23,90.24,90.16,90.16,1174.005
2026-03-13 02:15:00+00:00,90.17,90.28,90.16,90.17,7239.484
2026-03-13 02:16:00+00:00,90.16,90.16,90.03,90.04,5570.835
2026-03-13 02:17:00+00:00,90.04,90.05,89.9,90.02,6469.883
2026-03-13 02:18:00+00:00,90.02,90.12,89.99,90.07,5048.553
2026-03-13 02:19:00+00:00,90.06,90.1,89.96,90.1,3380.59
2026-03-13 02:20:00+00:00,90.09,90.11,89.98,90.02,1899.474
2026-03-13 02:21:00+00:00,90.02,90.07,89.98,90.01,4296.044
2026-03-13 02:22:00+00:00,90.0,90.06,89.96,89.97,4062.785
2026-03-13 02:23:00+00:00,89.98,90.02,89.88,89.92,4931.335
2026-03-13 02:24:00+00:00,89.93,89.94,89.89,89.91,783.827
2026-03-13 02:25:00+00:00,89.91,89.95,89.9,89.93,2327.609
2026-03-13 02:26:00+00:00,89.93,89.97,89.92,89.94,2075.593
2026-03-13 02:27:00+00:00,89.94,89.99,89.93,89.95,1889.509
2026-03-13 02:28:00+00:00,89.95,89.96,89.91,89.95,2051.991
2026-03-13 02:29:00+00:00,89.95,89.95,89.89,89.9,1237.525
2026-03-13 02:30:00+00:00,89.9,89.9,89.85,89.88,1356.431
2026-03-13 02:31:00+00:00,89.89,89.91,89.76,89.78,6341.053
2026-03-13 02:32:00+00:00,89.78,89.79,89.72,89.72,1022.136
2026-03-13 02:33:00+00:00,89.72,89.77,89.67,89.72,3139.393
2026-03-13 02:34:00+00:00,89.73,89.74,89.47,89.51,13070.979
2026-03-13 02:35:00+00:00,89.51,89.57,89.48,89.53,2216.074
2026-03-13 02:36:00+00:00,89.54,89.55,89.5,89.54,1547.035
2026-03-13 02:37:00+00:00,89.54,89.61,89.38,89.46,4919.774
2026-03-13 02:38:00+00:00,89.45,89.61,89.42,89.44,5439.078
2026-03-13 02:39:00+00:00,89.44,89.45,89.31,89.33,7270.09
2026-03-13 02:40:00+00:00,89.33,89.36,89.24,89.33,2486.461
2026-03-13 02:41:00+00:00,89.33,89.4,89.32,89.4,1394.473
2026-03-13 02:42:00+00:00,89.4,89.41,89.31,89.31,2129.706
2026-03-13 02:43:00+00:00,89.3,89.33,89.19,89.22,3365.429
2026-03-13 02:44:00+00:00,89.22,89.3,89.22,89.24,4988.42
2026-03-13 02:45:00+00:00,89.24,89.33,89.23,89.26,2879.771
2026-03-13 02:46:00+00:00,89.25,89.29,89.12,89.27,6979.663
2026-03-13 02:47:00+00:00,89.28,89.32,89.24,89.26,5051.714
2026-03-13 02:48:00+00:00,89.26,89.3,89.25,89.26,2289.18
2026-03-13 02:49:00+00:00,89.27,89.35,89.26,89.32,2064.603
2026-03-13 02:50:00+00:00,89.32,89.38,89.28,89.33,4416.145
2026-03-13 02:51:00+00:00,89.33,89.33,89.22,89.25,1382.198
2026-03-13 02:52:00+00:00,89.25,89.25,89.05,89.05,4085.741
2026-03-13 02:53:00+00:00,89.06,89.07,88.96,88.98,2312.783
2026-03-13 02:54:00+00:00,88.97,89.03,88.93,89.01,3946.126
2026-03-13 02:55:00+00:00,89.02,89.03,88.99,89.01,1012.097
2026-03-13 02:56:00+00:00,89.01,89.05,89.0,89.04,1398.25
2026-03-13 02:57:00+00:00,89.04,89.13,89.03,89.03,1058.667
2026-03-13 02:58:00+00:00,89.03,89.11,89.02,89.08,1265.107
2026-03-13 02:59:00+00:00,89.07,89.1,89.07,89.09,862.682
2026-03-13 03:00:00+00:00,89.08,89.24,89.08,89.14,3967.95
2026-03-13 03:01:00+00:00,89.14,89.17,89.08,89.16,945.083
2026-03-13 03:02:00+00:00,89.16,89.28,89.12,89.24,4386.862
2026-03-13 03:03:00+00:00,89.24,89.35,89.19,89.24,5875.376
2026-03-13 03:04:00+00:00,89.23,89.35,89.18,89.19,4859.665
2026-03-13 03:05:00+00:00,89.18,89.32,89.18,89.31,3221.305
2026-03-13 03:06:00+00:00,89.31,89.36,89.27,89.34,2936.153
2026-03-13 03:07:00+00:00,89.34,89.4,89.31,89.39,1384.326
2026-03-13 03:08:00+00:00,89.38,89.52,89.37,89.47,5988.523
2026-03-13 03:09:00+00:00,89.46,89.49,89.42,89.43,1048.971
2026-03-13 03:10:00+00:00,89.42,89.45,89.28,89.35,1311.391
2026-03-13 03:11:00+00:00,89.34,89.36,89.3,89.34,1242.481
2026-03-13 03:12:00+00:00,89.33,89.35,89.3,89.31,687.932
2026-03-13 03:13:00+00:00,89.31,89.37,89.31,89.34,1332.274
2026-03-13 03:14:00+00:00,89.34,89.34,89.26,89.28,521.899
2026-03-13 03:15:00+00:00,89.28,89.31,89.26,89.29,1168.164
2026-03-13 03:16:00+00:00,89.28,89.32,89.24,89.31,603.421
2026-03-13 03:17:00+00:00,89.32,89.42,89.32,89.39,697.886
2026-03-13 03:18:00+00:00,89.39,89.46,89.39,89.44,660.775
2026-03-13 03:19:00+00:00,89.44,89.54,89.44,89.53,779.682
2026-03-13 03:20:00+00:00,89.54,89.55,89.44,89.53,2095.366
2026-03-13 03:21:00+00:00,89.54,89.57,89.49,89.53,2407.012
2026-03-13 03:22:00+00:00,89.52,89.54,89.48,89.49,969.827
2026-03-13 03:23:00+00:00,89.48,89.54,89.48,89.54,548.083
2026-03-13 03:24:00+00:00,89.54,89.62,89.54,89.59,4539.237
2026-03-13 03:25:00+00:00,89.59,89.61,89.51,89.53,1950.899
2026-03-13 03:26:00+00:00,89.52,89.52,89.39,89.42,3605.307
2026-03-13 03:27:00+00:00,89.43,89.45,89.31,89.32,1555.815
2026-03-13 03:28:00+00:00,89.32,89.34,89.22,89.25,1098.059
2026-03-13 03:29:00+00:00,89.26,89.26,89.16,89.17,1394.827
2026-03-13 03:30:00+00:00,89.17,89.17,89.04,89.07,3485.075
2026-03-13 03:31:00+00:00,89.08,89.08,88.89,89.04,4293.603
2026-03-13 03:32:00+00:00,89.04,89.19,88.99,89.17,1486.902
2026-03-13 03:33:00+00:00,89.16,89.32,89.16,89.32,2440.619
2026-03-13 03:34:00+00:00,89.33,89.44,89.29,89.34,1713.398
2026-03-13 03:35:00+00:00,89.34,89.37,89.28,89.28,932.648
2026-03-13 03:36:00+00:00,89.29,89.32,89.17,89.17,630.447
2026-03-13 03:37:00+00:00,89.17,89.18,89.13,89.17,451.687
2026-03-13 03:38:00+00:00,89.18,89.19,89.13,89.18,1188.322
2026-03-13 03:39:00+00:00,89.19,89.19,89.11,89.12,1037.015
2026-03-13 03:40:00+00:00,89.13,89.2,89.09,89.2,1172.275
2026-03-13 03:41:00+00:00,89.2,89.24,89.19,89.23,535.158
2026-03-13 03:42:00+00:00,89.23,89.25,89.2,89.25,443.063
2026-03-13 03:43:00+00:00,89.24,89.33,89.24,89.32,1171.957
2026-03-13 03:44:00+00:00,89.31,89.32,89.28,89.28,1755.56
2026-03-13 03:45:00+00:00,89.28,89.39,89.25,89.37,1213.94
2026-03-13 03:46:00+00:00,89.37,89.4,89.33,89.36,2699.424
2026-03-13 03:47:00+00:00,89.36,89.5,89.35,89.46,4877.829
2026-03-13 03:48:00+00:00,89.47,89.5,89.41,89.41,1076.964
2026-03-13 03:49:00+00:00,89.41,89.49,89.37,89.38,1888.585
2026-03-13 03:50:00+00:00,89.39,89.5,89.38,89.46,3952.749
2026-03-13 03:51:00+00:00,89.45,89.46,89.4,89.46,1412.678
2026-03-13 03:52:00+00:00,89.46,89.51,89.43,89.49,399.653
2026-03-13 03:53:00+00:00,89.48,89.61,89.48,89.55,3908.087
2026-03-13 03:54:00+00:00,89.55,89.82,89.53,89.8,9339.376
2026-03-13 03:55:00+00:00,89.8,89.95,89.78,89.9,9903.93
2026-03-13 03:56:00+00:00,89.89,89.98,89.7,89.7,8817.234
2026-03-13 03:57:00+00:00,89.7,89.73,89.66,89.73,3068.767
2026-03-13 03:58:00+00:00,89.73,89.77,89.71,89.76,1046.44
2026-03-13 03:59:00+00:00,89.76,89.76,89.69,89.69,1596.103
2026-03-13 04:00:00+00:00,89.7,89.74,89.67,89.69,965.901
2026-03-13 04:01:00+00:00,89.68,89.74,89.68,89.73,1101.889
2026-03-13 04:02:00+00:00,89.74,89.74,89.65,89.68,1629.017
2026-03-13 04:03:00+00:00,89.68,89.71,89.65,89.68,530.098
2026-03-13 04:04:00+00:00,89.68,89.71,89.64,89.64,695.25
2026-03-13 04:05:00+00:00,89.65,89.65,89.58,89.6,1534.532
2026-03-13 04:06:00+00:00,89.6,89.67,89.6,89.63,1191.744
2026-03-13 04:07:00+00:00,89.63,89.68,89.57,89.64,1836.529
2026-03-13 04:08:00+00:00,89.64,89.67,89.59,89.67,2943.422
2026-03-13 04:09:00+00:00,89.68,89.68,89.56,89.64,1564.002
2026-03-13 04:10:00+00:00,89.63,89.68,89.62,89.68,1123.149
2026-03-13 04:11:00+00:00,89.67,89.67,89.53,89.58,1744.931
2026-03-13 04:12:00+00:00,89.58,89.59,89.53,89.56,1654.248
2026-03-13 04:13:00+00:00,89.56,89.56,89.41,89.41,2077.278
2026-03-13 04:14:00+00:00,89.41,89.45,89.4,89.44,1516.839
2026-03-13 04:15:00+00:00,89.45,89.45,89.35,89.37,654.004
2026-03-13 04:16:00+00:00,89.37,89.49,89.32,89.45,2262.417
2026-03-13 04:17:00+00:00,89.45,89.46,89.42,89.43,478.562
2026-03-13 04:18:00+00:00,89.43,89.48,89.41,89.41,500.217
2026-03-13 04:19:00+00:00,89.4,89.46,89.4,89.45,1129.307
2026-03-13 04:20:00+00:00,89.45,89.5,89.43,89.43,387.792
2026-03-13 04:21:00+00:00,89.43,89.44,89.38,89.39,447.202
2026-03-13 04:22:00+00:00,89.39,89.39,89.3,89.31,929.631
2026-03-13 04:23:00+00:00,89.31,89.33,89.25,89.29,3350.591
2026-03-13 04:24:00+00:00,89.29,89.38,89.28,89.38,1226.275
2026-03-13 04:25:00+00:00,89.37,89.37,89.24,89.27,4154.501
2026-03-13 04:26:00+00:00,89.27,89.32,89.26,89.28,852.199
2026-03-13 04:27:00+00:00,89.28,89.29,89.28,89.29,205.328
2026-03-13 04:28:00+00:00,89.29,89.29,89.21,89.23,1357.718
2026-03-13 04:29:00+00:00,89.23,89.32,89.23,89.26,2760.643
2026-03-13 04:30:00+00:00,89.26,89.32,89.23,89.24,1413.405
2026-03-13 04:31:00+00:00,89.24,89.34,89.19,89.33,1508.613
2026-03-13 04:32:00+00:00,89.33,89.33,89.27,89.32,456.714
2026-03-13 04:33:00+00:00,89.32,89.4,89.32,89.34,662.928
2026-03-13 04:34:00+00:00,89.34,89.34,89.22,89.22,1777.599
2026-03-13 04:35:00+00:00,89.23,89.35,89.22,89.28,1583.282
2026-03-13 04:36:00+00:00,89.27,89.3,89.27,89.29,660.452
2026-03-13 04:37:00+00:00,89.3,89.35,89.28,89.34,941.984
2026-03-13 04:38:00+00:00,89.35,89.37,89.3,89.31,2976.93
2026-03-13 04:39:00+00:00,89.32,89.38,89.31,89.36,517.558
2026-03-13 04:40:00+00:00,89.37,89.38,89.35,89.36,406.408
2026-03-13 04:41:00+00:00,89.36,89.45,89.35,89.4,1685.217
2026-03-13 04:42:00+00:00,89.4,89.41,89.36,89.36,173.824
2026-03-13 04:43:00+00:00,89.37,89.45,89.37,89.43,2012.252
